soc_code,occupation_title,job_zone,job_zone_norm,num_essential_skills,essential_skills_im_mean,essential_skills_im_max,essential_skills_lv_mean,essential_skills_lv_max,essential_skills_im_mean_norm,essential_skills_lv_mean_norm,num_transferable_skills,transferable_skills_im_mean,transferable_skills_im_max,transferable_skills_lv_mean,transferable_skills_lv_max,transferable_skills_im_mean_norm,transferable_skills_lv_mean_norm,num_software_skills,num_hot_technologies,num_in_demand_software,num_knowledge_domains,knowledge_im_mean,knowledge_lv_mean,knowledge_im_mean_norm,knowledge_lv_mean_norm,num_abilities,abilities_im_mean,abilities_lv_mean,abilities_im_mean_norm,abilities_lv_mean_norm,num_work_activities,work_activities_im_mean,work_activities_lv_mean,work_activities_im_mean_norm,work_activities_lv_mean_norm,num_task_statements,task_im_mean,task_im_mean_norm,top_education_category,top_education_percentage,top_education_percentage_norm,num_related_occupations
11-1011.00,Chief Executives,5.0,1.0,10,3.661,4.38,4.1,5.25,0.66525,0.5857142857142856,25,2.9995999999999996,4.75,3.0712,5.38,0.4998999999999999,0.43874285714285716,48,16,4,33,2.8239393939393937,2.9815151515151515,0.45598484848484844,0.42593073593073594,52,2.404230769230769,2.1567307692307693,0.35105769230769224,0.3081043956043956,41,3.7829268292682925,4.241463414634146,0.6957317073170731,0.6059233449477351,31,3.950967741935484,0.737741935483871,8.0,45.91,0.45909999999999995,20
11-1011.03,Chief Sustainability Officers,5.0,1.0,10,3.6119999999999997,4.12,3.7369999999999997,4.25,0.6529999999999999,0.5338571428571428,25,2.6415999999999995,4.0,2.4548,4.12,0.4103999999999999,0.3506857142857143,21,14,4,33,2.7715151515151515,3.1993939393939392,0.44287878787878787,0.45705627705627705,52,2.2046153846153844,1.833846153846154,0.3011538461538461,0.261978021978022,41,3.5226829268292685,4.131463414634146,0.6306707317073171,0.5902090592334494,18,3.757222222222222,0.6893055555555555,8.0,74.07,0.7406999999999999,20
11-1021.00,General and Operations Managers,4.0,0.75,10,3.412,4.0,3.436,4.12,0.603,0.4908571428571428,25,2.6292,3.88,2.4396,4.0,0.4073,0.3485142857142857,141,49,3,33,2.421818181818182,2.3784848484848484,0.35545454545454547,0.3397835497835498,52,2.271730769230769,1.853076923076923,0.3179326923076923,0.26472527472527474,41,3.489756097560976,3.6302439024390245,0.622439024390244,0.5186062717770035,17,3.6958823529411764,0.6739705882352941,2.0,28.76,0.2876,20
11-1031.00,Legislators,4.0,0.75,0,0.0,,0.0,,0.0,0.0,0,0.0,,0.0,,0.0,0.0,32,11,0,0,0.0,0.0,0.0,0.0,0,0.0,0.0,0.0,0.0,0,0.0,0.0,0.0,0.0,30,0.0,0.0,Unspecified,0.0,0.0,20
11-2011.00,Advertising and Promotions Managers,4.0,0.75,10,3.3880000000000003,4.12,3.522,4.12,0.5970000000000001,0.5031428571428571,25,2.526,3.88,2.3352,4.25,0.38149999999999995,0.3336,72,27,3,33,2.5745454545454542,2.4393939393939394,0.39363636363636356,0.3484848484848485,52,2.271730769230769,1.8488461538461538,0.3179326923076923,0.2641208791208791,41,3.1985365853658534,3.3978048780487806,0.5496341463414633,0.4854006968641115,30,3.7666666666666666,0.6916666666666667,6.0,72.87,0.7287,20
11-2021.00,Marketing Managers,4.0,0.75,10,3.489,4.12,3.6350000000000002,4.12,0.62225,0.5192857142857144,25,2.6115999999999997,3.88,2.3952,4.25,0.4028999999999999,0.34217142857142857,154,68,6,33,2.4145454545454546,2.384242424242424,0.35363636363636364,0.3406060606060605,52,2.2842307692307693,1.8603846153846153,0.3210576923076923,0.26576923076923076,41,3.3526829268292686,4.082195121951219,0.5881707317073172,0.583170731707317,20,3.4185000000000003,0.6046250000000001,6.0,80.08,0.8008,20
11-2022.00,Sales Managers,4.0,0.75,10,3.475,4.0,3.586,4.62,0.61875,0.5122857142857142,25,2.6848,4.0,2.4504,4.0,0.4212,0.3500571428571429,103,39,5,33,2.2430303030303027,2.242424242424242,0.3107575757575757,0.3203463203463203,52,2.1951923076923077,1.761923076923077,0.2987980769230769,0.2517032967032967,41,3.4736585365853654,3.933658536585366,0.6184146341463413,0.5619512195121951,17,3.7294117647058824,0.6823529411764706,6.0,71.43,0.7143,20
11-2032.00,Public Relations Managers,4.0,0.75,10,3.399,4.25,3.287,4.12,0.59975,0.4695714285714286,25,2.5196,4.0,2.2096,4.0,0.3799,0.31565714285714286,65,29,4,33,2.337272727272727,2.5551515151515147,0.33431818181818174,0.36502164502164497,52,2.228076923076923,1.7715384615384617,0.30701923076923077,0.2530769230769231,41,3.3804878048780487,4.128536585365854,0.5951219512195122,0.5897909407665506,20,3.9165,0.729125,6.0,83.33,0.8332999999999999,20
11-2033.00,Fundraising Managers,4.0,0.75,10,3.3369999999999997,4.12,3.289,4.0,0.5842499999999999,0.46985714285714286,25,2.4744,4.0,2.0907999999999998,4.12,0.36860000000000004,0.2986857142857143,60,24,7,33,2.233030303030303,2.0636363636363635,0.30825757575757573,0.2948051948051948,52,2.173076923076923,1.7111538461538462,0.2932692307692307,0.24445054945054948,41,3.028536585365854,3.158536585365854,0.5071341463414635,0.45121951219512196,16,3.741875,0.68546875,6.0,65.49,0.6548999999999999,20
11-3012.00,Administrative Services Managers,3.0,0.5,10,3.213,4.0,3.1879999999999997,4.0,0.55325,0.4554285714285714,25,2.5252,4.0,2.2788,4.0,0.3813,0.32554285714285713,56,22,5,33,2.397575757575758,2.2866666666666666,0.3493939393939395,0.32666666666666666,52,2.376153846153846,2.0278846153846155,0.3440384615384615,0.2896978021978022,41,3.5056097560975608,3.863414634146342,0.6264024390243902,0.5519163763066203,18,3.655,0.66375,2.0,33.56,0.3356,20
11-3013.00,Facilities Managers,3.0,0.5,10,3.25,3.88,3.2630000000000003,3.88,0.5625,0.4661428571428572,25,2.7348000000000003,3.62,2.6608,3.75,0.4337000000000001,0.38011428571428574,49,20,5,33,2.752727272727273,2.871212121212121,0.43818181818181823,0.41017316017316013,52,2.5813461538461535,2.4951923076923075,0.3953365384615384,0.3564560439560439,41,3.7507317073170734,4.158048780487805,0.6876829268292683,0.594006968641115,11,3.921818181818182,0.7304545454545455,5.0,57.34,0.5734,20
11-3013.01,Security Managers,4.0,0.75,10,3.5119999999999996,4.25,3.45,4.62,0.6279999999999999,0.4928571428571429,25,2.8404000000000003,4.12,2.5592,4.12,0.46010000000000006,0.36560000000000004,32,13,5,33,2.733030303030303,3.2624242424242422,0.43325757575757573,0.466060606060606,52,2.816923076923077,2.6319230769230773,0.4542307692307692,0.37598901098901105,41,3.75,4.575853658536586,0.6875,0.6536933797909408,28,3.986785714285714,0.7466964285714285,6.0,70.0,0.7,20
11-3021.00,Computer and Information Systems Managers,4.0,0.75,10,3.5130000000000003,4.12,3.614,4.38,0.6282500000000001,0.5162857142857142,25,2.8548,3.88,2.8704,3.88,0.4637,0.41005714285714284,177,59,3,33,2.162121212121212,2.1012121212121215,0.290530303030303,0.3001731601731602,52,2.319423076923077,1.9542307692307692,0.3298557692307692,0.27917582417582415,41,3.3743902439024387,4.078536585365853,0.5935975609756097,0.5826480836236934,17,3.84,0.71,6.0,47.68,0.4768,20
11-3031.00,Financial Managers,4.0,0.75,10,3.475,4.0,3.6119999999999997,4.38,0.61875,0.5159999999999999,25,2.474,3.62,2.2852,4.0,0.36850000000000005,0.3264571428571429,64,30,5,33,2.2227272727272727,2.152121212121212,0.30568181818181817,0.3074458874458874,52,2.228269230769231,1.8401923076923077,0.3070673076923077,0.2628846153846154,41,3.20390243902439,3.3978048780487806,0.5509756097560975,0.4854006968641115,17,3.904705882352941,0.7261764705882352,6.0,56.31,0.5631,20
11-3031.01,Treasurers and Controllers,4.0,0.75,10,3.5380000000000003,4.0,3.839,4.88,0.6345000000000001,0.5484285714285714,25,2.4648,4.25,2.3604,5.25,0.36619999999999997,0.3372,50,14,5,33,1.9800000000000002,1.9269696969696968,0.24500000000000005,0.27528138528138524,52,2.1969230769230768,1.8340384615384617,0.2992307692307692,0.26200549450549454,41,3.0439024390243903,3.5943902439024393,0.5109756097560976,0.5134843205574914,22,3.777272727272727,0.6943181818181817,6.0,48.0,0.48,20
11-3031.03,Investment Fund Managers,5.0,1.0,10,3.401,4.0,3.499,4.25,0.60025,0.4998571428571429,25,2.3407999999999998,3.88,2.1504,4.25,0.33519999999999994,0.3072,24,13,3,33,2.093030303030303,2.067878787878788,0.2732575757575757,0.2954112554112554,52,2.243076923076923,1.8611538461538462,0.3107692307692308,0.26587912087912086,41,2.9607317073170734,3.3273170731707316,0.49018292682926834,0.47533101045296167,20,4.047,0.7617499999999999,8.0,63.33,0.6333,20
11-3051.00,Industrial Production Managers,4.0,0.75,10,3.5509999999999997,4.0,3.775,4.88,0.6377499999999999,0.5392857142857143,25,2.9492000000000003,4.0,3.07,4.38,0.48730000000000007,0.43857142857142856,58,14,5,33,2.460606060606061,2.482121212121212,0.3651515151515152,0.35458874458874456,52,2.6107692307692307,2.4619230769230773,0.4026923076923077,0.35170329670329675,41,3.490731707317073,3.7721951219512193,0.6226829268292683,0.5388850174216028,21,3.6976923076923076,0.6744230769230769,2.0,29.42,0.2942,20
11-3051.01,Quality Control Systems Managers,4.0,0.75,10,3.5380000000000003,4.0,3.7980000000000005,4.5,0.6345000000000001,0.5425714285714286,25,2.9252,4.0,2.9392,4.12,0.48129999999999995,0.4198857142857143,51,17,4,33,2.5766666666666667,2.685151515151515,0.39416666666666667,0.3835930735930736,52,2.463846153846154,2.223653846153846,0.36596153846153845,0.3176648351648352,41,3.6131707317073167,4.084634146341464,0.6532926829268292,0.5835191637630662,27,3.8985185185185185,0.7246296296296296,6.0,100.0,1.0,20
11-3051.02,Geothermal Production Managers,3.0,0.5,10,3.526,4.0,3.6759999999999997,4.38,0.6315,0.5251428571428571,25,2.9348,3.75,3.0452,3.88,0.4837,0.43502857142857143,8,5,0,33,2.9054545454545453,3.2975757575757574,0.4763636363636363,0.47108225108225105,52,2.556730769230769,2.3771153846153847,0.3891826923076922,0.3395879120879121,41,3.6453658536585367,4.222439024390244,0.6613414634146342,0.6032055749128921,17,3.9629411764705886,0.7407352941176472,4.0,47.61,0.47609999999999997,20
11-3051.03,Biofuels Production Managers,4.0,0.75,10,3.501,3.88,3.7009999999999996,4.0,0.62525,0.5287142857142857,25,2.7144,3.88,2.7048,4.0,0.4286,0.3864,13,7,0,33,2.7206060606060607,3.078181818181818,0.4301515151515152,0.4397402597402597,52,2.5955769230769232,2.4492307692307693,0.3988942307692308,0.3498901098901099,41,3.3431707317073167,3.949024390243902,0.5857926829268292,0.5641463414634146,14,4.057142857142857,0.7642857142857142,6.0,45.44,0.45439999999999997,20
11-3051.04,Biomass Power Plant Managers,4.0,0.75,10,3.438,4.0,3.675,4.62,0.6095,0.525,25,2.8736,3.75,2.9848000000000003,4.12,0.46840000000000004,0.42640000000000006,9,5,0,33,2.746363636363636,3.048787878787879,0.43659090909090903,0.43554112554112556,52,2.602307692307692,2.4703846153846154,0.40057692307692305,0.3529120879120879,41,3.5409756097560976,4.148292682926829,0.6352439024390244,0.5926132404181185,19,3.856842105263158,0.7142105263157895,6.0,61.49,0.6149,20
11-3051.06,Hydroelectric Production Managers,3.0,0.5,10,3.6990000000000003,4.12,3.7990000000000004,4.12,0.6747500000000001,0.5427142857142858,25,3.0060000000000002,3.88,3.0463999999999998,3.88,0.5015000000000001,0.4352,18,11,0,33,2.68030303030303,2.932424242424242,0.42007575757575755,0.41891774891774886,52,2.6628846153846153,2.584807692307692,0.4157211538461538,0.36925824175824173,41,3.567073170731707,4.220487804878049,0.6417682926829268,0.6029268292682927,18,3.967777777777778,0.7419444444444445,3.0,28.95,0.2895,20
11-3061.00,Purchasing Managers,4.0,0.75,10,3.376,4.0,3.4619999999999997,4.0,0.594,0.49457142857142855,25,2.7104000000000004,4.0,2.5608,4.12,0.4276000000000001,0.36582857142857145,34,12,6,33,2.4860606060606063,2.490909090909091,0.3715151515151516,0.3558441558441559,52,2.1921153846153847,1.7786538461538461,0.29802884615384617,0.25409340659340657,41,3.434146341463415,3.754390243902439,0.6085365853658538,0.5363414634146342,18,4.051666666666667,0.7629166666666667,6.0,52.63,0.5263,20
11-3071.00,"Transportation, Storage, and Distribution Managers",4.0,0.75,10,3.312,3.88,3.2119999999999997,3.88,0.578,0.4588571428571428,25,2.6788,3.75,2.4136,3.88,0.41969999999999996,0.34480000000000005,103,14,5,33,2.6445454545454545,2.9106060606060606,0.41113636363636363,0.4158008658008658,52,2.4034615384615385,1.9959615384615386,0.35086538461538463,0.28513736263736267,41,3.433170731707317,3.9404878048780487,0.6082926829268293,0.5629268292682926,30,3.914615384615385,0.7286538461538462,Unspecified,0.0,0.0,20
11-3071.04,Supply Chain Managers,4.0,0.75,10,3.463,4.0,3.45,4.12,0.61575,0.4928571428571429,25,2.7144,4.0,2.436,4.0,0.4286,0.348,59,14,7,33,2.520606060606061,2.7772727272727273,0.38015151515151524,0.39675324675324675,52,2.220769230769231,1.7528846153846156,0.30519230769230776,0.25041208791208797,41,3.3982926829268294,4.051951219512195,0.5995731707317074,0.5788501742160278,30,3.627666666666667,0.6569166666666667,6.0,66.67,0.6667000000000001,20
11-3111.00,Compensation and Benefits Managers,4.0,0.75,10,3.401,4.0,3.434,4.12,0.60025,0.4905714285714286,25,2.3996,3.88,2.1556,4.0,0.3499,0.3079428571428572,85,17,5,33,2.0521212121212122,1.9793939393939393,0.26303030303030306,0.28277056277056273,52,2.0521153846153846,1.5186538461538461,0.26302884615384614,0.21695054945054945,41,3.1034146341463416,3.5060975609756095,0.5258536585365854,0.5008710801393728,22,3.875,0.71875,6.0,76.19,0.7619,20
11-3121.00,Human Resources Managers,4.0,0.75,10,3.725,4.38,3.649,4.38,0.68125,0.5212857142857142,25,2.7152,4.25,2.43,4.75,0.42879999999999996,0.34714285714285714,102,15,7,33,2.4451515151515153,2.5372727272727276,0.3612878787878788,0.3624675324675325,52,2.290576923076923,1.8165384615384617,0.32264423076923077,0.25950549450549454,41,3.520731707317073,4.169756097560976,0.6301829268292682,0.5956794425087109,26,3.7569230769230773,0.6892307692307693,6.0,81.82,0.8181999999999999,20
11-3131.00,Training and Development Managers,4.0,0.75,10,3.589,4.25,3.7380000000000004,5.25,0.64725,0.534,25,2.6044,4.0,2.4108,4.75,0.4011,0.3444,96,15,5,33,2.1333333333333333,1.9860606060606063,0.2833333333333333,0.28372294372294377,52,2.2334615384615386,1.8515384615384616,0.30836538461538465,0.2645054945054945,41,3.4290243902439026,3.927073170731707,0.6072560975609756,0.5610104529616724,12,3.9616666666666664,0.7404166666666666,6.0,71.43,0.7143,20
11-9013.00,"Farmers, Ranchers, and Other Agricultural Managers",4.0,0.75,10,3.3519999999999994,3.88,3.6109999999999998,4.25,0.5879999999999999,0.5158571428571428,25,2.8056,3.62,2.8592,3.75,0.4514,0.40845714285714285,76,11,2,33,2.7115151515151514,3.0327272727272727,0.42787878787878786,0.43324675324675327,52,2.829423076923077,2.8436538461538463,0.45735576923076926,0.40623626373626376,41,3.5026829268292685,3.8653658536585365,0.6256707317073171,0.5521951219512194,30,3.8590000000000004,0.7147500000000001,Unspecified,0.0,0.0,20
11-9021.00,Construction Managers,4.0,0.75,10,3.601,4.0,3.838,4.5,0.65025,0.5482857142857143,25,2.9384,4.12,2.9160000000000004,4.5,0.48460000000000003,0.41657142857142865,61,20,6,33,2.9936363636363637,3.425757575757576,0.4984090909090909,0.4893939393939394,52,2.725769230769231,2.501730769230769,0.43144230769230774,0.3573901098901099,41,3.722439024390244,4.311951219512195,0.680609756097561,0.615993031358885,25,3.8592,0.7148,6.0,40.0,0.4,20
11-9031.00,"Education and Childcare Administrators, Preschool and Daycare",4.0,0.75,10,3.6149999999999998,4.0,3.5759999999999996,4.25,0.6537499999999999,0.5108571428571428,25,2.6952,4.0,2.3756,4.0,0.42379999999999995,0.33937142857142855,34,6,1,33,2.639393939393939,2.894848484848485,0.4098484848484848,0.41354978354978356,52,2.418653846153846,2.021346153846154,0.3546634615384615,0.28876373626373625,41,3.6290243902439023,4.250975609756098,0.6572560975609756,0.6072822299651568,17,4.22,0.8049999999999999,6.0,43.75,0.4375,20
11-9032.00,"Education Administrators, Kindergarten through Secondary",5.0,1.0,10,4.15,4.88,4.175,5.0,0.7875000000000001,0.5964285714285714,25,2.9112,4.75,2.7804,4.75,0.4778,0.39720000000000005,57,11,3,33,2.5060606060606063,2.584848484848485,0.3765151515151516,0.3692640692640693,52,2.3776923076923078,1.9826923076923075,0.34442307692307694,0.28324175824175823,41,3.6648780487804875,4.206829268292683,0.6662195121951219,0.6009756097560975,32,3.75875,0.6896875,8.0,62.27,0.6227,20
11-9033.00,"Education Administrators, Postsecondary",5.0,1.0,10,3.625,4.12,3.749,4.62,0.65625,0.5355714285714286,25,2.5648,4.0,2.3004,4.0,0.3912,0.3286285714285714,59,16,5,33,2.4033333333333333,2.466666666666667,0.35083333333333333,0.3523809523809524,52,2.2375,1.7978846153846153,0.30937499999999996,0.2568406593406593,41,3.3075609756097557,3.8153658536585366,0.5768902439024389,0.5450522648083623,27,3.6974074074074075,0.6743518518518519,8.0,47.94,0.4794,20
11-9039.00,"Education Administrators, All Other",3.0,0.5,0,0.0,,0.0,,0.0,0.0,0,0.0,,0.0,,0.0,0.0,0,0,0,0,0.0,0.0,0.0,0.0,0,0.0,0.0,0.0,0.0,0,0.0,0.0,0.0,0.0,0,0.0,0.0,Unspecified,0.0,0.0,0
11-9041.00,Architectural and Engineering Managers,5.0,1.0,10,3.7380000000000004,4.12,3.875,4.38,0.6845000000000001,0.5535714285714286,25,2.6456,4.0,2.6388,4.25,0.4114,0.37697142857142857,127,71,4,33,2.6715151515151514,3.013030303030303,0.41787878787878785,0.43043290043290044,52,2.3873076923076924,2.1678846153846156,0.3468269230769231,0.30969780219780224,41,3.481707317073171,4.149268292682927,0.6204268292682927,0.5927526132404182,19,3.346315789473684,0.586578947368421,6.0,45.52,0.45520000000000005,20
11-9041.01,Biofuels/Biodiesel Technology and Product Development Managers,4.0,0.75,10,3.3600000000000003,3.62,3.6369999999999996,4.25,0.5900000000000001,0.5195714285714285,25,2.6544,3.62,2.5816,3.88,0.41359999999999997,0.36879999999999996,31,18,0,33,2.3678787878787877,2.4293939393939397,0.3419696969696969,0.3470562770562771,52,2.558653846153846,2.401153846153846,0.38966346153846154,0.343021978021978,41,3.473170731707317,4.2629268292682925,0.6182926829268293,0.6089895470383275,18,3.548888888888889,0.6372222222222222,6.0,55.44,0.5544,20
11-9051.00,Food Service Managers,2.0,0.25,10,3.275,3.88,3.25,4.0,0.56875,0.4642857142857143,25,2.6848,3.88,2.4456,3.88,0.4212,0.3493714285714286,37,9,1,33,2.3687878787878787,2.232121212121212,0.34219696969696967,0.31887445887445887,52,2.4334615384615383,2.1736538461538464,0.3583653846153846,0.31052197802197806,41,3.5421951219512193,3.194390243902439,0.6355487804878048,0.45634146341463416,28,4.173928571428571,0.7934821428571428,2.0,29.66,0.2966,20
11-9071.00,Gambling Managers,2.0,0.25,10,3.412,4.0,3.4130000000000003,4.0,0.603,0.4875714285714286,25,2.6192,4.0,2.294,4.12,0.40480000000000005,0.32771428571428574,8,5,3,33,2.4536363636363636,2.39030303030303,0.3634090909090909,0.3414718614718614,52,2.430769230769231,2.0746153846153845,0.35769230769230775,0.29637362637362635,41,3.311219512195122,3.4226829268292684,0.5778048780487804,0.48895470383275264,19,4.254736842105263,0.8136842105263158,2.0,56.51,0.5650999999999999,20
11-9072.00,"Entertainment and Recreation Managers, Except Gambling",4.0,0.75,10,3.251,3.88,3.3009999999999997,4.0,0.56275,0.47157142857142853,25,2.51,3.88,2.214,4.0,0.37749999999999995,0.3162857142857143,64,31,2,33,2.608787878787879,2.533333333333333,0.4021969696969697,0.3619047619047619,52,2.3003846153846155,1.869423076923077,0.32509615384615387,0.26706043956043957,41,3.5178048780487803,3.9041463414634143,0.6294512195121951,0.5577351916376306,17,3.9776470588235298,0.7444117647058824,6.0,56.48,0.5648,20
11-9081.00,Lodging Managers,4.0,0.75,10,3.4130000000000003,4.12,3.3890000000000002,4.0,0.6032500000000001,0.48414285714285715,25,2.8160000000000003,4.12,2.6052,4.12,0.45400000000000007,0.37217142857142854,27,7,4,33,2.9439393939393943,2.730909090909091,0.4859848484848486,0.39012987012987016,52,2.6076923076923078,2.3032692307692306,0.40192307692307694,0.3290384615384615,41,3.5224390243902435,3.7748780487804883,0.6306097560975609,0.5392682926829269,24,4.142083333333333,0.7855208333333332,6.0,71.6,0.716,20
11-9111.00,Medical and Health Services Managers,4.0,0.75,10,3.662,4.12,3.774,4.12,0.6655,0.5391428571428571,25,2.86,4.0,2.5547999999999997,4.12,0.46499999999999997,0.36497142857142856,126,40,4,33,2.644848484848485,2.8257575757575757,0.41121212121212125,0.4036796536796537,52,2.2478846153846153,1.848076923076923,0.3119711538461538,0.264010989010989,41,3.680731707317073,4.254146341463415,0.6701829268292683,0.6077351916376308,18,3.9766666666666666,0.7441666666666666,6.0,46.43,0.4643,20
11-9121.00,Natural Sciences Managers,5.0,1.0,10,3.8,4.12,4.5009999999999994,5.0,0.7,0.6429999999999999,25,2.6192,3.88,2.7348000000000003,4.62,0.40480000000000005,0.39068571428571436,28,19,3,33,2.358181818181818,2.4872727272727273,0.3395454545454545,0.3553246753246753,52,2.3871153846153845,2.180576923076923,0.34677884615384613,0.311510989010989,41,3.683658536585366,4.127073170731707,0.6709146341463414,0.589581881533101,16,3.795,0.69875,6.0,35.07,0.3507,20
11-9121.01,Clinical Research Coordinators,4.0,0.75,10,3.563,4.0,3.7380000000000004,4.25,0.64075,0.534,25,2.3844,3.88,2.1044,4.12,0.34609999999999996,0.3006285714285714,44,12,4,33,2.246363636363636,1.9866666666666668,0.31159090909090903,0.28380952380952384,52,2.2309615384615387,1.7959615384615384,0.30774038461538467,0.25656593406593403,41,3.100487804878049,3.3873170731707316,0.5251219512195122,0.48390243902439023,33,3.9381818181818184,0.7345454545454546,6.0,60.13,0.6013000000000001,20
11-9121.02,Water Resource Specialists,4.0,0.75,10,3.5869999999999997,4.0,3.787,4.12,0.6467499999999999,0.541,25,2.59,3.88,2.5347999999999997,4.12,0.39749999999999996,0.36211428571428567,34,8,4,33,2.5566666666666666,3.111515151515152,0.38916666666666666,0.44450216450216457,52,2.264615384615385,1.9130769230769231,0.31615384615384623,0.2732967032967033,41,3.27,4.208780487804878,0.5675,0.6012543554006969,21,3.505714285714286,0.6264285714285714,6.0,50.0,0.5,20
11-9131.00,Postmasters and Mail Superintendents,2.0,0.25,10,3.3630000000000004,4.0,3.1879999999999997,4.0,0.5907500000000001,0.4554285714285714,25,2.6252,4.0,2.2496,3.88,0.4063,0.3213714285714286,19,7,3,33,2.6048484848484845,2.5624242424242425,0.40121212121212113,0.3660606060606061,52,2.375192307692308,1.8198076923076922,0.34379807692307696,0.25997252747252747,41,3.5319512195121954,3.7921951219512193,0.6329878048780488,0.5417421602787457,13,4.1269230769230765,0.7817307692307691,2.0,62.1,0.621,20
11-9141.00,"Property, Real Estate, and Community Association Managers",4.0,0.75,10,3.2880000000000003,4.0,3.2880000000000003,4.0,0.5720000000000001,0.46971428571428575,25,2.4048,3.75,2.18,3.75,0.35119999999999996,0.31142857142857144,60,14,5,33,2.4869696969696973,2.6233333333333335,0.3717424242424243,0.3747619047619048,52,2.1507692307692308,1.6901923076923078,0.2876923076923077,0.24145604395604398,41,3.4658536585365853,4.091951219512195,0.6164634146341463,0.5845644599303136,26,3.9834615384615386,0.7458653846153847,6.0,48.15,0.4815,20
11-9151.00,Social and Community Service Managers,4.0,0.75,10,3.526,3.88,3.7359999999999998,4.25,0.6315,0.5337142857142857,25,2.7108,4.0,2.6148000000000002,4.62,0.42769999999999997,0.3735428571428572,21,7,1,33,2.624242424242424,2.6742424242424243,0.406060606060606,0.38203463203463206,52,2.3059615384615384,1.951730769230769,0.3264903846153846,0.2788186813186813,41,3.347560975609756,3.5014634146341463,0.586890243902439,0.5002090592334495,16,3.915625,0.72890625,6.0,50.36,0.5036,20
11-9161.00,Emergency Management Directors,4.0,0.75,10,3.6630000000000003,4.12,3.849,4.62,0.6657500000000001,0.5498571428571429,25,2.7439999999999998,4.25,2.7,5.38,0.43599999999999994,0.38571428571428573,23,7,4,33,2.8933333333333335,3.4018181818181814,0.4733333333333334,0.4859740259740259,52,2.523653846153846,2.2375,0.3809134615384615,0.3196428571428571,41,3.694390243902439,4.551707317073171,0.6735975609756097,0.6502439024390244,23,3.8552173913043477,0.7138043478260869,6.0,59.09,0.5909,20
11-9171.00,Funeral Home Managers,3.0,0.5,10,3.088,3.88,3.125,3.88,0.522,0.44642857142857145,25,2.4488,4.0,2.1492,4.0,0.36219999999999997,0.30702857142857143,17,5,3,33,2.69,2.859090909090909,0.4225,0.40844155844155844,52,2.4178846153846156,2.0503846153846155,0.3544711538461539,0.29291208791208795,41,3.839268292682927,4.25,0.7098170731707317,0.6071428571428571,23,3.978695652173913,0.7446739130434783,5.0,49.85,0.4985,20
11-9179.00,"Personal Service Managers, All Other",3.0,0.5,0,0.0,,0.0,,0.0,0.0,0,0.0,,0.0,,0.0,0.0,0,0,0,0,0.0,0.0,0.0,0.0,0,0.0,0.0,0.0,0.0,0,0.0,0.0,0.0,0.0,0,0.0,0.0,Unspecified,0.0,0.0,0
11-9179.01,Fitness and Wellness Coordinators,4.0,0.75,10,3.2380000000000004,3.88,3.35,4.0,0.5595000000000001,0.4785714285714286,25,2.5496,3.75,2.2532,3.75,0.38739999999999997,0.3218857142857143,16,8,2,33,2.4775757575757575,2.418181818181818,0.3693939393939394,0.3454545454545454,52,2.5648076923076926,2.4092307692307693,0.39120192307692314,0.3441758241758242,41,3.475609756097561,3.558780487804878,0.6189024390243902,0.508397212543554,24,3.82625,0.7065625,8.0,50.0,0.5,20
11-9179.02,Spa Managers,3.0,0.5,10,3.314,4.0,3.3630000000000004,4.12,0.5785,0.4804285714285715,25,2.7048,4.0,2.4052000000000002,4.12,0.4262,0.3436,36,6,1,33,2.522727272727273,2.4084848484848487,0.38068181818181823,0.3440692640692641,52,2.2351923076923077,1.8509615384615385,0.3087980769230769,0.2644230769230769,41,3.583658536585366,4.354878048780488,0.6459146341463415,0.6221254355400697,21,4.1119047619047615,0.7779761904761904,5.0,53.01,0.5301,20
11-9199.00,"Managers, All Other",3.0,0.5,0,0.0,,0.0,,0.0,0.0,0,0.0,,0.0,,0.0,0.0,0,0,0,0,0.0,0.0,0.0,0.0,0,0.0,0.0,0.0,0.0,0,0.0,0.0,0.0,0.0,0,0.0,0.0,Unspecified,0.0,0.0,0
11-9199.01,Regulatory Affairs Managers,4.0,0.75,10,3.5130000000000003,4.25,3.623,4.12,0.6282500000000001,0.5175714285714286,25,2.4,3.75,2.0552,4.0,0.35,0.2936,67,14,4,33,2.3096969696969696,2.4075757575757577,0.3274242424242424,0.34393939393939393,52,2.1346153846153846,1.6603846153846153,0.28365384615384615,0.2371978021978022,41,3.2404878048780485,3.7936585365853657,0.5601219512195121,0.541951219512195,27,3.867037037037037,0.7167592592592592,6.0,73.91,0.7391,20
11-9199.02,Compliance Managers,4.0,0.75,10,3.3890000000000002,4.0,3.5480000000000005,4.62,0.5972500000000001,0.5068571428571429,25,2.3692,3.75,2.056,3.88,0.34230000000000005,0.2937142857142857,75,13,4,33,2.483030303030303,2.5093939393939393,0.37075757575757573,0.35848484848484846,52,2.225192307692308,1.8346153846153848,0.306298076923077,0.2620879120879121,41,3.540731707317073,3.788292682926829,0.6351829268292682,0.541184668989547,29,3.9496551724137934,0.7374137931034483,6.0,63.38,0.6338,20
11-9199.08,Loss Prevention Managers,4.0,0.75,10,3.4259999999999997,4.0,3.3630000000000004,4.0,0.6064999999999999,0.4804285714285715,25,2.7196,3.88,2.5112,4.0,0.42989999999999995,0.35874285714285714,23,13,7,33,2.546969696969697,2.706060606060606,0.3867424242424242,0.3865800865800866,52,2.5182692307692305,2.279230769230769,0.3795673076923076,0.3256043956043956,41,3.4587804878048782,3.8721951219512194,0.6146951219512196,0.553170731707317,27,3.8,0.7,6.0,54.55,0.5455,20
11-9199.09,Wind Energy Operations Managers,3.0,0.5,10,3.4269999999999996,4.0,3.5230000000000006,4.12,0.6067499999999999,0.5032857142857143,25,2.8251999999999997,3.75,2.904,4.0,0.45629999999999993,0.41485714285714287,24,8,0,33,2.5263636363636364,2.834848484848485,0.3815909090909091,0.404978354978355,52,2.670769230769231,2.553269230769231,0.4176923076923077,0.3647527472527473,41,4.074634146341463,4.561463414634146,0.7686585365853658,0.651637630662021,16,3.983125,0.74578125,5.0,39.7,0.397,20
11-9199.10,Wind Energy Development Managers,4.0,0.75,10,3.377,4.0,3.526,4.25,0.59425,0.5037142857142857,25,2.5504,3.62,2.4307999999999996,3.88,0.38759999999999994,0.3472571428571428,13,10,0,33,2.557272727272727,2.8527272727272726,0.3893181818181818,0.4075324675324675,52,2.3026923076923076,1.9303846153846154,0.3256730769230769,0.27576923076923077,41,3.3556097560975613,3.8658536585365852,0.5889024390243903,0.5522648083623694,15,3.720666666666667,0.6801666666666667,6.0,66.85,0.6685,20
11-9199.11,Brownfield Redevelopment Specialists and Site Managers,4.0,0.75,10,3.6630000000000003,4.0,3.912,4.5,0.6657500000000001,0.5588571428571428,25,2.6648,4.12,2.5488,4.12,0.4162,0.3641142857142857,30,18,3,33,2.3630303030303033,2.6375757575757577,0.3407575757575758,0.3767965367965368,52,2.2592307692307694,1.9615384615384615,0.31480769230769234,0.2802197802197802,41,3.3207317073170732,3.83,0.5801829268292683,0.5471428571428572,23,3.6208695652173915,0.6552173913043479,6.0,77.27,0.7726999999999999,20
13-1011.00,"Agents and Business Managers of Artists, Performers, and Athletes",4.0,0.75,10,3.211,4.0,3.15,4.0,0.55275,0.45,25,2.246,4.0,1.8104,4.12,0.3115,0.25862857142857143,23,10,0,33,2.1566666666666667,2.0212121212121215,0.2891666666666667,0.2887445887445888,52,2.062307692307692,1.5675000000000001,0.26557692307692304,0.22392857142857145,41,2.7202439024390244,2.8646341463414635,0.4300609756097561,0.4092334494773519,14,3.7214285714285715,0.6803571428571429,6.0,41.33,0.4133,20
13-1021.00,"Buyers and Purchasing Agents, Farm Products",4.0,0.75,10,3.126,3.88,3.2009999999999996,4.0,0.5315,0.45728571428571424,25,2.2756,3.62,2.006,3.88,0.31889999999999996,0.28657142857142853,21,13,7,33,2.454242424242424,2.284242424242424,0.36356060606060603,0.3263203463203463,52,2.069423076923077,1.6242307692307691,0.2673557692307692,0.23203296703296702,41,3.1231707317073174,3.1339024390243906,0.5307926829268294,0.4477003484320558,9,3.6555555555555554,0.6638888888888889,6.0,82.1,0.821,20
13-1022.00,"Wholesale and Retail Buyers, Except Farm Products",3.0,0.5,10,3.251,4.0,3.3519999999999994,4.0,0.56275,0.47885714285714276,25,2.3404,4.0,2.0756,4.0,0.33509999999999995,0.29651428571428573,49,15,6,33,2.4242424242424243,2.416363636363636,0.3560606060606061,0.34519480519480517,52,2.1628846153846153,1.7321153846153847,0.2907211538461538,0.24744505494505495,41,3.3197560975609752,3.9151219512195126,0.5799390243902438,0.5593031358885018,16,3.89375,0.7234375,6.0,56.19,0.5619,20
13-1023.00,"Purchasing Agents, Except Wholesale, Retail, and Farm Products",4.0,0.75,10,3.475,4.12,3.412,4.12,0.61875,0.48742857142857143,25,2.58,4.25,2.2644,4.12,0.395,0.3234857142857143,56,16,7,33,2.473939393939394,2.667272727272727,0.3684848484848485,0.381038961038961,52,2.1367307692307693,1.6248076923076922,0.28418269230769233,0.23211538461538458,41,3.2936585365853657,3.8446341463414635,0.5734146341463414,0.549233449477352,19,3.9205263157894734,0.7301315789473684,6.0,65.0,0.65,20
13-1031.00,"Claims Adjusters, Examiners, and Investigators",4.0,0.75,10,3.3009999999999997,4.12,3.439,4.5,0.5752499999999999,0.49128571428571427,25,2.3092,3.75,1.956,3.75,0.32730000000000004,0.2794285714285714,73,9,4,33,2.40030303030303,2.184242424242424,0.3500757575757575,0.312034632034632,52,2.2740384615384617,1.853269230769231,0.3185096153846154,0.2647527472527473,41,3.1243902439024387,3.142195121951219,0.5310975609756097,0.4488850174216027,29,4.271481481481481,0.8178703703703702,6.0,55.82,0.5582,20
13-1032.00,"Insurance Appraisers, Auto Damage",3.0,0.5,10,2.912,3.75,2.863,3.88,0.478,0.409,25,2.2316,3.25,1.8956,3.12,0.30789999999999995,0.2708,21,7,2,33,2.0145454545454546,1.6115151515151516,0.25363636363636366,0.23021645021645024,52,2.3315384615384613,1.9809615384615387,0.33288461538461533,0.2829945054945055,41,3.322926829268293,3.2878048780487807,0.5807317073170732,0.46968641114982584,7,4.428571428571429,0.8571428571428572,4.0,30.6,0.306,20
13-1041.00,Compliance Officers,4.0,0.75,10,3.126,4.0,2.9859999999999998,3.88,0.5315,0.42657142857142855,25,2.2792000000000003,3.62,1.8152000000000001,3.38,0.3198000000000001,0.2593142857142857,16,7,5,33,2.1645454545454546,1.851212121212121,0.29113636363636364,0.26445887445887445,52,2.4348076923076922,2.0378846153846153,0.35870192307692306,0.2911263736263736,41,3.2131707317073173,3.205609756097561,0.5532926829268293,0.45794425087108015,16,4.315,0.8287500000000001,Unspecified,0.0,0.0,20
13-1041.01,Environmental Compliance Inspectors,4.0,0.75,10,3.614,4.0,3.9490000000000003,4.75,0.6535,0.5641428571428572,25,2.4648,3.75,2.2552000000000003,4.12,0.36619999999999997,0.3221714285714286,27,13,3,33,2.2806060606060607,2.272727272727273,0.3201515151515152,0.32467532467532473,52,2.6540384615384616,2.5703846153846155,0.4135096153846154,0.36719780219780224,41,3.2334146341463414,3.276829268292683,0.5583536585365854,0.4681184668989547,26,3.9584615384615387,0.7396153846153847,6.0,75.0,0.75,20
13-1041.03,Equal Opportunity Representatives and Officers,4.0,0.75,10,3.45,4.25,3.726,4.75,0.6125,0.5322857142857143,25,2.2647999999999997,4.0,1.9452,4.12,0.3161999999999999,0.2778857142857143,27,7,2,33,2.204242424242424,2.1484848484848484,0.30106060606060603,0.30692640692640694,52,2.2309615384615387,1.8559615384615387,0.30774038461538467,0.26513736263736265,41,3.0775609756097557,3.491951219512195,0.5193902439024389,0.49885017421602784,18,4.054444444444445,0.7636111111111112,6.0,65.76,0.6576000000000001,20
13-1041.04,Government Property Inspectors and Investigators,3.0,0.5,10,3.476,4.12,3.56,4.25,0.619,0.5085714285714286,25,2.4996,4.0,2.2556,4.0,0.3749,0.3222285714285714,33,18,5,33,2.720909090909091,2.806363636363636,0.4302272727272728,0.4009090909090909,52,2.844038461538461,2.663269230769231,0.46100961538461527,0.380467032967033,41,3.28390243902439,3.57609756097561,0.5709756097560975,0.5108710801393729,13,3.743846153846154,0.6859615384615385,6.0,39.34,0.3934,20
13-1041.06,Coroners,3.0,0.5,10,3.536,4.12,3.7369999999999997,4.5,0.634,0.5338571428571428,25,2.2588,3.75,1.9296,3.88,0.3147,0.2756571428571429,28,12,1,33,2.979090909090909,3.2639393939393937,0.49477272727272725,0.46627705627705623,52,2.7109615384615386,2.5548076923076923,0.42774038461538466,0.36497252747252745,41,3.7451219512195126,4.199024390243903,0.6862804878048782,0.5998606271777004,20,4.592499999999999,0.8981249999999998,6.0,35.0,0.35,20
13-1041.07,Regulatory Affairs Specialists,4.0,0.75,10,3.4259999999999997,4.0,3.7,4.88,0.6064999999999999,0.5285714285714286,25,2.3364,4.0,2.1052,4.25,0.33409999999999995,0.30074285714285715,34,15,5,33,2.203939393939394,2.0409090909090906,0.3009848484848485,0.2915584415584415,52,2.151923076923077,1.7782692307692307,0.2879807692307692,0.25403846153846155,41,3.129512195121951,3.398048780487805,0.5323780487804878,0.4854355400696864,30,4.153666666666667,0.7884166666666668,6.0,80.0,0.8,20
13-1041.08,Customs Brokers,3.0,0.5,10,3.275,4.0,3.3,4.0,0.56875,0.4714285714285714,25,2.1296,3.62,1.7047999999999999,3.12,0.2824,0.24354285714285712,17,7,5,33,2.3987878787878785,2.4745454545454546,0.3496969696969696,0.3535064935064935,52,2.1563461538461537,1.6246153846153848,0.2890865384615384,0.2320879120879121,41,3.2626829268292687,3.5465853658536584,0.5656707317073172,0.5066550522648083,23,4.04,0.76,6.0,35.0,0.35,20
13-1051.00,Cost Estimators,4.0,0.75,10,3.339,4.0,3.4869999999999997,4.12,0.58475,0.4981428571428571,25,2.2644,3.62,1.9996,3.75,0.31610000000000005,0.2856571428571429,65,16,5,33,2.3278787878787877,2.4121212121212126,0.3319696969696969,0.34458874458874467,52,2.151153846153846,1.723076923076923,0.2877884615384615,0.24615384615384614,41,3.1029268292682928,3.4534146341463416,0.5257317073170732,0.49334494773519166,14,3.869285714285714,0.7173214285714286,6.0,81.82,0.8181999999999999,20
13-1071.00,Human Resources Specialists,4.0,0.75,10,3.225,4.12,3.25,4.0,0.55625,0.4642857142857143,25,2.1608,3.38,1.7348,3.88,0.2902,0.24782857142857143,172,44,7,33,1.9906060606060605,1.6324242424242423,0.24765151515151512,0.2332034632034632,52,2.058269230769231,1.5796153846153846,0.26456730769230774,0.22565934065934065,41,3.1795121951219514,2.971463414634146,0.5448780487804878,0.4244947735191637,26,4.067692307692308,0.766923076923077,6.0,46.59,0.46590000000000004,20
13-1074.00,Farm Labor Contractors,2.0,0.25,10,2.6,3.38,2.439,3.38,0.4,0.3484285714285714,25,2.0936000000000003,3.12,1.7388,3.25,0.2734000000000001,0.24839999999999998,13,9,0,33,2.7487878787878786,2.835757575757576,0.43719696969696964,0.40510822510822514,52,2.2336538461538464,2.0096153846153846,0.3084134615384616,0.28708791208791207,41,3.3465853658536586,3.534390243902439,0.5866463414634147,0.5049128919860627,7,4.36,0.8400000000000001,2.0,48.54,0.4854,20
13-1075.00,Labor Relations Specialists,4.0,0.75,10,3.3890000000000002,4.38,3.562,4.75,0.5972500000000001,0.5088571428571428,25,2.3247999999999998,4.12,1.9452,4.38,0.33119999999999994,0.2778857142857143,21,11,7,33,2.0945454545454547,2.0984848484848486,0.2736363636363637,0.2997835497835498,52,2.1296153846153847,1.7071153846153846,0.28240384615384617,0.24387362637362636,41,2.9685365853658534,3.4109756097560973,0.49213414634146335,0.48728222996515674,28,3.6592857142857143,0.6648214285714286,6.0,33.33,0.3333,20
13-1081.00,Logisticians,4.0,0.75,10,3.415,4.0,3.599,4.62,0.60375,0.5141428571428571,25,2.5496,3.88,2.3948,4.25,0.38739999999999997,0.3421142857142857,27,15,5,33,2.558181818181818,2.8033333333333337,0.38954545454545453,0.40047619047619054,52,2.2309615384615387,1.8298076923076925,0.30774038461538467,0.2614010989010989,41,3.337073170731707,3.815609756097561,0.5842682926829268,0.5450871080139372,22,3.804090909090909,0.7010227272727273,6.0,75.0,0.75,20
13-1081.01,Logistics Engineers,4.0,0.75,10,3.7,4.12,3.961,4.5,0.675,0.5658571428571428,25,2.8392,4.62,2.8087999999999997,4.75,0.4598,0.4012571428571428,48,23,4,33,2.571818181818182,2.888484848484848,0.39295454545454545,0.4126406926406926,52,2.3432692307692307,1.963846153846154,0.33581730769230766,0.2805494505494506,41,3.2790243902439022,3.8626829268292684,0.5697560975609756,0.5518118466898955,30,3.5959999999999996,0.6489999999999999,6.0,73.91,0.7391,20
13-1081.02,Logistics Analysts,4.0,0.75,10,3.338,4.0,3.475,4.12,0.5845,0.49642857142857144,25,2.4352,3.88,2.2159999999999997,4.0,0.3588,0.31657142857142856,53,22,10,33,2.3639393939393942,2.413939393939394,0.34098484848484856,0.34484848484848485,52,2.235384615384615,1.8513461538461538,0.30884615384615377,0.26447802197802195,41,3.205121951219512,3.5217073170731705,0.551280487804878,0.5031010452961672,31,3.7638709677419357,0.6909677419354839,6.0,63.64,0.6364,20
13-1082.00,Project Management Specialists,4.0,0.75,10,3.2369999999999997,3.75,3.312,4.0,0.5592499999999999,0.47314285714285714,25,2.494,3.62,2.2196000000000002,3.62,0.37350000000000005,0.3170857142857143,90,43,6,33,2.1566666666666667,2.1772727272727272,0.2891666666666667,0.31103896103896106,52,2.225,1.7428846153846154,0.30625,0.2489835164835165,41,3.2582926829268293,3.732926829268293,0.5645731707317073,0.5332752613240419,20,3.9785000000000004,0.7446250000000001,6.0,63.64,0.6364,20
13-1111.00,Management Analysts,4.0,0.75,10,3.537,4.12,3.711,4.12,0.63425,0.5301428571428571,25,2.5804,4.0,2.2852,4.12,0.3951,0.3264571428571429,216,104,11,33,2.6115151515151513,2.9415151515151514,0.40287878787878784,0.4202164502164502,52,2.211346153846154,1.7617307692307693,0.30283653846153846,0.2516758241758242,41,3.4380487804878053,4.145365853658537,0.6095121951219513,0.5921951219512195,11,3.950909090909091,0.7377272727272728,6.0,57.14,0.5714,20
13-1121.00,"Meeting, Convention, and Event Planners",4.0,0.75,10,3.239,4.0,3.2,4.0,0.55975,0.4571428571428572,25,2.7204,3.88,2.4048,4.0,0.43010000000000004,0.3435428571428571,46,17,4,33,2.4736363636363636,2.473030303030303,0.3684090909090909,0.3532900432900433,52,2.505,2.187115384615385,0.37625,0.312445054945055,41,3.6580487804878046,4.036585365853658,0.6645121951219511,0.5766550522648083,21,3.958571428571428,0.739642857142857,6.0,40.8,0.408,20
13-1131.00,Fundraisers,4.0,0.75,10,3.3630000000000004,4.12,3.4,4.38,0.5907500000000001,0.4857142857142857,25,2.424,4.0,2.0747999999999998,4.38,0.356,0.29639999999999994,27,8,7,33,2.1854545454545455,2.140909090909091,0.2963636363636364,0.30584415584415586,52,2.1390384615384614,1.6628846153846153,0.28475961538461536,0.23755494505494504,41,3.2907317073170734,3.6721951219512197,0.5726829268292684,0.5245993031358885,28,3.7889285714285714,0.6972321428571429,6.0,90.48,0.9048,20
13-1141.00,"Compensation, Benefits, and Job Analysis Specialists",4.0,0.75,10,3.315,3.88,3.489,4.0,0.57875,0.4984285714285714,25,2.1796,3.12,1.9396,3.75,0.29490000000000005,0.27708571428571427,95,17,6,33,2.2203030303030302,2.083030303030303,0.30507575757575756,0.29757575757575755,52,2.081346153846154,1.655576923076923,0.2703365384615385,0.23651098901098902,41,2.957560975609756,3.2956097560975612,0.489390243902439,0.47080139372822305,22,3.433636363636364,0.608409090909091,6.0,85.71,0.8571,20
13-1151.00,Training and Development Specialists,4.0,0.75,10,3.59,4.38,3.6990000000000003,5.0,0.6475,0.5284285714285715,25,2.5392,4.38,2.2544,4.12,0.38480000000000003,0.3220571428571429,117,27,5,33,2.295151515151515,2.4266666666666667,0.32378787878787874,0.3466666666666667,52,2.193846153846154,1.7592307692307694,0.29846153846153844,0.25131868131868135,41,3.271707317073171,3.740731707317073,0.5679268292682927,0.534390243902439,20,3.8549999999999995,0.7137499999999999,6.0,78.26,0.7826000000000001,20
13-1161.00,Market Research Analysts and Marketing Specialists,4.0,0.75,10,3.475,4.0,3.649,4.75,0.61875,0.5212857142857142,25,2.2292,3.75,1.9547999999999999,4.0,0.3073,0.2792571428571428,149,51,9,33,1.997878787878788,1.8784848484848486,0.249469696969697,0.2683549783549784,52,2.1998076923076924,1.8096153846153844,0.2999519230769231,0.2585164835164835,41,3.0258536585365854,3.250243902439024,0.5064634146341463,0.46432055749128914,13,3.5953846153846154,0.6488461538461539,6.0,70.0,0.7,20
13-1161.01,Search Marketing Strategists,4.0,0.75,10,3.251,3.88,3.3259999999999996,4.12,0.56275,0.4751428571428571,25,2.4096,3.88,2.2292,4.12,0.35240000000000005,0.3184571428571429,67,28,20,33,2.124848484848485,1.9975757575757576,0.28121212121212125,0.2853679653679654,52,2.1565384615384615,1.69,0.2891346153846154,0.2414285714285714,41,3.092439024390244,3.3085365853658537,0.523109756097561,0.47264808362369337,36,3.516111111111111,0.6290277777777777,6.0,47.83,0.4783,20
13-1199.00,"Business Operations Specialists, All Other",3.0,0.5,0,0.0,,0.0,,0.0,0.0,0,0.0,,0.0,,0.0,0.0,0,0,0,0,0.0,0.0,0.0,0.0,0,0.0,0.0,0.0,0.0,0,0.0,0.0,0.0,0.0,0,0.0,0.0,Unspecified,0.0,0.0,0
13-1199.04,Business Continuity Planners,4.0,0.75,10,3.499,4.12,3.651,4.62,0.62475,0.5215714285714286,25,2.5787999999999998,4.12,2.434,4.88,0.39469999999999994,0.34771428571428575,38,17,6,33,2.2172727272727273,2.266969696969697,0.3043181818181818,0.3238528138528139,52,2.2551923076923077,1.8517307692307692,0.31379807692307693,0.264532967032967,41,3.1336585365853655,3.645121951219512,0.5334146341463414,0.5207317073170732,21,4.06047619047619,0.7651190476190475,6.0,47.83,0.4783,20
13-1199.05,Sustainability Specialists,4.0,0.75,10,3.476,4.0,3.499,4.12,0.619,0.4998571428571429,25,2.3487999999999998,3.62,2.0784000000000002,3.62,0.33719999999999994,0.29691428571428574,38,26,6,33,2.5733333333333333,3.0354545454545456,0.3933333333333333,0.43363636363636365,52,2.13,1.6965384615384616,0.2825,0.24236263736263736,41,3.319268292682927,3.910487804878049,0.5798170731707317,0.5586411149825784,14,3.834285714285714,0.7085714285714285,6.0,52.17,0.5217,20
13-1199.06,Online Merchants,4.0,0.75,10,3.013,3.62,3.0490000000000004,3.88,0.50325,0.4355714285714286,25,2.2996,3.38,1.9644,3.38,0.32489999999999997,0.2806285714285714,76,29,5,33,2.2863636363636366,2.1809090909090907,0.32159090909090915,0.31155844155844153,52,2.021346153846154,1.5892307692307692,0.2553365384615385,0.22703296703296702,41,2.9170731707317072,3.1097560975609757,0.4792682926829268,0.4442508710801394,34,3.9535294117647055,0.7383823529411764,6.0,41.29,0.4129,20
13-1199.07,Security Management Specialists,4.0,0.75,10,3.349,4.12,3.3259999999999996,4.0,0.58725,0.4751428571428571,25,2.83,3.88,2.7356,3.88,0.4575,0.3908,53,22,9,33,2.548787878787879,2.9499999999999997,0.3871969696969697,0.4214285714285714,52,2.6273076923076926,2.3048076923076923,0.40682692307692314,0.32925824175824175,41,3.5653658536585366,4.228780487804878,0.6413414634146342,0.6041114982578397,23,3.7517391304347827,0.6879347826086957,6.0,65.0,0.65,20
13-2011.00,Accountants and Auditors,4.0,0.75,10,3.164,3.88,3.2380000000000004,3.88,0.541,0.46257142857142863,25,2.2248,3.5,1.9052,3.5,0.3062,0.27217142857142856,237,37,6,33,2.017272727272727,2.05,0.2543181818181818,0.2928571428571428,52,2.2284615384615383,1.804423076923077,0.30711538461538457,0.2577747252747253,41,3.0229268292682927,3.5678048780487805,0.5057317073170732,0.5096864111498258,30,3.807,0.70175,6.0,68.97,0.6897,20
13-2022.00,Appraisers of Personal and Business Property,4.0,0.75,10,3.052,3.88,3.0509999999999997,3.88,0.513,0.43585714285714283,25,2.08,3.0,1.774,3.25,0.27,0.25342857142857145,19,8,0,33,2.1999999999999997,2.179090909090909,0.29999999999999993,0.3112987012987013,52,2.3667307692307693,2.0528846153846154,0.3416826923076923,0.2932692307692308,41,3.3131707317073174,3.5302439024390244,0.5782926829268293,0.5043205574912892,14,4.315714285714286,0.8289285714285715,6.0,39.13,0.39130000000000004,20
13-2023.00,Appraisers and Assessors of Real Estate,4.0,0.75,10,2.913,3.62,2.913,3.75,0.47824999999999995,0.4161428571428571,25,2.0787999999999998,3.12,1.7612,3.0,0.26969999999999994,0.2516,66,10,5,33,2.3036363636363637,2.243333333333333,0.3259090909090909,0.32047619047619047,52,2.2823076923076924,1.935,0.3205769230769231,0.2764285714285714,41,2.9946341463414634,3.131951219512195,0.49865853658536585,0.4474216027874564,28,3.9403571428571427,0.7350892857142857,6.0,54.55,0.5455,20
13-2031.00,Budget Analysts,4.0,0.75,10,3.225,3.88,3.213,4.0,0.55625,0.459,25,2.2148,3.75,1.9152,3.88,0.30369999999999997,0.2736,56,11,8,33,1.9518181818181817,1.6218181818181818,0.23795454545454542,0.2316883116883117,52,2.1684615384615387,1.6871153846153848,0.29211538461538467,0.24101648351648355,41,2.7897560975609754,2.825853658536585,0.44743902439024386,0.4036933797909407,13,3.9676923076923076,0.7419230769230769,6.0,77.48,0.7748,20
13-2041.00,Credit Analysts,4.0,0.75,10,3.15,3.88,3.35,4.12,0.5375,0.4785714285714286,25,2.0244,3.12,1.676,3.75,0.2561,0.2394285714285714,41,12,5,33,1.929090909090909,1.5654545454545457,0.23227272727272724,0.22363636363636366,52,2.1155769230769232,1.7446153846153847,0.2788942307692308,0.24923076923076923,41,2.7241463414634146,2.698780487804878,0.43103658536585365,0.38554006968641114,11,4.0627272727272725,0.7656818181818181,6.0,95.0,0.95,20
13-2051.00,Financial and Investment Analysts,4.0,0.75,0,0.0,,0.0,,0.0,0.0,0,0.0,,0.0,,0.0,0.0,180,33,8,0,0.0,0.0,0.0,0.0,0,0.0,0.0,0.0,0.0,0,0.0,0.0,0.0,0.0,26,0.0,0.0,Unspecified,0.0,0.0,20
13-2052.00,Personal Financial Advisors,4.0,0.75,10,3.4240000000000004,4.12,3.425,4.12,0.6060000000000001,0.48928571428571427,25,2.3396,3.62,1.97,3.88,0.3349,0.2814285714285714,102,12,3,33,2.003636363636364,1.8151515151515152,0.25090909090909097,0.2593073593073593,52,2.1392307692307693,1.6801923076923078,0.2848076923076923,0.24002747252747253,41,3.1297560975609753,3.485853658536585,0.5324390243902438,0.49797909407665497,21,3.8352380952380956,0.7088095238095239,6.0,57.69,0.5769,20
13-2053.00,Insurance Underwriters,4.0,0.75,10,3.175,3.75,3.164,4.0,0.54375,0.452,25,2.1104,3.5,1.6447999999999998,3.5,0.27759999999999996,0.23497142857142855,27,8,4,33,1.9724242424242426,1.728787878787879,0.24310606060606066,0.246969696969697,52,2.0728846153846154,1.5990384615384616,0.26822115384615386,0.22843406593406596,41,2.904390243902439,2.8134146341463415,0.47609756097560973,0.4019163763066202,7,4.197142857142857,0.7992857142857142,6.0,70.0,0.7,20
13-2054.00,Financial Risk Specialists,4.0,0.75,0,0.0,,0.0,,0.0,0.0,0,0.0,,0.0,,0.0,0.0,190,43,8,0,0.0,0.0,0.0,0.0,0,0.0,0.0,0.0,0.0,0,0.0,0.0,0.0,0.0,30,0.0,0.0,Unspecified,0.0,0.0,20
13-2061.00,Financial Examiners,4.0,0.75,10,3.599,4.12,3.7369999999999997,4.5,0.64975,0.5338571428571428,25,2.4252000000000002,3.88,2.1096,4.12,0.35630000000000006,0.30137142857142857,27,13,5,33,1.7878787878787878,1.4115151515151514,0.19696969696969696,0.20164502164502163,52,2.228076923076923,1.8484615384615386,0.30701923076923077,0.2640659340659341,41,3.0253658536585366,3.3582926829268294,0.5063414634146342,0.47975609756097565,17,3.918823529411765,0.7297058823529412,6.0,86.96,0.8695999999999999,20
13-2071.00,Credit Counselors,4.0,0.75,10,3.3259999999999996,3.88,3.274,4.0,0.5814999999999999,0.4677142857142857,25,2.1948,3.75,1.7392,3.62,0.29869999999999997,0.24845714285714288,23,8,5,33,2.2363636363636363,2.270606060606061,0.3090909090909091,0.3243722943722944,52,2.0725,1.5461538461538462,0.26812499999999995,0.2208791208791209,41,3.097804878048781,3.3485365853658533,0.5244512195121952,0.47836236933797904,23,4.209565217391304,0.8023913043478259,6.0,31.03,0.3103,20
13-2072.00,Loan Officers,4.0,0.75,10,3.2009999999999996,4.0,3.1740000000000004,4.0,0.5502499999999999,0.45342857142857146,25,2.1804,3.88,1.736,3.88,0.29510000000000003,0.248,88,9,3,33,2.1236363636363635,1.9072727272727272,0.2809090909090909,0.27246753246753247,52,2.1298076923076925,1.6025,0.28245192307692313,0.22892857142857143,41,3.0392682926829266,3.013170731707317,0.5098170731707317,0.4304529616724739,30,3.988235294117647,0.7470588235294118,6.0,68.74,0.6873999999999999,20
13-2081.00,"Tax Examiners and Collectors, and Revenue Agents",3.0,0.5,10,3.276,4.0,3.224,4.12,0.569,0.4605714285714286,25,2.1052,3.12,1.6247999999999998,3.25,0.2763,0.2321142857142857,22,11,8,33,2.108787878787879,1.6187878787878789,0.2771969696969697,0.23125541125541127,52,2.2163461538461537,1.725192307692308,0.30408653846153844,0.24645604395604398,41,3.131707317073171,3.020731707317073,0.5329268292682927,0.43153310104529613,21,4.215714285714286,0.8039285714285715,6.0,33.61,0.3361,20
13-2082.00,Tax Preparers,3.0,0.5,10,3.037,4.0,3.0,4.0,0.50925,0.42857142857142855,25,1.94,3.12,1.4547999999999999,3.12,0.235,0.20782857142857142,41,7,5,33,1.9675757575757578,1.788181818181818,0.24189393939393944,0.25545454545454543,52,2.0288461538461537,1.5071153846153846,0.25721153846153844,0.2153021978021978,41,2.9341463414634146,3.288536585365854,0.48353658536585364,0.4697909407665506,12,4.360833333333333,0.8402083333333332,2.0,38.1,0.381,20
13-2099.00,"Financial Specialists, All Other",3.0,0.5,0,0.0,,0.0,,0.0,0.0,0,0.0,,0.0,,0.0,0.0,0,0,0,0,0.0,0.0,0.0,0.0,0,0.0,0.0,0.0,0.0,0,0.0,0.0,0.0,0.0,0,0.0,0.0,Unspecified,0.0,0.0,0
13-2099.01,Financial Quantitative Analysts,5.0,1.0,10,3.5130000000000003,4.38,3.7880000000000003,5.0,0.6282500000000001,0.5411428571428571,25,2.36,3.88,2.1456,4.25,0.33999999999999997,0.3065142857142857,36,27,11,33,1.7972727272727274,1.5848484848484847,0.19931818181818184,0.2264069264069264,52,2.2140384615384616,1.8632692307692307,0.3035096153846154,0.26618131868131867,41,2.8085365853658537,3.319268292682927,0.4521341463414634,0.47418118466898956,21,3.2952380952380955,0.5738095238095239,8.0,60.0,0.6,20
13-2099.04,"Fraud Examiners, Investigators and Analysts",4.0,0.75,10,3.4859999999999998,4.25,3.511,4.5,0.6214999999999999,0.5015714285714286,25,2.2352000000000003,4.0,1.8352000000000002,4.12,0.3088000000000001,0.2621714285714286,28,15,6,33,2.1145454545454547,2.163939393939394,0.2786363636363637,0.30913419913419915,52,2.227692307692308,1.7953846153846154,0.30692307692307697,0.25648351648351647,41,3.1753658536585365,3.580487804878049,0.5438414634146341,0.5114982578397212,23,4.045217391304348,0.761304347826087,6.0,83.33,0.8332999999999999,20
15-1211.00,Computer Systems Analysts,4.0,0.75,10,3.4130000000000003,4.0,3.6759999999999997,4.5,0.6032500000000001,0.5251428571428571,25,2.8148,3.75,2.9644,4.12,0.4537,0.4234857142857143,311,119,10,33,2.0254545454545454,1.876969696969697,0.25636363636363635,0.2681385281385281,52,2.31,2.001923076923077,0.3275,0.28598901098901097,41,3.1373170731707316,3.2753658536585366,0.5343292682926829,0.4679094076655052,22,3.494090909090909,0.6235227272727273,5.0,50.71,0.5071,20
15-1211.01,Health Informatics Specialists,5.0,1.0,10,3.662,4.38,3.8869999999999996,4.88,0.6655,0.5552857142857143,25,2.7096,4.12,2.6992000000000003,4.25,0.4274,0.38560000000000005,62,26,11,33,2.4157575757575755,2.5284848484848483,0.3539393939393939,0.3612121212121212,52,2.3221153846153846,2.0148076923076923,0.33052884615384615,0.28782967032967033,41,3.4587804878048782,4.101463414634146,0.6146951219512196,0.5859233449477352,17,3.9811764705882355,0.7452941176470589,8.0,52.38,0.5238,20
15-1212.00,Information Security Analysts,4.0,0.75,10,3.239,4.0,3.45,4.12,0.55975,0.4928571428571429,25,2.5343999999999998,3.75,2.3348,3.62,0.38359999999999994,0.33354285714285714,245,93,14,33,2.2136363636363634,2.079090909090909,0.30340909090909085,0.297012987012987,52,2.2553846153846155,1.8984615384615384,0.3138461538461539,0.2712087912087912,41,3.004390243902439,3.4402439024390246,0.5010975609756098,0.4914634146341464,11,4.047272727272728,0.761818181818182,6.0,52.64,0.5264,20
15-1221.00,Computer and Information Research Scientists,5.0,1.0,10,3.45,4.0,4.125,4.88,0.6125,0.5892857142857143,25,2.7096,4.0,3.0151999999999997,4.88,0.4274,0.4307428571428571,164,76,34,33,2.3457575757575757,2.5157575757575756,0.3364393939393939,0.3593939393939394,52,2.327115384615385,2.065,0.33177884615384623,0.295,41,3.2378048780487805,3.6890243902439024,0.5594512195121951,0.5270034843205574,15,3.4686666666666666,0.6171666666666666,6.0,36.22,0.36219999999999997,20
15-1231.00,Computer Network Support Specialists,4.0,0.75,10,3.0,3.75,3.2619999999999996,3.88,0.5,0.4659999999999999,25,2.59,3.38,2.6195999999999997,3.38,0.39749999999999996,0.3742285714285714,142,34,10,33,2.077272727272727,1.876969696969697,0.2693181818181818,0.2681385281385281,52,2.2671153846153844,1.9615384615384615,0.3167788461538461,0.2802197802197802,41,3.0402439024390246,3.2070731707317077,0.5100609756097562,0.4581533101045297,26,3.7973076923076925,0.6993269230769231,6.0,46.93,0.4693,20
15-1232.00,Computer User Support Specialists,3.0,0.5,10,3.261,4.0,3.162,4.0,0.56525,0.4517142857142857,25,2.6204,3.62,2.4852000000000003,3.62,0.4051,0.35502857142857147,258,113,12,33,2.377878787878788,2.446060606060606,0.344469696969697,0.3494372294372294,52,2.379230769230769,1.9901923076923076,0.34480769230769226,0.2843131868131868,41,3.194146341463415,3.5078048780487805,0.5485365853658537,0.5011149825783973,16,3.469375,0.61734375,6.0,47.32,0.4732,20
15-1241.00,Computer Network Architects,4.0,0.75,10,3.3480000000000003,4.12,3.5509999999999997,4.12,0.5870000000000001,0.5072857142857142,25,2.9951999999999996,3.88,3.1144,4.12,0.4987999999999999,0.4449142857142857,278,101,13,33,2.2478787878787876,2.3427272727272728,0.3119696969696969,0.3346753246753247,52,2.3409615384615385,2.019230769230769,0.33524038461538463,0.28846153846153844,41,3.223414634146341,3.833170731707317,0.5558536585365853,0.547595818815331,33,3.5972727272727276,0.6493181818181819,6.0,55.0,0.55,20
15-1241.01,Telecommunications Engineering Specialists,3.0,0.5,10,3.2009999999999996,3.88,3.377,4.0,0.5502499999999999,0.4824285714285714,25,2.8292,3.38,2.9492000000000003,3.62,0.45730000000000004,0.42131428571428575,53,22,11,33,2.624242424242424,2.897575757575758,0.406060606060606,0.413939393939394,52,2.408846153846154,2.1690384615384612,0.3522115384615385,0.3098626373626373,41,3.413414634146341,4.176829268292683,0.6033536585365853,0.5966898954703833,26,3.868076923076923,0.7170192307692308,5.0,32.26,0.3226,20
15-1242.00,Database Administrators,4.0,0.75,10,3.276,3.88,3.6390000000000002,4.25,0.569,0.5198571428571429,25,2.5056,3.88,2.4907999999999997,4.12,0.37639999999999996,0.3558285714285714,288,112,38,33,2.2196969696969697,2.1300000000000003,0.30492424242424243,0.3042857142857143,52,2.2048076923076922,1.850192307692308,0.30120192307692306,0.26431318681318683,41,2.8963414634146343,3.4041463414634143,0.47408536585365857,0.4863066202090592,18,3.373333333333333,0.5933333333333333,6.0,88.98,0.8898,20
15-1243.00,Database Architects,4.0,0.75,10,3.2009999999999996,3.88,3.4619999999999997,4.12,0.5502499999999999,0.49457142857142855,25,2.5748,3.88,2.4796,4.12,0.39370000000000005,0.35422857142857145,322,112,13,33,1.93,1.9863636363636363,0.23249999999999998,0.2837662337662338,52,2.2242307692307692,1.8386538461538462,0.3060576923076923,0.2626648351648352,41,3.051951219512195,3.6999999999999997,0.5129878048780487,0.5285714285714286,25,3.7864,0.6966,6.0,76.19,0.7619,20
15-1243.01,Data Warehousing Specialists,4.0,0.75,10,3.127,3.88,3.2119999999999997,4.0,0.53175,0.4588571428571428,25,2.454,3.75,2.3348,3.75,0.36350000000000005,0.33354285714285714,159,64,10,33,1.7690909090909093,1.533939393939394,0.19227272727272732,0.21913419913419913,52,2.124807692307692,1.7025000000000001,0.28120192307692304,0.24321428571428574,41,2.823658536585366,3.2173170731707317,0.4559146341463415,0.45961672473867593,18,3.839444444444444,0.709861111111111,6.0,78.26,0.7826000000000001,20
15-1244.00,Network and Computer Systems Administrators,3.0,0.5,10,3.2880000000000003,4.0,3.525,4.0,0.5720000000000001,0.5035714285714286,25,3.1004,4.0,3.3104,4.38,0.5251,0.47291428571428573,261,95,18,33,1.9536363636363636,1.7584848484848485,0.2384090909090909,0.2512121212121212,52,2.3773076923076926,2.1028846153846152,0.34432692307692314,0.3004120879120879,41,2.9526829268292683,3.347317073170732,0.48817073170731706,0.47818815331010456,20,3.5625,0.640625,5.0,30.0,0.3,20
15-1251.00,Computer Programmers,4.0,0.75,10,3.162,3.75,3.287,4.0,0.5405,0.4695714285714286,25,2.5136000000000003,4.75,2.33,4.88,0.37840000000000007,0.33285714285714285,293,103,19,33,2.1554545454545453,1.944848484848485,0.2888636363636363,0.2778354978354979,52,2.163653846153846,1.7278846153846152,0.29091346153846154,0.24684065934065932,41,3.0082926829268293,3.34609756097561,0.5020731707317073,0.47801393728222996,17,3.621176470588235,0.6552941176470588,6.0,88.04,0.8804000000000001,20
15-1252.00,Software Developers,4.0,0.75,10,3.112,3.88,3.4859999999999998,4.25,0.528,0.49799999999999994,25,2.67,4.0,2.6044,4.12,0.4175,0.37205714285714286,430,152,30,33,1.990909090909091,1.7006060606060605,0.24772727272727274,0.24294372294372293,52,2.1225,1.7653846153846153,0.280625,0.2521978021978022,41,2.8424390243902438,2.7485365853658537,0.46060975609756094,0.39264808362369336,17,3.5658823529411765,0.6414705882352941,6.0,84.8,0.848,20
15-1253.00,Software Quality Assurance Analysts and Testers,4.0,0.75,10,3.4509999999999996,4.0,3.562,4.12,0.6127499999999999,0.5088571428571428,25,2.5192,3.62,2.3636,3.75,0.3798,0.3376571428571428,429,126,24,33,1.9175757575757577,1.715151515151515,0.22939393939393943,0.245021645021645,52,2.2,1.8217307692307694,0.30000000000000004,0.26024725274725274,41,3.018780487804878,3.3109756097560976,0.5046951219512195,0.4729965156794425,30,3.9307407407407404,0.7326851851851851,6.0,50.0,0.5,20
15-1254.00,Web Developers,3.0,0.5,10,3.137,3.75,3.338,4.0,0.53425,0.47685714285714287,25,2.5347999999999997,4.12,2.42,4.25,0.38369999999999993,0.3457142857142857,251,122,37,33,1.9524242424242426,1.720909090909091,0.23810606060606065,0.24584415584415584,52,2.211346153846154,1.893846153846154,0.30283653846153846,0.27054945054945057,41,2.9295121951219514,3.1846341463414634,0.48237804878048784,0.4549477351916376,29,3.6311111111111107,0.6577777777777777,6.0,45.83,0.4583,20
15-1255.00,Web and Digital Interface Designers,4.0,0.75,10,3.025,3.75,3.039,3.75,0.50625,0.43414285714285716,25,2.4352,3.5,2.2048,3.5,0.3588,0.31497142857142857,236,115,12,33,1.865151515151515,1.7421212121212122,0.21628787878787875,0.2488744588744589,52,2.1225,1.7061538461538461,0.280625,0.24373626373626373,41,2.8109756097560976,2.9097560975609755,0.4527439024390244,0.4156794425087108,30,3.554333333333333,0.6385833333333333,6.0,52.42,0.5242,20
15-1255.01,Video Game Designers,4.0,0.75,10,3.151,3.88,3.338,4.0,0.53775,0.47685714285714287,25,2.4848,4.0,2.2843999999999998,3.88,0.3712,0.3263428571428571,57,30,7,33,2.118181818181818,2.0681818181818183,0.27954545454545454,0.29545454545454547,52,2.3075,1.9492307692307693,0.326875,0.2784615384615385,41,2.886585365853658,3.2495121951219508,0.47164634146341455,0.4642160278745644,24,3.93625,0.7340625,6.0,55.0,0.55,20
15-1299.00,"Computer Occupations, All Other",3.0,0.5,0,0.0,,0.0,,0.0,0.0,0,0.0,,0.0,,0.0,0.0,0,0,0,0,0.0,0.0,0.0,0.0,0,0.0,0.0,0.0,0.0,0,0.0,0.0,0.0,0.0,0,0.0,0.0,Unspecified,0.0,0.0,0
15-1299.01,Web Administrators,4.0,0.75,10,3.1870000000000003,4.0,3.375,4.12,0.5467500000000001,0.48214285714285715,25,2.5452,3.75,2.4604,3.88,0.3863,0.3514857142857143,117,46,22,33,2.207878787878788,2.187878787878788,0.301969696969697,0.3125541125541126,52,2.2025,1.8248076923076924,0.30062500000000003,0.2606868131868132,41,3.1097560975609757,3.5431707317073173,0.5274390243902439,0.5061672473867597,35,3.898285714285714,0.7245714285714285,6.0,55.0,0.55,20
15-1299.02,Geographic Information Systems Technologists and Technicians,4.0,0.75,10,3.1879999999999997,3.88,3.3369999999999997,4.0,0.5469999999999999,0.4767142857142857,25,2.4056,3.62,2.25,3.62,0.35140000000000005,0.32142857142857145,127,65,18,33,2.2584848484848483,2.2466666666666666,0.3146212121212121,0.32095238095238093,52,2.2259615384615383,1.8115384615384615,0.3064903846153846,0.2587912087912088,41,2.9831707317073173,3.2451219512195126,0.4957926829268293,0.4635888501742161,29,3.461034482758621,0.6152586206896552,6.0,27.35,0.2735,20
15-1299.03,Document Management Specialists,4.0,0.75,10,3.162,3.88,3.0759999999999996,3.88,0.5405,0.4394285714285714,25,2.3092,3.62,2.0012,3.62,0.32730000000000004,0.28588571428571424,106,30,6,33,2.2245454545454546,2.1133333333333333,0.30613636363636365,0.3019047619047619,52,2.1751923076923076,1.7663461538461538,0.2937980769230769,0.2523351648351648,41,3.2070731707317077,3.3246341463414635,0.5517682926829269,0.47494773519163763,23,3.8330434782608696,0.7082608695652174,6.0,60.0,0.6,20
15-1299.04,Penetration Testers,4.0,0.75,10,3.364,4.38,3.589,4.5,0.591,0.5127142857142857,25,2.44,3.88,2.2496,4.12,0.36,0.3213714285714286,67,34,22,33,2.3200000000000003,2.3333333333333335,0.33000000000000007,0.33333333333333337,52,2.2790384615384616,1.918076923076923,0.3197596153846154,0.274010989010989,41,3.2821951219512195,3.857073170731707,0.5705487804878049,0.5510104529616725,22,4.171363636363636,0.792840909090909,6.0,40.0,0.4,20
15-1299.05,Information Security Engineers,4.0,0.75,10,3.3,4.12,3.585,4.38,0.575,0.5121428571428571,25,2.6404,3.38,2.6296,3.75,0.4101,0.37565714285714286,90,58,13,33,2.0427272727272725,1.8296969696969698,0.2606818181818181,0.2613852813852814,52,2.24,1.911923076923077,0.31000000000000005,0.2731318681318681,41,3.18780487804878,3.6463414634146343,0.546951219512195,0.5209059233449478,20,4.007,0.7517499999999999,6.0,47.37,0.47369999999999995,20
15-1299.06,Digital Forensics Analysts,4.0,0.75,10,3.113,3.75,3.2,3.88,0.52825,0.4571428571428572,25,2.3896,3.5,2.08,3.38,0.34740000000000004,0.29714285714285715,64,37,8,33,2.023939393939394,1.9554545454545456,0.2559848484848485,0.27935064935064935,52,2.254423076923077,1.8919230769230768,0.3136057692307692,0.27027472527472524,41,3.1192682926829267,3.8095121951219513,0.5298170731707317,0.5442160278745645,20,3.9189999999999996,0.7297499999999999,6.0,55.56,0.5556,20
15-1299.07,Blockchain Engineers,4.0,0.75,10,3.274,4.0,3.4869999999999997,4.12,0.5685,0.4981428571428571,25,2.5244,3.62,2.4208,4.0,0.3811,0.34582857142857143,50,34,20,33,2.096363636363636,2.332727272727273,0.27409090909090905,0.3332467532467533,52,2.2823076923076924,1.9144230769230768,0.3205769230769231,0.27348901098901096,41,3.0231707317073173,3.7656097560975605,0.5057926829268293,0.5379442508710801,17,4.108235294117647,0.7770588235294118,6.0,37.5,0.375,20
15-1299.08,Computer Systems Engineers/Architects,3.0,0.5,10,3.588,4.0,3.7359999999999998,4.12,0.647,0.5337142857142857,25,2.8152,3.88,2.8392,4.38,0.4538,0.4056,267,132,22,33,2.2757575757575754,2.25,0.31893939393939386,0.32142857142857145,52,2.2790384615384616,1.9011538461538462,0.3197596153846154,0.2715934065934066,41,3.2134146341463414,3.6882926829268294,0.5533536585365854,0.5268989547038327,28,3.7175000000000002,0.6793750000000001,3.0,40.91,0.40909999999999996,20
15-1299.09,Information Technology Project Managers,4.0,0.75,10,3.5,4.12,3.65,4.5,0.625,0.5214285714285715,25,2.6696,4.0,2.4992,4.12,0.4174,0.3570285714285714,334,121,10,33,2.5536363636363637,2.748181818181818,0.3884090909090909,0.39259740259740256,52,2.18,1.764230769230769,0.29500000000000004,0.252032967032967,41,3.6951219512195124,4.413414634146341,0.6737804878048781,0.6304878048780488,21,4.055238095238095,0.7638095238095237,6.0,38.1,0.381,20
15-2011.00,Actuaries,4.0,0.75,10,3.5269999999999997,4.38,3.9259999999999997,5.0,0.6317499999999999,0.5608571428571428,25,2.4052000000000002,4.0,2.2656,4.88,0.35130000000000006,0.32365714285714287,42,20,10,33,1.8815151515151516,1.7745454545454546,0.2203787878787879,0.2535064935064935,52,2.2328846153846156,1.8923076923076925,0.3082211538461539,0.27032967032967037,41,2.8851219512195123,3.5504878048780486,0.4712804878048781,0.5072125435540069,15,3.6686666666666667,0.6671666666666667,6.0,82.35,0.8234999999999999,20
15-2021.00,Mathematicians,5.0,1.0,10,3.724,5.0,4.512,6.0,0.681,0.6445714285714285,25,2.11,4.0,1.8348,4.88,0.27749999999999997,0.2621142857142857,93,34,12,33,1.944242424242424,1.9157575757575758,0.23606060606060603,0.2736796536796537,52,2.2401923076923076,1.9403846153846156,0.3100480769230769,0.2771978021978022,41,2.7760975609756096,3.382195121951219,0.4440243902439024,0.483170731707317,12,3.8049999999999997,0.7012499999999999,11.0,45.0,0.45,20
15-2031.00,Operations Research Analysts,5.0,1.0,10,3.751,4.5,3.874,4.88,0.68775,0.5534285714285715,25,2.4104,4.12,2.1504,4.5,0.3526,0.3072,114,46,9,33,2.153939393939394,2.2342424242424244,0.28848484848484846,0.31917748917748917,52,2.2038461538461536,1.7807692307692307,0.3009615384615384,0.2543956043956044,41,3.1187804878048784,3.7026829268292683,0.5296951219512196,0.5289547038327526,17,4.143529411764706,0.7858823529411765,8.0,42.86,0.4286,20
15-2041.00,Statisticians,5.0,1.0,10,3.776,4.88,4.101999999999999,5.38,0.694,0.586,25,2.1912000000000003,3.88,1.8636000000000001,4.12,0.29780000000000006,0.2662285714285714,70,26,11,33,2.006666666666667,1.9709090909090912,0.2516666666666667,0.2815584415584416,52,2.235576923076923,1.8800000000000001,0.3088942307692307,0.26857142857142857,41,3.011463414634146,3.6104878048780487,0.5028658536585365,0.5157839721254355,19,4.084210526315789,0.7710526315789472,8.0,61.9,0.619,20
15-2041.01,Biostatisticians,5.0,1.0,10,3.876,4.62,4.575,5.12,0.719,0.6535714285714286,25,2.3192000000000004,4.0,2.1804,4.5,0.3298000000000001,0.3114857142857143,45,29,11,33,2.053939393939394,2.0803030303030305,0.26348484848484854,0.2971861471861472,52,2.2642307692307693,1.9471153846153846,0.3160576923076923,0.27815934065934067,41,2.9097560975609755,3.247560975609756,0.4774390243902439,0.46393728222996516,25,3.9812,0.7453,8.0,58.33,0.5832999999999999,20
15-2051.00,Data Scientists,4.0,0.75,10,3.525,4.38,3.8980000000000006,5.0,0.63125,0.5568571428571429,25,2.1608,3.75,1.8607999999999998,4.12,0.2902,0.2658285714285714,87,55,21,33,1.866969696969697,1.8293939393939394,0.21674242424242424,0.2613419913419913,52,2.2953846153846156,1.9257692307692307,0.3238461538461539,0.2751098901098901,41,2.776341463414634,3.243170731707317,0.44408536585365854,0.46331010452961674,16,3.80125,0.7003125,6.0,48.0,0.48,20
15-2051.01,Business Intelligence Analysts,4.0,0.75,10,3.4509999999999996,4.0,3.55,4.25,0.6127499999999999,0.5071428571428571,25,2.2152000000000003,3.62,1.9556,4.0,0.30380000000000007,0.27937142857142855,203,100,14,33,2.0512121212121213,2.1018181818181816,0.2628030303030303,0.3002597402597402,52,2.1146153846153846,1.7209615384615384,0.27865384615384614,0.24585164835164836,41,2.8273170731707316,3.204634146341464,0.4568292682926829,0.45780487804878056,17,3.732941176470588,0.683235294117647,6.0,68.18,0.6818000000000001,20
15-2051.02,Clinical Data Managers,4.0,0.75,10,3.539,4.0,3.7880000000000003,4.25,0.63475,0.5411428571428571,25,2.4552,3.5,2.3252,3.75,0.3638,0.3321714285714286,55,21,5,33,2.062121212121212,1.812121212121212,0.265530303030303,0.25887445887445887,52,2.2048076923076922,1.7242307692307692,0.30120192307692306,0.24631868131868132,41,3.0392682926829266,3.3134146341463415,0.5098170731707317,0.47334494773519165,21,3.7285714285714286,0.6821428571428572,6.0,85.0,0.85,20
15-2099.00,"Mathematical Science Occupations, All Other",3.0,0.5,0,0.0,,0.0,,0.0,0.0,0,0.0,,0.0,,0.0,0.0,0,0,0,0,0.0,0.0,0.0,0.0,0,0.0,0.0,0.0,0.0,0,0.0,0.0,0.0,0.0,0,0.0,0.0,Unspecified,0.0,0.0,0
15-2099.01,Bioinformatics Technicians,4.0,0.75,10,3.3630000000000004,3.75,3.651,4.25,0.5907500000000001,0.5215714285714286,25,2.2932,3.5,2.1012,3.5,0.32330000000000003,0.3001714285714286,47,29,0,33,2.149090909090909,1.9872727272727273,0.28727272727272724,0.2838961038961039,52,2.187884615384615,1.8323076923076924,0.2969711538461538,0.26175824175824175,41,2.9453658536585365,3.4463414634146345,0.48634146341463413,0.4923344947735192,19,3.5763157894736843,0.6440789473684211,6.0,50.89,0.5089,20
17-1011.00,"Architects, Except Landscape and Naval",5.0,1.0,10,3.714,4.25,4.163,4.75,0.6785,0.5947142857142858,25,2.6544,4.12,2.6296,4.62,0.41359999999999997,0.37565714285714286,71,34,10,33,2.9824242424242424,3.4681818181818183,0.4956060606060606,0.4954545454545455,52,2.485,2.2525,0.37124999999999997,0.3217857142857143,41,3.473170731707317,4.239756097560976,0.6182926829268293,0.6056794425087109,25,3.9232,0.7308,8.0,43.48,0.43479999999999996,20
17-1012.00,Landscape Architects,4.0,0.75,10,3.5230000000000006,4.12,3.675,4.12,0.6307500000000001,0.525,25,2.6096,3.88,2.4248,4.0,0.4024,0.3464,27,18,16,33,2.7703030303030305,3.1036363636363635,0.4425757575757576,0.44337662337662337,52,2.391923076923077,2.0048076923076925,0.34798076923076926,0.28640109890109894,41,3.2373170731707313,3.645853658536585,0.5593292682926828,0.5208362369337979,19,3.9636842105263157,0.7409210526315789,6.0,85.0,0.85,20
17-1021.00,Cartographers and Photogrammetrists,4.0,0.75,10,3.151,4.0,3.2230000000000003,4.12,0.53775,0.46042857142857146,25,2.16,3.12,1.7792000000000001,3.12,0.29000000000000004,0.2541714285714286,70,24,2,33,2.135151515151515,2.0445454545454544,0.2837878787878787,0.29207792207792205,52,2.315,2.0190384615384613,0.32875,0.2884340659340659,41,3.2134146341463414,3.284878048780488,0.5533536585365854,0.46926829268292686,14,4.03,0.7575000000000001,3.0,35.73,0.35729999999999995,20
17-1022.00,Surveyors,4.0,0.75,10,3.4490000000000003,4.0,3.7009999999999996,4.12,0.6122500000000001,0.5287142857142857,25,2.4256,3.5,2.3344,3.62,0.35640000000000005,0.3334857142857143,47,7,5,33,2.60969696969697,2.7609090909090908,0.40242424242424246,0.3944155844155844,52,2.773269230769231,2.7182692307692307,0.4433173076923077,0.38832417582417583,41,3.5470731707317076,4.267317073170732,0.6367682926829269,0.609616724738676,24,4.0216666666666665,0.7554166666666666,6.0,47.37,0.47369999999999995,20
17-1022.01,Geodetic Surveyors,4.0,0.75,10,3.5759999999999996,4.12,4.013,4.88,0.6439999999999999,0.5732857142857143,25,2.4608,3.75,2.3752,3.88,0.36519999999999997,0.33931428571428573,38,17,0,33,2.3896969696969697,2.6284848484848484,0.3474242424242424,0.3754978354978355,52,2.661153846153846,2.537692307692308,0.41528846153846155,0.3625274725274726,41,3.33219512195122,4.011951219512195,0.583048780487805,0.5731358885017421,16,4.13875,0.7846875,6.0,81.48,0.8148000000000001,20
17-2011.00,Aerospace Engineers,4.0,0.75,10,3.875,4.12,4.474,5.25,0.71875,0.6391428571428571,25,2.6644,4.0,2.6096,4.88,0.4161,0.37279999999999996,84,25,11,33,2.2615151515151513,2.190606060606061,0.3153787878787878,0.31294372294372297,52,2.3534615384615383,2.0834615384615387,0.33836538461538457,0.2976373626373627,41,3.4297560975609755,3.649268292682927,0.6074390243902439,0.5213240418118467,14,3.845714285714286,0.7114285714285715,6.0,79.99,0.7998999999999999,20
17-2021.00,Agricultural Engineers,4.0,0.75,10,3.6390000000000002,4.0,3.8869999999999996,4.62,0.6597500000000001,0.5552857142857143,25,2.7204,3.88,2.7044,4.12,0.43010000000000004,0.38634285714285715,22,16,0,33,2.902121212121212,3.597878787878788,0.47553030303030297,0.513982683982684,52,2.5701923076923077,2.3371153846153847,0.3925480769230769,0.3338736263736264,41,3.525609756097561,4.587804878048781,0.6314024390243903,0.6554006968641115,14,3.612142857142857,0.6530357142857143,6.0,75.0,0.75,20
17-2031.00,Bioengineers and Biomedical Engineers,4.0,0.75,10,3.839,4.0,4.398000000000001,5.0,0.70975,0.6282857142857143,25,2.95,3.88,3.2295999999999996,4.62,0.48750000000000004,0.4613714285714285,134,33,5,33,2.675757575757576,3.1321212121212123,0.41893939393939394,0.4474458874458875,52,2.4246153846153846,2.209230769230769,0.35615384615384615,0.31560439560439557,41,3.363658536585366,4.249268292682927,0.5909146341463415,0.6070383275261324,30,3.496666666666667,0.6241666666666668,6.0,43.48,0.43479999999999996,20
17-2041.00,Chemical Engineers,4.0,0.75,10,3.5740000000000003,4.12,4.338,5.12,0.6435000000000001,0.6197142857142858,25,2.7316,4.0,2.9596,4.62,0.43289999999999995,0.4228,54,16,4,33,2.399090909090909,2.6793939393939397,0.34977272727272724,0.3827705627705628,52,2.3528846153846152,2.1415384615384614,0.3382211538461538,0.3059340659340659,41,3.1853658536585363,3.934390243902439,0.5463414634146341,0.5620557491289199,14,3.657857142857143,0.6644642857142857,6.0,91.3,0.9129999999999999,20
17-2051.00,Civil Engineers,4.0,0.75,10,3.59,4.0,4.225,5.0,0.6475,0.6035714285714285,25,2.6052,3.88,2.6795999999999998,4.5,0.4013,0.3828,73,24,8,33,2.598181818181818,2.8927272727272726,0.39954545454545454,0.41324675324675325,52,2.4128846153846153,2.1817307692307693,0.3532211538461538,0.3116758241758242,41,3.3036585365853655,3.9046341463414636,0.5759146341463414,0.5578048780487805,16,3.59125,0.6478125,6.0,85.71,0.8571,20
17-2051.01,Transportation Engineers,4.0,0.75,10,3.625,4.0,3.912,4.62,0.65625,0.5588571428571428,25,2.6956,3.88,2.6752,4.38,0.42390000000000005,0.38217142857142855,31,13,9,33,2.7351515151515153,3.106060606060606,0.43378787878787883,0.4437229437229437,52,2.3726923076923074,2.062307692307692,0.34317307692307686,0.2946153846153846,41,3.461707317073171,3.9985365853658537,0.6154268292682927,0.5712195121951219,26,3.661153846153846,0.6652884615384616,6.0,77.27,0.7726999999999999,20
17-2051.02,Water/Wastewater Engineers,4.0,0.75,10,3.7,4.0,4.087,4.5,0.675,0.5838571428571429,25,2.7196,4.0,2.8244,4.75,0.42989999999999995,0.4034857142857143,50,18,10,33,2.651818181818182,2.975151515151515,0.41295454545454546,0.425021645021645,52,2.3101923076923074,2.0076923076923077,0.32754807692307686,0.2868131868131868,41,3.3824390243902442,3.979268292682927,0.5956097560975611,0.5684668989547038,28,3.75,0.6875,6.0,69.57,0.6957,20
17-2061.00,Computer Hardware Engineers,4.0,0.75,10,3.5519999999999996,4.0,3.774,4.5,0.6379999999999999,0.5391428571428571,25,2.6944,3.88,2.7336,4.12,0.4236,0.3905142857142857,112,20,13,33,2.2793939393939393,2.5472727272727274,0.3198484848484848,0.3638961038961039,52,2.2857692307692306,1.9851923076923077,0.32144230769230764,0.2835989010989011,41,3.2895121951219513,4.244146341463415,0.5723780487804878,0.6063066202090592,18,3.6205555555555557,0.6551388888888889,6.0,48.28,0.4828,20
17-2071.00,Electrical Engineers,4.0,0.75,10,3.664,4.12,3.9619999999999997,4.38,0.666,0.566,25,2.6604,3.88,2.6148000000000002,4.0,0.4151,0.3735428571428572,120,32,10,33,2.4939393939393937,2.626969696969697,0.3734848484848484,0.37528138528138527,52,2.3690384615384614,2.1071153846153847,0.34225961538461536,0.3010164835164835,41,3.40609756097561,4.177317073170732,0.6015243902439025,0.5967595818815331,22,3.6295454545454544,0.6573863636363636,6.0,81.62,0.8162,20
17-2072.00,"Electronics Engineers, Except Computer",4.0,0.75,10,3.5130000000000003,4.0,3.836,4.12,0.6282500000000001,0.5479999999999999,25,2.946,4.0,3.1108,4.12,0.48650000000000004,0.44439999999999996,52,19,4,33,2.3266666666666667,2.3696969696969696,0.33166666666666667,0.3385281385281385,52,2.5026923076923073,2.3073076923076923,0.37567307692307683,0.3296153846153846,41,3.1404878048780485,3.7063414634146343,0.5351219512195121,0.5294773519163763,20,3.339,0.58475,6.0,83.3,0.833,20
17-2072.01,Radio Frequency Identification Device Specialists,4.0,0.75,10,3.173,3.88,3.45,4.0,0.54325,0.4928571428571429,25,2.636,3.38,2.8552,3.62,0.40900000000000003,0.4078857142857143,52,25,9,33,2.5309090909090908,2.5212121212121215,0.3827272727272727,0.3601731601731602,52,2.293076923076923,2.001923076923077,0.32326923076923075,0.28598901098901097,41,3.2970731707317076,3.89219512195122,0.5742682926829269,0.55602787456446,21,3.765238095238095,0.6913095238095237,6.0,74.83,0.7483,20
17-2081.00,Environmental Engineers,4.0,0.75,10,3.751,4.0,4.05,4.75,0.68775,0.5785714285714285,25,2.4796,3.88,2.3552,4.12,0.3699,0.33645714285714284,54,14,5,33,2.7796969696969698,3.269090909090909,0.44492424242424244,0.467012987012987,52,2.2446153846153845,1.9090384615384615,0.3111538461538461,0.2727197802197802,41,3.4946341463414634,4.423658536585366,0.6236585365853659,0.6319512195121951,29,3.7551724137931037,0.6887931034482759,6.0,61.9,0.619,20
17-2111.00,"Health and Safety Engineers, Except Mining Safety Engineers and Inspectors",4.0,0.75,10,3.4130000000000003,4.0,3.55,4.0,0.6032500000000001,0.5071428571428571,25,2.4592,3.62,2.3204,3.75,0.3648,0.3314857142857143,69,18,7,33,2.8781818181818184,3.3575757575757574,0.4695454545454546,0.4796536796536796,52,2.5173076923076922,2.2132692307692308,0.37932692307692306,0.31618131868131866,41,3.4497560975609756,4.052439024390244,0.6124390243902439,0.5789198606271777,27,3.8468,0.7117,Unspecified,0.0,0.0,20
17-2111.02,Fire-Prevention and Protection Engineers,4.0,0.75,10,3.687,4.25,3.8,4.25,0.67175,0.5428571428571428,25,2.8095999999999997,4.0,2.6904000000000003,4.12,0.4523999999999999,0.3843428571428572,47,10,5,33,2.77,3.233939393939394,0.4425,0.461991341991342,52,2.389423076923077,2.016730769230769,0.3473557692307693,0.2881043956043956,41,3.3824390243902442,4.099512195121951,0.5956097560975611,0.585644599303136,14,3.7892857142857146,0.6973214285714286,6.0,84.62,0.8462000000000001,20
17-2112.00,Industrial Engineers,4.0,0.75,10,3.438,4.0,3.774,4.5,0.6095,0.5391428571428571,25,2.42,3.88,2.3252,4.12,0.355,0.3321714285714286,102,28,6,33,2.6284848484848484,2.745151515151515,0.4071212121212121,0.39216450216450216,52,2.386346153846154,2.139423076923077,0.34658653846153853,0.30563186813186816,41,3.1709756097560975,3.5385365853658532,0.5427439024390244,0.5055052264808362,20,3.5355,0.633875,6.0,58.62,0.5861999999999999,20
17-2112.01,Human Factors Engineers and Ergonomists,5.0,1.0,10,3.725,4.0,4.115,4.75,0.68125,0.5878571428571429,25,2.5795999999999997,4.0,2.5856,4.38,0.3948999999999999,0.3693714285714286,62,32,3,33,2.5927272727272728,2.9754545454545456,0.3981818181818182,0.4250649350649351,52,2.3321153846153844,2.016923076923077,0.3330288461538461,0.28813186813186814,41,3.3270731707317074,4.0095121951219515,0.5817682926829268,0.572787456445993,26,4.014230769230769,0.7535576923076923,8.0,50.0,0.5,20
17-2112.02,Validation Engineers,4.0,0.75,10,3.7,4.12,3.9480000000000004,4.5,0.675,0.5640000000000001,25,2.4692000000000003,3.75,2.374,4.0,0.36730000000000007,0.33914285714285713,112,72,14,33,2.416060606060606,2.6178787878787877,0.3540151515151515,0.37398268398268397,52,2.3575,1.9932692307692308,0.339375,0.28475274725274724,41,3.291951219512195,3.9531707317073175,0.5729878048780488,0.5647386759581882,21,3.8566666666666665,0.7141666666666666,6.0,90.0,0.9,20
17-2112.03,Manufacturing Engineers,4.0,0.75,10,3.713,4.0,4.262,4.75,0.67825,0.6088571428571428,25,3.14,4.0,3.6444,4.62,0.535,0.5206285714285714,34,16,6,33,2.5596969696969696,2.916969696969697,0.3899242424242424,0.4167099567099567,52,2.7090384615384617,2.724038461538462,0.42725961538461543,0.3891483516483517,41,3.3485365853658533,3.9321951219512195,0.5871341463414633,0.5617421602787457,24,3.682916666666667,0.6707291666666667,6.0,76.0,0.76,20
17-2121.00,Marine Engineers and Naval Architects,4.0,0.75,10,3.6130000000000004,4.12,4.013,4.5,0.6532500000000001,0.5732857142857143,25,2.9304,4.12,3.0792,4.38,0.48260000000000003,0.4398857142857143,40,13,5,33,2.5715151515151513,3.0221212121212124,0.3928787878787878,0.4317316017316018,52,2.836346153846154,2.79,0.45908653846153846,0.3985714285714286,41,3.243170731707317,3.979024390243902,0.5607926829268293,0.5684320557491288,30,3.5593333333333335,0.6398333333333334,6.0,52.63,0.5263,20
17-2131.00,Materials Engineers,4.0,0.75,10,3.8,4.0,4.427,5.0,0.7,0.6324285714285713,25,2.65,4.0,2.7407999999999997,4.25,0.4125,0.3915428571428571,34,16,3,33,2.369393939393939,2.504545454545455,0.3423484848484848,0.35779220779220783,52,2.396346153846154,2.2023076923076923,0.3490865384615385,0.31461538461538463,41,3.205853658536585,3.8243902439024393,0.5514634146341463,0.5463414634146342,21,3.5833333333333335,0.6458333333333334,6.0,80.0,0.8,20
17-2141.00,Mechanical Engineers,4.0,0.75,10,3.553,3.88,4.15,4.75,0.63825,0.5928571428571429,25,2.846,3.75,3.1648,4.5,0.4615,0.45211428571428575,92,32,9,33,2.686969696969697,2.817575757575758,0.42174242424242425,0.40251082251082254,52,2.3996153846153847,2.1828846153846153,0.3499038461538462,0.31184065934065935,41,3.265121951219512,3.40390243902439,0.566280487804878,0.4862717770034843,28,3.5475,0.636875,6.0,52.29,0.5229,20
17-2141.01,Fuel Cell Engineers,4.0,0.75,10,3.6730000000000005,4.0,4.048,4.75,0.6682500000000001,0.5782857142857143,25,2.7936,3.62,2.9144,4.12,0.4484,0.4163428571428572,29,12,6,33,2.2215151515151517,2.368181818181818,0.3053787878787879,0.3383116883116883,52,2.488076923076923,2.298076923076923,0.3720192307692307,0.3282967032967033,41,3.294146341463415,4.100731707317073,0.5735365853658537,0.5858188153310104,26,3.623076923076923,0.6557692307692308,6.0,57.14,0.5714,20
17-2141.02,Automotive Engineers,4.0,0.75,10,3.614,4.12,4.175,4.88,0.6535,0.5964285714285714,25,2.75,4.12,2.7895999999999996,4.25,0.4375,0.39851428571428565,87,36,10,33,2.5566666666666666,2.9169696969696965,0.38916666666666666,0.41670995670995664,52,2.550576923076923,2.376153846153846,0.3876442307692307,0.3394505494505494,41,3.3458536585365857,4.235121951219512,0.5864634146341464,0.6050174216027875,25,3.7004,0.6751,6.0,71.43,0.7143,20
17-2151.00,"Mining and Geological Engineers, Including Mining Safety Engineers",4.0,0.75,10,3.75,4.0,4.224,4.75,0.6875,0.6034285714285714,25,2.7604,4.12,2.9904,4.62,0.44010000000000005,0.4272,45,15,6,33,2.473030303030303,2.6003030303030306,0.3682575757575758,0.3714718614718615,52,2.425576923076923,2.1732692307692307,0.3563942307692307,0.310467032967033,41,3.372682926829268,3.8675609756097558,0.593170731707317,0.5525087108013936,18,3.7344444444444442,0.6836111111111111,6.0,79.05,0.7905,20
17-2161.00,Nuclear Engineers,4.0,0.75,10,3.8869999999999996,4.12,4.276,5.0,0.7217499999999999,0.6108571428571429,25,2.8492,4.0,2.7948000000000004,4.38,0.46230000000000004,0.3992571428571429,39,14,4,33,2.6384848484848487,3.1463636363636365,0.40962121212121216,0.4494805194805195,52,2.408269230769231,2.0790384615384614,0.35206730769230776,0.29700549450549446,41,3.3200000000000003,4.214878048780488,0.5800000000000001,0.6021254355400697,20,3.8939999999999997,0.7234999999999999,6.0,80.95,0.8095,20
17-2171.00,Petroleum Engineers,4.0,0.75,10,3.6769999999999996,4.0,4.014,4.75,0.6692499999999999,0.5734285714285715,25,2.7356,3.88,2.61,4.12,0.43389999999999995,0.37285714285714283,44,22,4,33,2.34,2.4,0.33499999999999996,0.34285714285714286,52,2.2953846153846156,1.9226923076923077,0.3238461538461539,0.27467032967032967,41,3.2282926829268295,3.798292682926829,0.5570731707317074,0.5426132404181184,23,3.744782608695652,0.686195652173913,6.0,71.61,0.7161,20
17-2199.00,"Engineers, All Other",3.0,0.5,0,0.0,,0.0,,0.0,0.0,0,0.0,,0.0,,0.0,0.0,0,0,0,0,0.0,0.0,0.0,0.0,0,0.0,0.0,0.0,0.0,0,0.0,0.0,0.0,0.0,0,0.0,0.0,Unspecified,0.0,0.0,0
17-2199.03,"Energy Engineers, Except Wind and Solar",4.0,0.75,10,3.8519999999999994,4.12,4.173,4.88,0.7129999999999999,0.5961428571428572,25,2.516,4.0,2.4336,4.12,0.379,0.3476571428571429,45,13,7,33,2.4654545454545453,2.694848484848485,0.36636363636363634,0.384978354978355,52,2.2773076923076925,1.9280769230769232,0.3193269230769231,0.27543956043956047,41,3.2282926829268295,3.743170731707317,0.5570731707317074,0.5347386759581881,21,3.6185714285714283,0.6546428571428571,6.0,65.0,0.65,20
17-2199.05,Mechatronics Engineers,4.0,0.75,10,3.4490000000000003,3.75,3.825,4.12,0.6122500000000001,0.5464285714285715,25,2.7304000000000004,3.88,2.8508,4.25,0.4326000000000001,0.4072571428571429,54,19,13,33,2.1951515151515153,2.2142424242424243,0.2987878787878788,0.31632034632034634,52,2.433269230769231,2.2180769230769233,0.35831730769230774,0.3168681318681319,41,3.166585365853659,3.516341463414634,0.5416463414634147,0.5023344947735191,23,3.6030434782608696,0.6507608695652174,6.0,66.14,0.6614,20
17-2199.06,Microsystems Engineers,5.0,1.0,10,3.6740000000000004,4.0,3.989,4.75,0.6685000000000001,0.5698571428571428,25,2.8304,3.88,2.9104,4.25,0.4576,0.41577142857142857,89,30,0,33,2.336060606060606,2.6,0.3340151515151515,0.37142857142857144,52,2.5313461538461537,2.418269230769231,0.3828365384615384,0.34546703296703296,41,3.1402439024390243,3.7239024390243904,0.5350609756097561,0.53198606271777,31,3.5112,0.6278,8.0,34.17,0.3417,20
17-2199.07,Photonics Engineers,4.0,0.75,10,3.5869999999999997,4.0,4.337,5.0,0.6467499999999999,0.6195714285714286,25,2.71,3.38,3.01,4.0,0.4275,0.43,52,25,6,33,2.2063636363636365,2.2615151515151513,0.30159090909090913,0.323073593073593,52,2.4711538461538463,2.4125,0.36778846153846156,0.34464285714285714,41,3.1260975609756096,3.9056097560975607,0.5315243902439024,0.5579442508710801,26,3.3123076923076926,0.5780769230769232,6.0,52.38,0.5238,20
17-2199.08,Robotics Engineers,4.0,0.75,10,3.664,4.0,4.176,4.88,0.666,0.5965714285714286,25,3.1804,3.88,3.6096,4.25,0.5451,0.5156571428571428,67,28,10,33,2.578181818181818,2.8354545454545454,0.39454545454545453,0.40506493506493507,52,2.7578846153846155,2.719038461538461,0.4394711538461539,0.3884340659340659,41,3.4980487804878044,4.225853658536585,0.6245121951219511,0.6036933797909407,24,3.6304166666666666,0.6576041666666667,6.0,50.0,0.5,20
17-2199.09,Nanosystems Engineers,5.0,1.0,10,3.8019999999999996,4.0,4.451,5.0,0.7004999999999999,0.6358571428571428,25,2.8152,3.88,3.0452,4.12,0.4538,0.43502857142857143,49,18,0,33,2.4124242424242426,2.5945454545454547,0.35310606060606065,0.3706493506493507,52,2.538653846153846,2.5051923076923077,0.38466346153846154,0.3578846153846154,41,3.41780487804878,4.336341463414634,0.604451219512195,0.6194773519163762,25,3.3731999999999998,0.5932999999999999,11.0,57.14,0.5714,20
17-2199.10,Wind Energy Engineers,4.0,0.75,10,3.351,4.0,3.9,4.62,0.58775,0.5571428571428572,25,2.49,3.5,2.51,4.0,0.37250000000000005,0.35857142857142854,63,30,11,33,2.7145454545454544,3.0903030303030303,0.4286363636363636,0.44147186147186146,52,2.2182692307692307,1.9976923076923077,0.30456730769230766,0.2853846153846154,41,3.1578048780487804,3.652439024390244,0.5394512195121951,0.5217770034843205,16,3.3475,0.586875,6.0,69.64,0.6964,20
17-2199.11,Solar Energy Systems Engineers,4.0,0.75,10,3.5519999999999996,4.0,3.85,4.12,0.6379999999999999,0.55,25,2.5804,3.88,2.58,4.0,0.3951,0.3685714285714286,57,24,11,33,2.3306060606060606,2.436060606060606,0.33265151515151514,0.348008658008658,52,2.555769230769231,2.425576923076923,0.38894230769230775,0.346510989010989,41,3.319756097560976,3.740731707317073,0.579939024390244,0.534390243902439,13,3.7507692307692304,0.6876923076923076,6.0,55.56,0.5556,20
17-3011.00,Architectural and Civil Drafters,3.0,0.5,10,3.16,3.75,3.224,3.88,0.54,0.4605714285714286,25,2.2952,3.38,1.9704,3.38,0.3238,0.2814857142857143,81,26,14,33,2.4412121212121214,2.4496969696969697,0.36030303030303035,0.34995670995670997,52,2.2665384615384614,1.8696153846153847,0.31663461538461535,0.2670879120879121,41,3.3119512195121947,3.802195121951219,0.5779878048780487,0.543170731707317,26,3.5473076923076925,0.6368269230769231,6.0,42.13,0.4213,20
17-3012.00,Electrical and Electronics Drafters,3.0,0.5,10,3.075,3.62,3.124,3.88,0.51875,0.4462857142857143,25,2.3904,3.5,2.1204,3.25,0.3476,0.30291428571428575,75,22,8,33,2.401212121212121,2.244242424242424,0.3503030303030302,0.3206060606060606,52,2.311923076923077,1.9755769230769231,0.32798076923076924,0.28222527472527476,41,2.907560975609756,2.783170731707317,0.47689024390243895,0.397595818815331,30,3.7340740740740737,0.6835185185185184,6.0,40.08,0.4008,20
17-3013.00,Mechanical Drafters,3.0,0.5,10,3.013,3.38,3.286,3.88,0.50325,0.4694285714285714,25,2.256,3.38,2.0352,3.25,0.31399999999999995,0.29074285714285714,43,17,12,33,2.1445454545454545,1.8036363636363637,0.28613636363636363,0.25766233766233765,52,2.196346153846154,1.9088461538461539,0.29908653846153854,0.2726923076923077,41,2.643414634146341,2.6009756097560977,0.4108536585365853,0.3715679442508711,16,3.7375,0.684375,2.0,44.43,0.4443,20
17-3019.00,"Drafters, All Other",3.0,0.5,0,0.0,,0.0,,0.0,0.0,0,0.0,,0.0,,0.0,0.0,0,0,0,0,0.0,0.0,0.0,0.0,0,0.0,0.0,0.0,0.0,0,0.0,0.0,0.0,0.0,0,0.0,0.0,Unspecified,0.0,0.0,0
17-3021.00,Aerospace Engineering and Operations Technologists and Technicians,3.0,0.5,10,3.311,3.88,3.3619999999999997,4.0,0.57775,0.48028571428571426,25,2.804,3.75,2.75,3.62,0.45099999999999996,0.39285714285714285,40,27,0,33,2.2793939393939393,2.224848484848485,0.3198484848484848,0.31783549783549786,52,2.6228846153846153,2.3678846153846154,0.4057211538461538,0.33826923076923077,41,3.2304878048780483,3.5029268292682927,0.5576219512195121,0.500418118466899,11,4.329090909090909,0.8322727272727273,3.0,39.23,0.3923,20
17-3022.00,Civil Engineering Technologists and Technicians,3.0,0.5,10,3.276,3.88,3.374,4.12,0.569,0.48200000000000004,25,2.2396000000000003,3.12,1.9656,3.25,0.30990000000000006,0.2808,24,12,8,33,2.6551515151515153,2.653030303030303,0.4137878787878788,0.37900432900432895,52,2.4165384615384613,2.0892307692307694,0.3541346153846153,0.2984615384615385,41,3.058048780487805,3.0621951219512193,0.5145121951219512,0.43745644599303135,14,3.8757142857142854,0.7189285714285714,3.0,29.77,0.2977,20
17-3023.00,Electrical and Electronic Engineering Technologists and Technicians,3.0,0.5,10,3.163,3.88,3.137,4.12,0.54075,0.4481428571428571,25,2.6844,3.62,2.5992,3.75,0.42110000000000003,0.37131428571428576,103,25,3,33,2.2493939393939395,2.0042424242424244,0.3123484848484849,0.28632034632034636,52,2.579423076923077,2.38,0.39485576923076926,0.33999999999999997,41,3.027560975609756,3.3173170731707313,0.506890243902439,0.47390243902439017,28,3.735357142857143,0.6838392857142858,5.0,33.95,0.3395,20
17-3024.00,Electro-Mechanical and Mechatronics Technologists and Technicians,3.0,0.5,10,3.161,3.75,3.3619999999999997,4.0,0.54025,0.48028571428571426,25,2.8944,4.0,2.8792,4.0,0.4736,0.4113142857142857,41,15,0,33,2.0109090909090908,1.7857575757575757,0.2527272727272727,0.2551082251082251,52,2.835769230769231,2.7832692307692306,0.4589423076923077,0.39760989010989006,41,3.235121951219512,3.547560975609756,0.558780487804878,0.506794425087108,28,3.799615384615385,0.6999038461538463,3.0,31.72,0.3172,20
17-3024.01,Robotics Technicians,3.0,0.5,10,3.3,3.88,3.498,4.0,0.575,0.4997142857142857,25,3.02,4.0,3.0048000000000004,4.0,0.505,0.4292571428571429,51,22,5,33,2.2390909090909092,2.202121212121212,0.3097727272727273,0.3145887445887446,52,2.9036538461538464,2.920961538461538,0.4759134615384616,0.41728021978021973,41,3.302439024390244,3.7634146341463417,0.575609756097561,0.5376306620209059,22,3.7240909090909096,0.6810227272727274,5.0,45.45,0.4545,20
17-3025.00,Environmental Engineering Technologists and Technicians,4.0,0.75,10,3.465,3.88,3.8009999999999997,4.0,0.61625,0.5429999999999999,25,2.6856,3.25,2.6652,3.62,0.4214,0.38074285714285716,69,14,0,33,2.400909090909091,2.4699999999999998,0.3502272727272727,0.3528571428571428,52,2.7382692307692307,2.6873076923076926,0.43456730769230767,0.38390109890109897,41,2.9560975609756097,3.091951219512195,0.48902439024390243,0.44170731707317074,23,3.5656521739130436,0.6414130434782609,6.0,67.31,0.6731,20
17-3026.00,Industrial Engineering Technologists and Technicians,3.0,0.5,10,3.2990000000000004,3.88,3.6769999999999996,4.0,0.5747500000000001,0.5252857142857142,25,2.6844,3.62,2.71,3.88,0.42110000000000003,0.3871428571428571,104,22,2,33,2.563030303030303,2.5596969696969696,0.39075757575757575,0.36567099567099565,52,2.453653846153846,2.1867307692307696,0.36341346153846155,0.31239010989010996,41,3.084878048780488,3.298536585365854,0.521219512195122,0.471219512195122,30,3.7356666666666665,0.6839166666666666,6.0,52.52,0.5252,20
17-3026.01,Nanotechnology Engineering Technologists and Technicians,4.0,0.75,10,3.563,4.12,3.85,4.62,0.64075,0.55,25,2.7708,3.62,2.6296,3.62,0.4427,0.37565714285714286,10,6,0,33,2.4439393939393943,2.5093939393939393,0.3609848484848486,0.35848484848484846,52,2.8234615384615385,2.696923076923077,0.4558653846153846,0.38527472527472534,41,3.486829268292683,4.084634146341464,0.6217073170731707,0.5835191637630662,25,3.7332,0.6833,11.0,40.0,0.4,20
17-3027.00,Mechanical Engineering Technologists and Technicians,3.0,0.5,10,3.3609999999999998,3.75,3.5380000000000003,4.25,0.5902499999999999,0.5054285714285714,25,2.7748000000000004,3.62,2.7104000000000004,3.5,0.4437000000000001,0.38720000000000004,44,16,3,33,2.3203030303030303,2.202121212121212,0.3300757575757576,0.3145887445887446,52,2.836346153846154,2.7903846153846152,0.45908653846153846,0.3986263736263736,41,3.3695121951219513,3.6141463414634147,0.5923780487804878,0.5163066202090593,30,3.496923076923077,0.6242307692307693,6.0,36.52,0.3652,20
17-3027.01,Automotive Engineering Technicians,3.0,0.5,10,3.136,3.62,3.289,4.0,0.534,0.46985714285714286,25,2.6708,3.25,2.61,3.25,0.41769999999999996,0.37285714285714283,11,4,0,33,2.4836363636363634,2.5851515151515154,0.37090909090909085,0.36930735930735936,52,2.757307692307692,2.6484615384615386,0.439326923076923,0.37835164835164836,41,3.274390243902439,3.580975609756097,0.5685975609756098,0.511567944250871,18,3.7994444444444446,0.6998611111111112,5.0,37.04,0.3704,20
17-3028.00,Calibration Technologists and Technicians,3.0,0.5,0,0.0,,0.0,,0.0,0.0,0,0.0,,0.0,,0.0,0.0,16,13,6,0,0.0,0.0,0.0,0.0,0,0.0,0.0,0.0,0.0,41,3.218780487804878,3.4626829268292685,0.5546951219512195,0.49466898954703836,14,3.9535714285714287,0.7383928571428572,Unspecified,0.0,0.0,20
17-3029.00,"Engineering Technologists and Technicians, Except Drafters, All Other",3.0,0.5,0,0.0,,0.0,,0.0,0.0,0,0.0,,0.0,,0.0,0.0,0,0,0,0,0.0,0.0,0.0,0.0,0,0.0,0.0,0.0,0.0,0,0.0,0.0,0.0,0.0,0,0.0,0.0,Unspecified,0.0,0.0,0
17-3029.01,Non-Destructive Testing Specialists,2.0,0.25,10,3.3240000000000003,3.88,3.373,3.88,0.5810000000000001,0.4818571428571429,25,2.5888,3.88,2.3304,4.0,0.3972,0.3329142857142857,20,9,3,33,2.5518181818181818,2.786060606060606,0.38795454545454544,0.39800865800865803,52,2.766153846153846,2.7136538461538464,0.44153846153846155,0.3876648351648352,41,3.6370731707317074,4.457073170731707,0.6592682926829269,0.6367247386759581,16,4.469375,0.8673437500000001,2.0,68.18,0.6818000000000001,20
17-3029.08,Photonics Technicians,3.0,0.5,10,3.1,3.5,3.2,3.75,0.525,0.4571428571428572,25,2.6804,3.38,2.6944,3.62,0.42010000000000003,0.3849142857142857,17,10,1,33,2.1633333333333336,2.1360606060606058,0.2908333333333334,0.3051515151515151,52,2.4661538461538464,2.3007692307692307,0.3665384615384616,0.32868131868131867,41,3.170487804878049,3.4990243902439024,0.5426219512195123,0.49986062717770036,24,3.6183333333333336,0.6545833333333334,5.0,40.91,0.40909999999999996,20
17-3031.00,Surveying and Mapping Technicians,3.0,0.5,10,3.05,3.62,3.136,3.75,0.5125,0.448,25,2.3552,3.25,2.0848,3.38,0.3388,0.29782857142857144,101,20,8,33,2.326363636363636,2.240909090909091,0.33159090909090905,0.32012987012987015,52,2.5524999999999998,2.3003846153846155,0.38812499999999994,0.32862637362637365,41,3.2129268292682926,3.485853658536585,0.5532317073170732,0.49797909407665497,30,3.8800000000000003,0.7200000000000001,2.0,32.74,0.3274,20
19-1011.00,Animal Scientists,5.0,1.0,10,3.814,4.12,4.051,4.88,0.7035,0.5787142857142857,25,2.5448,4.0,2.3487999999999998,4.5,0.3862,0.3355428571428571,27,11,0,33,2.563939393939394,2.964242424242424,0.3909848484848485,0.42346320346320343,52,2.5288461538461537,2.2940384615384612,0.38221153846153844,0.32771978021978015,41,3.461463414634146,4.374878048780488,0.6153658536585365,0.6249825783972126,9,4.017777777777777,0.7544444444444443,11.0,43.48,0.43479999999999996,20
19-1012.00,Food Scientists and Technologists,4.0,0.75,10,3.726,4.0,4.012,4.62,0.6815,0.5731428571428571,25,2.5848,3.88,2.3796,3.88,0.3962,0.33994285714285716,22,13,4,33,2.6175757575757572,2.8442424242424242,0.4043939393939393,0.4063203463203463,52,2.585384615384615,2.3811538461538464,0.3963461538461538,0.3401648351648352,41,3.434146341463415,3.93780487804878,0.6085365853658538,0.5625435540069686,13,3.8938461538461535,0.7234615384615384,6.0,81.82,0.8181999999999999,20
19-1013.00,Soil and Plant Scientists,5.0,1.0,10,3.751,4.0,4.3759999999999994,5.0,0.68775,0.6251428571428571,25,2.5004,3.88,2.3852,4.25,0.3751,0.3407428571428572,35,11,2,33,2.668181818181818,3.09,0.4170454545454545,0.4414285714285714,52,2.6532692307692307,2.518653846153846,0.4133173076923077,0.35980769230769233,41,3.4746341463414634,4.321219512195122,0.6186585365853658,0.6173170731707317,27,3.3622222222222224,0.5905555555555556,8.0,28.57,0.2857,20
19-1021.00,Biochemists and Biophysicists,5.0,1.0,10,4.175,4.75,4.824,5.25,0.79375,0.6891428571428572,25,2.6496,4.12,2.7439999999999998,4.38,0.4124,0.39199999999999996,72,16,4,33,2.349090909090909,2.609090909090909,0.3372727272727273,0.3727272727272727,52,2.525961538461538,2.4559615384615388,0.38149038461538454,0.3508516483516484,41,3.6826829268292687,4.698536585365853,0.6706707317073172,0.6712195121951219,24,3.8562499999999997,0.7140624999999999,12.0,40.0,0.4,20
19-1022.00,Microbiologists,4.0,0.75,10,3.874,4.62,4.375,5.12,0.7185,0.625,25,2.4952,3.75,2.5048,4.0,0.3738,0.35782857142857144,44,8,4,33,2.478181818181818,2.7560606060606063,0.3695454545454545,0.39372294372294375,52,2.5646153846153847,2.5578846153846153,0.3911538461538462,0.3654120879120879,41,3.4180487804878044,3.9180487804878044,0.6045121951219511,0.5597212543554007,14,3.9435714285714285,0.7358928571428571,6.0,63.64,0.6364,20
19-1023.00,Zoologists and Wildlife Biologists,4.0,0.75,10,3.725,4.0,3.9240000000000004,5.0,0.68125,0.5605714285714286,25,2.5092000000000003,4.0,2.2536,4.0,0.3773000000000001,0.32194285714285714,26,13,6,33,2.453333333333333,2.9890909090909092,0.3633333333333333,0.427012987012987,52,2.648653846153846,2.5773076923076923,0.4121634615384615,0.3681868131868132,41,3.4717073170731707,4.3968292682926835,0.6179268292682927,0.6281184668989548,14,3.79,0.6975,6.0,72.41,0.7241,20
19-1029.00,"Biological Scientists, All Other",3.0,0.5,0,0.0,,0.0,,0.0,0.0,0,0.0,,0.0,,0.0,0.0,0,0,0,0,0.0,0.0,0.0,0.0,0,0.0,0.0,0.0,0.0,0,0.0,0.0,0.0,0.0,0,0.0,0.0,Unspecified,0.0,0.0,0
19-1029.01,Bioinformatics Scientists,5.0,1.0,10,3.8519999999999994,4.38,4.451,5.12,0.7129999999999999,0.6358571428571428,25,2.35,4.0,2.2444,4.5,0.3375,0.32062857142857143,93,48,17,33,2.1763636363636363,2.0154545454545456,0.29409090909090907,0.28792207792207797,52,2.337307692307692,2.0846153846153848,0.334326923076923,0.2978021978021978,41,2.825365853658537,3.0541463414634147,0.4563414634146342,0.43630662020905925,20,3.867,0.71675,8.0,42.1,0.42100000000000004,20
19-1029.02,Molecular and Cellular Biologists,5.0,1.0,10,4.076,4.75,4.775,5.62,0.7689999999999999,0.6821428571428572,25,2.6792000000000002,4.0,2.7,4.62,0.41980000000000006,0.38571428571428573,43,11,2,33,2.3709090909090906,2.5275757575757574,0.34272727272727266,0.36108225108225106,52,2.5936538461538463,2.498076923076923,0.3984134615384616,0.3568681318681319,41,3.3841463414634148,3.985853658536585,0.5960365853658537,0.5694076655052264,22,3.7681818181818185,0.6920454545454546,6.0,34.62,0.34619999999999995,20
19-1029.03,Geneticists,5.0,1.0,10,3.9880000000000004,4.25,4.264,5.0,0.7470000000000001,0.6091428571428572,25,2.5436,4.0,2.2632,4.0,0.3859,0.3233142857142857,36,16,1,33,2.110606060606061,2.1893939393939394,0.2776515151515152,0.31277056277056275,52,2.4596153846153848,2.2115384615384617,0.3649038461538462,0.315934065934066,41,3.277560975609756,4.027317073170732,0.569390243902439,0.5753310104529616,24,3.7412500000000004,0.6853125000000001,12.0,36.0,0.36,20
19-1029.04,Biologists,5.0,1.0,10,3.874,4.62,4.561999999999999,5.12,0.7185,0.6517142857142856,25,2.3352,3.75,2.1748,4.0,0.3338,0.3106857142857143,56,17,4,33,2.561212121212121,2.8315151515151515,0.39030303030303026,0.40450216450216453,52,2.6028846153846152,2.4440384615384616,0.4007211538461538,0.3491483516483517,41,3.674634146341463,4.2039024390243895,0.6686585365853658,0.6005574912891986,22,3.688181818181818,0.6720454545454545,8.0,54.99,0.5499,20
19-1031.00,Conservation Scientists,4.0,0.75,10,3.438,3.88,3.5140000000000002,3.88,0.6095,0.502,25,2.4848,3.62,2.2288,3.75,0.3712,0.3184,38,11,4,33,2.7187878787878788,3.0803030303030305,0.4296969696969697,0.44004329004329007,52,2.683076923076923,2.556346153846154,0.4207692307692308,0.3651923076923077,41,3.475853658536585,3.9626829268292685,0.6189634146341463,0.5660975609756098,30,3.8676666666666666,0.7169166666666666,6.0,69.57,0.6957,20
19-1031.02,Range Managers,4.0,0.75,10,3.539,4.0,3.775,4.38,0.63475,0.5392857142857143,25,2.4756,3.88,2.2788,4.12,0.3689,0.32554285714285713,52,18,0,33,2.465151515151515,2.7372727272727273,0.3662878787878787,0.391038961038961,52,2.526923076923077,2.353076923076923,0.3817307692307692,0.33615384615384614,41,3.4041463414634143,4.034634146341463,0.6010365853658536,0.576376306620209,18,3.835,0.70875,6.0,75.0,0.75,20
19-1031.03,Park Naturalists,4.0,0.75,10,3.275,4.0,3.3369999999999997,4.12,0.56875,0.4767142857142857,25,2.3196,3.75,1.9944,3.62,0.32989999999999997,0.28491428571428573,13,8,1,33,2.4703030303030302,2.5748484848484847,0.36757575757575756,0.3678354978354978,52,2.56,2.4065384615384615,0.39,0.3437912087912088,41,3.27390243902439,3.6141463414634147,0.5684756097560975,0.5163066202090593,20,3.7185,0.679625,6.0,75.0,0.75,20
19-1032.00,Foresters,4.0,0.75,10,3.588,4.0,3.847,4.25,0.647,0.5495714285714286,25,2.6992000000000003,3.88,2.656,4.25,0.42480000000000007,0.37942857142857145,22,8,5,33,2.5936363636363637,3.0254545454545454,0.39840909090909093,0.4322077922077922,52,2.726730769230769,2.675,0.4316826923076923,0.3821428571428571,41,3.3758536585365855,4.050487804878049,0.5939634146341464,0.5786411149825784,25,3.8080000000000003,0.7020000000000001,6.0,72.92,0.7292000000000001,20
19-1041.00,Epidemiologists,5.0,1.0,10,3.9850000000000003,4.25,4.586,5.12,0.7462500000000001,0.6551428571428571,25,2.4896000000000003,4.25,2.2544,4.5,0.37240000000000006,0.3220571428571429,42,14,5,33,2.4060606060606062,2.666060606060606,0.35151515151515156,0.38086580086580085,52,2.3413461538461537,2.0138461538461536,0.33533653846153844,0.28769230769230764,41,3.265121951219512,3.940731707317073,0.566280487804878,0.5629616724738675,16,3.845,0.71125,8.0,66.67,0.6667000000000001,20
19-1042.00,"Medical Scientists, Except Epidemiologists",5.0,1.0,10,3.9230000000000005,4.25,4.563000000000001,5.25,0.7307500000000001,0.6518571428571429,25,2.5008,4.0,2.4088,4.62,0.3752,0.3441142857142857,37,15,3,33,2.053939393939394,2.0415151515151515,0.26348484848484854,0.29164502164502165,52,2.3821153846153846,2.2334615384615386,0.34552884615384616,0.3190659340659341,41,3.1146341463414635,3.6863414634146343,0.5286585365853659,0.5266202090592335,14,4.117142857142857,0.7792857142857144,11.0,35.91,0.3591,20
19-1099.00,"Life Scientists, All Other",3.0,0.5,0,0.0,,0.0,,0.0,0.0,0,0.0,,0.0,,0.0,0.0,0,0,0,0,0.0,0.0,0.0,0.0,0,0.0,0.0,0.0,0.0,0,0.0,0.0,0.0,0.0,0,0.0,0.0,Unspecified,0.0,0.0,0
19-2011.00,Astronomers,5.0,1.0,10,3.999,4.25,4.573,5.12,0.74975,0.6532857142857144,25,2.4044,3.62,2.2292,4.0,0.35109999999999997,0.3184571428571429,38,15,4,33,2.2115151515151514,2.3630303030303033,0.30287878787878786,0.3375757575757576,52,2.3915384615384614,2.1126923076923076,0.34788461538461535,0.3018131868131868,41,3.1058536585365855,3.814878048780488,0.5264634146341464,0.5449825783972125,17,3.9105882352941177,0.7276470588235294,11.0,65.22,0.6522,20
19-2012.00,Physicists,5.0,1.0,10,4.375,4.88,5.226,5.88,0.84375,0.7465714285714286,25,2.7544,4.38,2.87,5.0,0.4386,0.41000000000000003,74,29,2,33,2.232121212121212,2.6266666666666665,0.308030303030303,0.3752380952380952,52,2.516923076923077,2.4667307692307694,0.37923076923076926,0.35239010989010994,41,3.3341463414634145,4.524390243902439,0.5835365853658536,0.6463414634146342,16,3.826875,0.70671875,11.0,49.04,0.4904,20
19-2021.00,Atmospheric and Space Scientists,4.0,0.75,10,3.7619999999999996,4.12,4.151,4.88,0.6904999999999999,0.593,25,2.26,3.88,1.9956,4.0,0.31499999999999995,0.2850857142857143,62,19,1,33,2.295757575757576,2.473939393939394,0.32393939393939397,0.35341991341991347,52,2.2626923076923076,1.9140384615384616,0.3156730769230769,0.27343406593406594,41,3.0573170731707315,3.6892682926829266,0.5143292682926829,0.5270383275261323,27,3.764074074074074,0.6910185185185185,6.0,60.0,0.6,20
19-2031.00,Chemists,4.0,0.75,10,3.7369999999999997,4.12,4.274,5.12,0.6842499999999999,0.6105714285714285,25,2.6039999999999996,3.62,2.5556,4.12,0.4009999999999999,0.3650857142857143,72,15,3,33,2.3415151515151513,2.3687878787878787,0.33537878787878783,0.33839826839826836,52,2.5524999999999998,2.4621153846153847,0.38812499999999994,0.35173076923076924,41,3.270731707317073,3.791951219512195,0.5676829268292682,0.5417073170731708,12,3.855,0.71375,6.0,55.91,0.5590999999999999,20
19-2032.00,Materials Scientists,4.0,0.75,10,3.7,4.0,4.176,4.88,0.675,0.5965714285714286,25,2.5,4.0,2.374,4.12,0.375,0.33914285714285713,37,9,5,33,2.4696969696969697,2.624848484848485,0.36742424242424243,0.374978354978355,52,2.3315384615384613,2.101923076923077,0.33288461538461533,0.30027472527472526,41,3.2417073170731707,3.9275609756097563,0.5604268292682927,0.5610801393728223,16,3.94375,0.7359375,6.0,61.9,0.619,20
19-2041.00,"Environmental Scientists and Specialists, Including Health",4.0,0.75,10,3.775,4.0,4.223000000000001,4.75,0.69375,0.6032857142857144,25,2.4888,4.0,2.4944,4.0,0.3722,0.3563428571428572,61,17,7,33,2.374242424242424,2.2278787878787876,0.343560606060606,0.3182683982683982,52,2.4513461538461536,2.228076923076923,0.3628365384615384,0.3182967032967033,41,3.2239024390243904,3.891219512195122,0.5559756097560976,0.5558885017421603,22,3.4513636363636366,0.6128409090909092,6.0,47.49,0.47490000000000004,20
19-2041.01,Climate Change Policy Analysts,5.0,1.0,10,3.55,4.25,3.725,4.25,0.6375,0.5321428571428571,25,2.2992000000000004,3.75,2.0088,4.12,0.3248000000000001,0.28697142857142854,25,13,3,33,2.1675757575757575,2.2015151515151516,0.2918939393939394,0.3145021645021645,52,2.150961538461538,1.6867307692307691,0.28774038461538454,0.24096153846153845,41,3.0014634146341463,3.4395121951219516,0.5003658536585366,0.49135888501742164,14,4.090714285714285,0.7726785714285713,8.0,60.87,0.6087,20
19-2041.02,Environmental Restoration Planners,5.0,1.0,10,3.6519999999999997,4.0,3.925,4.25,0.6629999999999999,0.5607142857142857,25,2.5904000000000003,3.88,2.4404,4.0,0.39760000000000006,0.3486285714285714,26,16,3,33,2.5490909090909093,2.8687878787878787,0.3872727272727273,0.4098268398268398,52,2.553653846153846,2.4326923076923075,0.38841346153846146,0.3475274725274725,41,3.4951219512195126,4.123414634146341,0.6237804878048782,0.5890592334494773,23,3.8865217391304347,0.7216304347826087,6.0,50.0,0.5,20
19-2041.03,Industrial Ecologists,5.0,1.0,10,3.6740000000000004,4.12,4.112,4.75,0.6685000000000001,0.5874285714285714,25,2.3496,3.75,2.204,4.62,0.33740000000000003,0.3148571428571429,45,28,1,33,2.4627272727272724,2.8772727272727274,0.3656818181818181,0.41103896103896104,52,2.2071153846153844,1.9090384615384615,0.3017788461538461,0.2727197802197802,41,2.9853658536585366,3.6312195121951216,0.49634146341463414,0.5187456445993031,38,3.4678947368421054,0.6169736842105263,8.0,65.22,0.6522,20
19-2042.00,"Geoscientists, Except Hydrologists and Geographers",4.0,0.75,10,3.7380000000000004,4.25,4.199,5.12,0.6845000000000001,0.5998571428571429,25,2.476,3.88,2.2736,4.38,0.369,0.32480000000000003,140,17,10,33,2.4872727272727273,2.9260606060606063,0.3718181818181818,0.41800865800865805,52,2.653461538461538,2.3959615384615387,0.4133653846153845,0.34228021978021983,41,3.551951219512195,4.512439024390243,0.6379878048780487,0.6446341463414633,32,3.5690625000000002,0.6422656250000001,6.0,48.15,0.4815,20
19-2043.00,Hydrologists,4.0,0.75,10,3.714,4.12,4.174,4.88,0.6785,0.5962857142857143,25,2.6,3.88,2.62,4.25,0.4,0.3742857142857143,154,15,10,33,2.2827272727272727,2.5618181818181816,0.3206818181818182,0.36597402597402595,52,2.6290384615384617,2.4661538461538464,0.4072596153846154,0.3523076923076923,41,3.3119512195121947,4.16609756097561,0.5779878048780487,0.5951567944250871,25,3.8916000000000004,0.7229000000000001,6.0,63.64,0.6364,20
19-2099.00,"Physical Scientists, All Other",3.0,0.5,0,0.0,,0.0,,0.0,0.0,0,0.0,,0.0,,0.0,0.0,0,0,0,0,0.0,0.0,0.0,0.0,0,0.0,0.0,0.0,0.0,0,0.0,0.0,0.0,0.0,0,0.0,0.0,Unspecified,0.0,0.0,0
19-2099.01,Remote Sensing Scientists and Technologists,4.0,0.75,10,3.715,4.0,4.112,4.75,0.67875,0.5874285714285714,25,2.496,3.75,2.3552,4.12,0.374,0.33645714285714284,89,56,1,33,2.524242424242424,2.8151515151515154,0.381060606060606,0.4021645021645022,52,2.391730769230769,2.105576923076923,0.3479326923076923,0.30079670329670327,41,3.332439024390244,3.9182926829268294,0.583109756097561,0.5597560975609757,24,3.8633333333333333,0.7158333333333333,6.0,60.0,0.6,20
19-3011.00,Economists,5.0,1.0,10,3.623,4.12,3.975,4.75,0.65575,0.5678571428571428,25,2.2092,4.0,1.8747999999999998,4.12,0.3023,0.2678285714285714,52,24,12,33,2.1018181818181816,2.232727272727273,0.2754545454545454,0.318961038961039,52,2.1563461538461537,1.7671153846153846,0.2890865384615384,0.2524450549450549,41,2.9839024390243902,3.7173170731707317,0.49597560975609756,0.5310452961672474,14,3.8042857142857143,0.7010714285714286,8.0,50.0,0.5,20
19-3011.01,Environmental Economists,5.0,1.0,10,3.6630000000000003,4.12,4.061999999999999,4.75,0.6657500000000001,0.5802857142857142,25,2.2644,3.62,2.0547999999999997,4.0,0.31610000000000005,0.2935428571428571,35,20,0,33,2.0596969696969696,2.241818181818182,0.2649242424242424,0.3202597402597403,52,2.1925,1.8365384615384615,0.298125,0.2623626373626374,41,2.727560975609756,3.2965853658536584,0.431890243902439,0.47094076655052264,20,3.5770000000000004,0.6442500000000001,11.0,44.44,0.44439999999999996,20
19-3022.00,Survey Researchers,5.0,1.0,10,3.838,4.25,4.15,4.88,0.7095,0.5928571428571429,25,2.3952,3.88,2.0496,3.88,0.3488,0.2928,98,22,10,33,2.2754545454545454,2.381515151515152,0.31886363636363635,0.34021645021645025,52,2.254423076923077,1.809423076923077,0.3136057692307692,0.258489010989011,41,3.2112195121951217,3.696829268292683,0.5528048780487804,0.5281184668989547,16,4.159375,0.78984375,6.0,50.0,0.5,20
19-3032.00,Industrial-Organizational Psychologists,5.0,1.0,10,3.9880000000000004,4.38,4.35,4.88,0.7470000000000001,0.6214285714285713,25,2.68,4.12,2.52,4.5,0.42000000000000004,0.36,29,14,0,33,2.3257575757575757,2.4072727272727272,0.3314393939393939,0.34389610389610387,52,2.266923076923077,1.8584615384615384,0.31673076923076926,0.2654945054945055,41,3.3165853658536584,3.8973170731707314,0.5791463414634146,0.5567595818815331,25,3.906,0.7265,8.0,57.69,0.5769,20
19-3033.00,Clinical and Counseling Psychologists,5.0,1.0,10,3.75,4.75,3.752,4.88,0.6875,0.5359999999999999,25,2.3044,4.38,1.9,5.0,0.32609999999999995,0.2714285714285714,57,10,3,33,2.284242424242424,2.3642424242424243,0.32106060606060605,0.33774891774891774,52,2.1901923076923078,1.761346153846154,0.29754807692307694,0.2516208791208791,41,3.087317073170732,3.6199999999999997,0.521829268292683,0.5171428571428571,30,3.8853333333333335,0.7213333333333334,12.0,48.0,0.48,20
19-3034.00,School Psychologists,5.0,1.0,10,3.912,4.62,4.1259999999999994,4.88,0.728,0.5894285714285713,25,2.3447999999999998,4.25,1.9796,5.12,0.33619999999999994,0.2828,27,5,0,33,2.236969696969697,2.152121212121212,0.3092424242424242,0.3074458874458874,52,2.2721153846153848,1.856730769230769,0.3180288461538462,0.26524725274725275,41,3.2539024390243902,3.715121951219512,0.5634756097560976,0.5307317073170731,19,4.25,0.8125,9.0,57.69,0.5769,20
19-3039.00,"Psychologists, All Other",3.0,0.5,0,0.0,,0.0,,0.0,0.0,0,0.0,,0.0,,0.0,0.0,0,0,0,0,0.0,0.0,0.0,0.0,0,0.0,0.0,0.0,0.0,0,0.0,0.0,0.0,0.0,0,0.0,0.0,Unspecified,0.0,0.0,0
19-3039.02,Neuropsychologists,5.0,1.0,10,3.95,4.5,4.413,5.38,0.7375,0.6304285714285714,25,2.4596,4.25,2.2359999999999998,4.88,0.3649,0.3194285714285714,23,5,0,33,2.4939393939393937,2.730909090909091,0.3734848484848484,0.39012987012987016,52,2.376923076923077,2.125,0.34423076923076923,0.30357142857142855,41,3.295121951219512,3.8114634146341464,0.573780487804878,0.5444947735191638,14,4.24,0.81,12.0,84.0,0.84,20
19-3039.03,Clinical Neuropsychologists,5.0,1.0,10,3.6740000000000004,4.38,3.9909999999999997,4.75,0.6685000000000001,0.5701428571428571,25,2.3756,4.12,2.056,4.88,0.3439,0.2937142857142857,22,5,0,33,2.403939393939394,2.614848484848485,0.35098484848484846,0.3735497835497836,52,2.434423076923077,2.123269230769231,0.35860576923076926,0.30332417582417587,41,3.321951219512195,3.9153658536585367,0.5804878048780487,0.5593379790940767,18,4.388333333333333,0.8470833333333332,12.0,91.67,0.9167000000000001,20
19-3041.00,Sociologists,5.0,1.0,10,3.7619999999999996,4.12,4.226,4.75,0.6904999999999999,0.6037142857142858,25,2.2492,3.88,1.8703999999999998,4.38,0.3123,0.2672,39,18,0,33,2.285757575757576,2.5615151515151515,0.321439393939394,0.36593073593073594,52,2.083269230769231,1.7213461538461539,0.2708173076923077,0.2459065934065934,41,3.1504878048780487,3.9287804878048784,0.5376219512195122,0.5612543554006969,15,3.8973333333333335,0.7243333333333334,11.0,50.0,0.5,20
19-3051.00,Urban and Regional Planners,5.0,1.0,10,3.499,4.12,3.825,4.38,0.62475,0.5464285714285715,25,2.4992,4.12,2.3196,4.25,0.3748,0.33137142857142854,77,24,7,33,2.4493939393939392,2.699090909090909,0.3623484848484848,0.3855844155844156,52,2.2690384615384613,1.959230769230769,0.31725961538461533,0.2798901098901099,41,3.3285365853658537,3.9360975609756097,0.5821341463414634,0.5622996515679443,25,4.1078947368421055,0.7769736842105264,8.0,56.0,0.56,20
19-3091.00,Anthropologists and Archeologists,5.0,1.0,10,3.7369999999999997,4.25,4.163,5.0,0.6842499999999999,0.5947142857142858,25,2.1996,3.75,1.8552000000000002,3.88,0.29990000000000006,0.26502857142857145,58,20,6,33,2.466060606060606,2.9075757575757577,0.36651515151515146,0.4153679653679654,52,2.4498076923076924,2.1709615384615386,0.3624519230769231,0.31013736263736263,41,3.211707317073171,4.032439024390245,0.5529268292682927,0.5760627177700349,30,3.7056666666666667,0.6764166666666667,11.0,40.0,0.4,20
19-3092.00,Geographers,4.0,0.75,10,3.6109999999999998,4.12,3.999,4.88,0.6527499999999999,0.5712857142857143,25,2.214,3.62,1.8436000000000001,3.62,0.3035,0.2633714285714286,45,14,6,33,2.3860606060606058,2.7375757575757578,0.34651515151515144,0.3910822510822511,52,2.246923076923077,1.9015384615384614,0.31173076923076926,0.2716483516483516,41,3.106829268292683,3.6548780487804877,0.5267073170731708,0.5221254355400696,12,3.8708333333333336,0.7177083333333334,6.0,45.0,0.45,20
19-3093.00,Historians,5.0,1.0,10,3.586,4.75,3.675,4.88,0.6465,0.525,25,2.02,3.38,1.51,3.25,0.255,0.21571428571428572,47,14,6,33,2.3287878787878786,2.381818181818182,0.33219696969696966,0.34025974025974026,52,2.1126923076923076,1.636923076923077,0.2781730769230769,0.23384615384615384,41,2.925121951219512,2.888048780487805,0.481280487804878,0.4125783972125436,21,3.587619047619048,0.646904761904762,8.0,64.48,0.6448,20
19-3094.00,Political Scientists,5.0,1.0,10,3.661,4.25,4.111,4.88,0.66525,0.5872857142857143,25,2.1896,3.75,1.7808,3.88,0.2974,0.2544,39,16,5,33,2.2196969696969697,2.44,0.30492424242424243,0.3485714285714286,52,2.105192307692308,1.7051923076923077,0.27629807692307695,0.2435989010989011,41,3.0907317073170733,3.7448780487804876,0.5226829268292683,0.5349825783972125,14,3.5964285714285715,0.6491071428571429,11.0,88.46,0.8845999999999999,20
19-3099.00,"Social Scientists and Related Workers, All Other",3.0,0.5,0,0.0,,0.0,,0.0,0.0,0,0.0,,0.0,,0.0,0.0,0,0,0,0,0.0,0.0,0.0,0.0,0,0.0,0.0,0.0,0.0,0,0.0,0.0,0.0,0.0,0,0.0,0.0,Unspecified,0.0,0.0,0
19-3099.01,Transportation Planners,4.0,0.75,10,3.563,4.0,3.785,4.25,0.64075,0.5407142857142857,25,2.4548,4.0,2.2496,4.12,0.3637,0.3213714285714286,45,24,13,33,2.446060606060606,2.6939393939393943,0.36151515151515146,0.3848484848484849,52,2.2953846153846156,1.9324999999999999,0.3238461538461539,0.2760714285714286,41,3.3417073170731704,3.986341463414634,0.5854268292682926,0.5694773519163763,22,3.8350000000000004,0.7087500000000001,6.0,55.0,0.55,20
19-4012.00,Agricultural Technicians,3.0,0.5,10,3.075,3.38,3.1870000000000003,3.5,0.51875,0.45528571428571435,25,2.3348,3.12,2.1,3.0,0.3337,0.3,12,7,2,33,2.389090909090909,2.3160606060606064,0.3472727272727273,0.3308658008658009,52,2.6557692307692307,2.585,0.41394230769230766,0.3692857142857143,41,3.085121951219512,3.0382926829268295,0.521280487804878,0.43404181184668994,26,3.6107692307692307,0.6526923076923077,2.0,41.34,0.41340000000000005,20
19-4012.01,Precision Agriculture Technicians,3.0,0.5,10,3.439,3.88,3.4619999999999997,4.0,0.60975,0.49457142857142855,25,2.6052,3.38,2.4956,3.5,0.4013,0.35651428571428573,23,8,4,33,2.6566666666666667,2.8896969696969697,0.4141666666666667,0.4128138528138528,52,2.651346153846154,2.4973076923076927,0.41283653846153845,0.35675824175824183,41,3.3812195121951216,3.7753658536585366,0.5953048780487804,0.5393379790940767,22,3.7763636363636364,0.6940909090909091,6.0,34.78,0.3478,20
19-4013.00,Food Science Technicians,3.0,0.5,10,3.25,3.75,3.275,3.88,0.5625,0.46785714285714286,25,2.2296,3.12,1.9096000000000002,3.12,0.3074,0.27280000000000004,21,11,5,33,1.9766666666666668,1.7136363636363636,0.2441666666666667,0.2448051948051948,52,2.4055769230769233,2.0278846153846155,0.3513942307692308,0.2896978021978022,41,3.0709756097560974,2.9785365853658536,0.5177439024390244,0.4255052264808362,16,4.15375,0.7884374999999999,6.0,32.33,0.3233,20
19-4021.00,Biological Technicians,4.0,0.75,10,3.502,4.0,3.8,4.62,0.6255,0.5428571428571428,25,2.3047999999999997,3.12,2.0808,3.38,0.32619999999999993,0.29725714285714283,33,12,3,33,2.06969696969697,1.7324242424242424,0.26742424242424245,0.24748917748917748,52,2.541153846153846,2.311923076923077,0.3852884615384615,0.3302747252747253,41,3.171219512195122,3.2146341463414636,0.5428048780487805,0.45923344947735195,18,4.126666666666667,0.7816666666666667,6.0,62.82,0.6282,20
19-4031.00,Chemical Technicians,3.0,0.5,10,3.664,4.12,3.7119999999999997,4.12,0.666,0.5302857142857142,25,2.6592000000000002,3.25,2.5392,3.38,0.41480000000000006,0.36274285714285714,18,14,3,33,1.936060606060606,1.6009090909090908,0.2340151515151515,0.22870129870129868,52,2.6313461538461542,2.4896153846153846,0.40783653846153856,0.35565934065934063,41,3.2170731707317075,3.225365853658537,0.5542682926829269,0.4607665505226481,16,3.99375,0.7484375,6.0,43.74,0.4374,20
19-4042.00,"Environmental Science and Protection Technicians, Including Health",4.0,0.75,10,3.539,4.0,3.636,4.12,0.63475,0.5194285714285715,25,2.496,3.25,2.3896,3.5,0.374,0.3413714285714286,30,11,3,33,2.43030303030303,2.633030303030303,0.35757575757575755,0.3761471861471861,52,2.6763461538461537,2.5761538461538462,0.4190865384615384,0.36802197802197806,41,3.197560975609756,3.6246341463414637,0.549390243902439,0.5178048780487805,25,3.4972,0.6243,6.0,68.18,0.6818000000000001,20
19-4043.00,"Geological Technicians, Except Hydrologic Technicians",4.0,0.75,10,3.061,3.75,3.15,4.0,0.51525,0.45,25,2.374,3.25,2.1352,3.25,0.3435,0.3050285714285715,36,10,2,33,2.18969696969697,2.2275757575757575,0.2974242424242425,0.31822510822510824,52,2.5509615384615385,2.3959615384615387,0.3877403846153846,0.34228021978021983,41,2.9456097560975607,3.0482926829268293,0.4864024390243902,0.43547038327526133,29,3.6134782608695653,0.6533695652173913,Unspecified,0.0,0.0,20
19-4044.00,Hydrologic Technicians,3.0,0.5,0,0.0,,0.0,,0.0,0.0,0,0.0,,0.0,,0.0,0.0,21,10,1,0,0.0,0.0,0.0,0.0,0,0.0,0.0,0.0,0.0,0,0.0,0.0,0.0,0.0,16,0.0,0.0,Unspecified,0.0,0.0,20
19-4051.00,Nuclear Technicians,3.0,0.5,10,3.287,3.75,3.2769999999999997,3.75,0.57175,0.4681428571428571,25,2.7156000000000002,3.88,2.6328000000000005,4.12,0.42890000000000006,0.3761142857142858,13,8,0,33,2.374242424242424,2.2724242424242425,0.343560606060606,0.32463203463203466,52,2.785769230769231,2.5834615384615387,0.44644230769230775,0.3690659340659341,41,3.1475609756097565,3.473414634146341,0.5368902439024391,0.49620209059233444,18,4.27125,0.8178125,Unspecified,0.0,0.0,20
19-4051.02,Nuclear Monitoring Technicians,3.0,0.5,10,3.437,3.88,3.5490000000000004,4.0,0.60925,0.507,25,2.4996,3.75,2.1592000000000002,3.62,0.3749,0.3084571428571429,17,10,0,33,2.029090909090909,1.852121212121212,0.2572727272727272,0.2645887445887446,52,2.689230769230769,2.490769230769231,0.4223076923076923,0.35582417582417586,41,3.240731707317073,3.6302439024390245,0.5601829268292683,0.5186062717770035,16,4.278125,0.81953125,5.0,29.35,0.29350000000000004,20
19-4061.00,Social Science Research Assistants,4.0,0.75,10,3.4,4.0,3.75,4.75,0.6,0.5357142857142857,25,2.2308,3.38,2.0112,3.12,0.3077,0.28731428571428574,33,23,5,33,1.9796969696969697,1.749090909090909,0.24492424242424243,0.24987012987012985,52,2.1128846153846155,1.7186538461538463,0.27822115384615387,0.24552197802197803,41,2.814878048780488,2.947560975609756,0.45371951219512197,0.42108013937282224,22,3.9272727272727277,0.7318181818181819,6.0,52.73,0.5273,20
19-4071.00,Forest and Conservation Technicians,3.0,0.5,10,3.175,3.75,3.2119999999999997,3.75,0.54375,0.4588571428571428,25,2.5248,3.25,2.3956,3.38,0.3812,0.34222857142857144,38,9,4,33,2.653939393939394,2.602424242424242,0.41348484848484846,0.3717748917748917,52,2.8596153846153842,2.7821153846153845,0.46490384615384606,0.39744505494505494,41,3.56609756097561,4.047317073170731,0.6415243902439025,0.5781881533101044,20,3.461,0.61525,2.0,35.31,0.3531,20
19-4092.00,Forensic Science Technicians,3.0,0.5,10,3.563,4.0,3.7359999999999998,4.12,0.64075,0.5337142857142857,25,2.3644,3.62,2.13,3.62,0.34109999999999996,0.30428571428571427,32,9,5,33,2.345151515151515,2.098787878787879,0.3362878787878788,0.2998268398268399,52,2.7990384615384616,2.766923076923077,0.4497596153846154,0.3952747252747253,41,3.1856097560975614,3.172439024390244,0.5464024390243903,0.453205574912892,24,4.06625,0.7665625,3.0,36.29,0.3629,20
19-4099.00,"Life, Physical, and Social Science Technicians, All Other",3.0,0.5,0,0.0,,0.0,,0.0,0.0,0,0.0,,0.0,,0.0,0.0,0,0,0,0,0.0,0.0,0.0,0.0,0,0.0,0.0,0.0,0.0,0,0.0,0.0,0.0,0.0,0,0.0,0.0,Unspecified,0.0,0.0,0
19-4099.01,Quality Control Analysts,3.0,0.5,10,3.2119999999999997,3.75,3.4259999999999997,3.88,0.5529999999999999,0.4894285714285714,25,2.4804,4.0,2.3148,4.0,0.3701,0.3306857142857143,50,23,7,33,2.3636363636363638,2.045151515151515,0.34090909090909094,0.2921645021645021,52,2.516153846153846,2.2805769230769233,0.37903846153846155,0.32579670329670335,41,2.8336585365853657,2.5907317073170733,0.4584146341463414,0.37010452961672474,26,3.8492307692307692,0.7123076923076923,2.0,37.77,0.37770000000000004,20
19-4099.03,Remote Sensing Technicians,4.0,0.75,10,3.2630000000000003,3.75,3.5869999999999997,4.12,0.5657500000000001,0.5124285714285713,25,2.5056,3.38,2.4956,3.62,0.37639999999999996,0.35651428571428573,95,53,9,33,2.169090909090909,2.076969696969697,0.29227272727272724,0.29670995670995676,52,2.4076923076923076,2.233269230769231,0.3519230769230769,0.31903846153846155,41,3.170487804878049,3.4358536585365855,0.5426219512195123,0.4908362369337979,21,3.7338888888888886,0.6834722222222221,6.0,62.04,0.6204,20
19-5011.00,Occupational Health and Safety Specialists,4.0,0.75,10,3.55,4.0,3.775,4.0,0.6375,0.5392857142857143,25,2.6456,3.75,2.4896000000000003,3.75,0.4114,0.3556571428571429,23,11,5,33,2.8403030303030303,3.27,0.4600757575757576,0.46714285714285714,52,2.6061538461538465,2.331730769230769,0.4015384615384616,0.3331043956043956,41,3.621463414634146,4.184634146341463,0.6553658536585365,0.5978048780487805,22,3.821818181818182,0.7054545454545454,6.0,73.91,0.7391,20
19-5012.00,Occupational Health and Safety Technicians,3.0,0.5,10,3.4259999999999997,4.0,3.475,4.0,0.6064999999999999,0.49642857142857144,25,2.4392,3.25,2.1396,3.25,0.3598,0.3056571428571429,19,8,5,33,2.8575757575757574,3.325454545454545,0.46439393939393936,0.475064935064935,52,2.5609615384615383,2.2840384615384615,0.3902403846153846,0.32629120879120876,41,3.53,4.257560975609756,0.6325,0.6082229965156795,26,3.5603846153846153,0.6400961538461538,6.0,47.62,0.47619999999999996,20
21-1011.00,Substance Abuse and Behavioral Disorder Counselors,5.0,1.0,10,3.526,4.25,3.537,4.25,0.6315,0.5052857142857142,25,2.406,4.25,1.99,5.0,0.35150000000000003,0.2842857142857143,28,5,0,33,2.526060606060606,2.5533333333333337,0.3815151515151515,0.3647619047619048,52,2.306153846153846,1.9121153846153847,0.32653846153846156,0.27315934065934067,41,3.374878048780488,3.5039024390243902,0.593719512195122,0.5005574912891986,23,4.169130434782609,0.7922826086956523,8.0,33.33,0.3333,20
21-1012.00,"Educational, Guidance, and Career Counselors and Advisors",5.0,1.0,10,3.5140000000000002,4.38,3.4619999999999997,4.25,0.6285000000000001,0.49457142857142855,25,2.3296,4.12,1.9096000000000002,4.88,0.33240000000000003,0.27280000000000004,76,13,4,33,2.074242424242424,1.9721212121212122,0.26856060606060606,0.2817316017316017,52,2.1221153846153844,1.68,0.2805288461538461,0.24,41,3.268048780487805,3.517317073170732,0.5670121951219512,0.5024738675958188,35,3.816857142857143,0.7042142857142858,6.0,56.31,0.5631,20
21-1013.00,Marriage and Family Therapists,5.0,1.0,10,3.628,4.75,3.786,4.88,0.657,0.5408571428571428,25,2.3796,4.38,2.0144,5.62,0.3449,0.2877714285714286,32,9,2,33,2.2333333333333334,2.2203030303030302,0.30833333333333335,0.3171861471861472,52,2.163076923076923,1.7278846153846152,0.2907692307692308,0.24684065934065932,41,3.1660975609756097,3.5897560975609757,0.5415243902439024,0.512822299651568,17,4.138235294117647,0.7845588235294116,8.0,86.67,0.8667,20
21-1014.00,Mental Health Counselors,5.0,1.0,10,3.686,5.0,4.0,5.0,0.6715,0.5714285714285714,25,2.3544,5.0,2.0592,5.75,0.3386,0.2941714285714286,20,7,0,33,2.518787878787879,2.563939393939394,0.37969696969696975,0.36627705627705626,52,2.2986538461538464,1.9249999999999998,0.3246634615384616,0.27499999999999997,41,3.2321951219512197,3.4729268292682924,0.5580487804878049,0.49613240418118465,27,4.272222222222222,0.8180555555555555,8.0,89.29,0.8929,20
21-1015.00,Rehabilitation Counselors,5.0,1.0,10,3.399,4.12,3.5730000000000004,4.25,0.59975,0.5104285714285715,25,2.3396,4.12,2.0347999999999997,5.0,0.3349,0.29068571428571427,28,5,1,33,2.1978787878787878,2.096060606060606,0.29946969696969694,0.29943722943722945,52,2.101346153846154,1.6340384615384616,0.2753365384615385,0.23343406593406593,41,3.107317073170732,3.4119512195121953,0.526829268292683,0.48742160278745644,17,4.002352941176471,0.7505882352941178,8.0,82.35,0.8234999999999999,20
21-1019.00,"Counselors, All Other",3.0,0.5,0,0.0,,0.0,,0.0,0.0,0,0.0,,0.0,,0.0,0.0,0,0,0,0,0.0,0.0,0.0,0.0,0,0.0,0.0,0.0,0.0,0,0.0,0.0,0.0,0.0,0,0.0,0.0,Unspecified,0.0,0.0,0
21-1021.00,"Child, Family, and School Social Workers",4.0,0.75,10,3.588,4.88,3.599,4.75,0.647,0.5141428571428571,25,2.5052000000000003,4.12,2.1748,4.62,0.3763000000000001,0.3106857142857143,10,6,3,33,2.3803030303030304,2.3324242424242425,0.3450757575757576,0.3332034632034632,52,2.449423076923077,2.0713461538461537,0.3623557692307693,0.29590659340659337,41,3.3963414634146343,3.3314634146341464,0.5990853658536586,0.4759233449477352,21,4.158095238095238,0.7895238095238095,6.0,68.66,0.6866,20
21-1022.00,Healthcare Social Workers,5.0,1.0,10,3.474,4.12,3.749,4.75,0.6185,0.5355714285714286,25,2.428,4.25,2.1008,5.12,0.357,0.3001142857142857,28,7,3,33,2.4263636363636367,2.4833333333333334,0.3565909090909092,0.3547619047619048,52,2.276923076923077,1.956923076923077,0.3192307692307692,0.2795604395604396,41,3.184390243902439,3.458292682926829,0.5460975609756098,0.4940418118466899,17,4.055294117647058,0.7638235294117646,8.0,70.37,0.7037,20
21-1023.00,Mental Health and Substance Abuse Social Workers,5.0,1.0,10,3.561,4.12,3.6630000000000003,4.12,0.64025,0.5232857142857144,25,2.492,4.25,2.2444,5.12,0.373,0.32062857142857143,24,7,3,33,2.2809090909090908,2.0633333333333335,0.3202272727272727,0.2947619047619048,52,2.3525,1.9975,0.338125,0.28535714285714286,41,3.3292682926829267,3.5051219512195124,0.5823170731707317,0.5007317073170732,13,3.9784615384615383,0.7446153846153846,8.0,77.18,0.7718,20
21-1029.00,"Social Workers, All Other",3.0,0.5,0,0.0,,0.0,,0.0,0.0,0,0.0,,0.0,,0.0,0.0,0,0,0,0,0.0,0.0,0.0,0.0,0,0.0,0.0,0.0,0.0,0,0.0,0.0,0.0,0.0,0,0.0,0.0,Unspecified,0.0,0.0,0
21-1091.00,Health Education Specialists,4.0,0.75,10,3.561,4.12,3.6740000000000004,4.25,0.64025,0.5248571428571429,25,2.3752,3.88,1.9992,3.88,0.3438,0.2856,23,10,4,33,2.6760606060606063,2.585757575757576,0.41901515151515156,0.36939393939393944,52,2.2638461538461536,1.8825,0.3159615384615384,0.26892857142857146,41,3.6219512195121952,4.204146341463415,0.6554878048780488,0.6005923344947736,16,3.816875,0.70421875,5.0,62.17,0.6217,20
21-1092.00,Probation Officers and Correctional Treatment Specialists,4.0,0.75,10,3.252,4.0,3.175,4.12,0.563,0.45357142857142857,25,2.3236000000000003,4.0,2.0204,4.38,0.3309000000000001,0.2886285714285714,17,7,1,33,2.2569696969696973,2.0154545454545456,0.3142424242424243,0.28792207792207797,52,2.4028846153846155,2.088076923076923,0.3507211538461539,0.29829670329670327,41,3.377560975609756,3.7658536585365856,0.594390243902439,0.5379790940766551,21,4.1519047619047615,0.7879761904761904,6.0,88.03,0.8803,20
21-1093.00,Social and Human Service Assistants,4.0,0.75,10,3.249,4.0,3.35,4.12,0.56225,0.4785714285714286,25,2.3456,4.0,1.9704,4.12,0.33640000000000003,0.2814857142857143,12,7,1,33,2.1142424242424243,1.7778787878787878,0.27856060606060606,0.253982683982684,52,2.3276923076923075,2.003076923076923,0.3319230769230769,0.28615384615384615,41,3.1748780487804873,3.0690243902439023,0.5437195121951218,0.4384320557491289,19,3.4921052631578946,0.6230263157894737,6.0,39.39,0.39390000000000003,20
21-1094.00,Community Health Workers,4.0,0.75,10,3.3880000000000003,4.0,3.3880000000000003,4.0,0.5970000000000001,0.48400000000000004,25,2.2796000000000003,4.0,1.8556,4.5,0.3199000000000001,0.26508571428571426,14,9,4,33,2.401212121212121,2.39,0.3503030303030302,0.34142857142857147,52,2.375576923076923,2.0846153846153848,0.34389423076923076,0.2978021978021978,41,3.0907317073170733,3.1685365853658536,0.5226829268292683,0.45264808362369335,29,3.553793103448276,0.638448275862069,6.0,55.96,0.5596,20
21-1099.00,"Community and Social Service Specialists, All Other",3.0,0.5,0,0.0,,0.0,,0.0,0.0,0,0.0,,0.0,,0.0,0.0,0,0,0,0,0.0,0.0,0.0,0.0,0,0.0,0.0,0.0,0.0,0,0.0,0.0,0.0,0.0,0,0.0,0.0,Unspecified,0.0,0.0,0
21-2011.00,Clergy,5.0,1.0,10,3.464,4.75,3.6380000000000003,4.75,0.616,0.5197142857142858,25,2.546,4.12,2.1852,5.0,0.38649999999999995,0.3121714285714286,12,6,0,33,2.6951515151515153,2.9148484848484846,0.4237878787878788,0.4164069264069264,52,2.2361538461538464,1.7865384615384616,0.3090384615384616,0.25521978021978026,41,3.017560975609756,3.3663414634146345,0.504390243902439,0.4809059233449478,21,4.173333333333334,0.7933333333333334,8.0,47.82,0.4782,20
21-2021.00,"Directors, Religious Activities and Education",4.0,0.75,10,3.338,4.12,3.4269999999999996,4.0,0.5845,0.4895714285714285,25,2.54,4.0,2.2447999999999997,4.5,0.385,0.32068571428571424,18,10,4,33,2.354242424242424,2.4421212121212124,0.338560606060606,0.3488744588744589,52,2.1851923076923074,1.7132692307692308,0.29629807692307686,0.24475274725274726,41,3.4317073170731707,3.7146341463414636,0.6079268292682927,0.5306620209059234,19,3.646842105263158,0.6617105263157895,6.0,53.58,0.5357999999999999,20
21-2099.00,"Religious Workers, All Other",3.0,0.5,0,0.0,,0.0,,0.0,0.0,0,0.0,,0.0,,0.0,0.0,0,0,0,0,0.0,0.0,0.0,0.0,0,0.0,0.0,0.0,0.0,0,0.0,0.0,0.0,0.0,0,0.0,0.0,Unspecified,0.0,0.0,0
23-1011.00,Lawyers,5.0,1.0,10,3.6119999999999997,4.62,3.825,5.0,0.6529999999999999,0.5464285714285715,25,2.4148,4.12,2.1404,5.0,0.3537,0.3057714285714286,126,10,1,33,2.0221212121212124,1.6942424242424243,0.2555303030303031,0.24203463203463205,52,2.2928846153846156,1.8905769230769232,0.3232211538461539,0.2700824175824176,41,3.284878048780488,3.798780487804878,0.571219512195122,0.5426829268292683,22,4.082272727272727,0.7705681818181818,11.0,77.19,0.7719,20
23-1012.00,Judicial Law Clerks,5.0,1.0,10,3.375,4.5,3.45,4.88,0.59375,0.4928571428571429,25,1.9547999999999999,3.5,1.4856,3.62,0.23869999999999997,0.21222857142857143,34,8,4,33,1.7372727272727273,1.1566666666666667,0.18431818181818183,0.16523809523809524,52,2.168846153846154,1.746346153846154,0.29221153846153847,0.249478021978022,41,2.3539024390243903,2.1341463414634148,0.3384756097560976,0.3048780487804878,18,3.6127777777777776,0.6531944444444444,11.0,51.87,0.5186999999999999,20
23-1021.00,"Administrative Law Judges, Adjudicators, and Hearing Officers",5.0,1.0,10,3.625,4.5,3.9880000000000004,5.75,0.65625,0.5697142857142857,25,2.1412,4.25,1.7204,4.88,0.2853,0.24577142857142856,16,9,1,33,1.8633333333333333,1.690909090909091,0.21583333333333332,0.24155844155844156,52,2.2040384615384614,1.7999999999999998,0.30100961538461535,0.2571428571428571,41,2.8656097560975606,3.247560975609756,0.46640243902439016,0.46393728222996516,14,4.261428571428572,0.8153571428571429,11.0,37.34,0.3734,20
23-1022.00,"Arbitrators, Mediators, and Conciliators",5.0,1.0,10,3.3880000000000003,4.38,3.589,4.88,0.5970000000000001,0.5127142857142857,25,2.1596,4.62,1.68,4.88,0.28990000000000005,0.24,12,10,4,33,2.1506060606060604,2.2427272727272727,0.2876515151515151,0.3203896103896104,52,2.0936538461538463,1.6442307692307692,0.2734134615384616,0.2348901098901099,41,2.811219512195122,3.034390243902439,0.45280487804878045,0.43348432055749125,20,3.8560000000000003,0.7140000000000001,10.0,36.84,0.36840000000000006,20
23-1023.00,"Judges, Magistrate Judges, and Magistrates",5.0,1.0,10,3.687,5.0,4.1259999999999994,5.88,0.67175,0.5894285714285713,25,2.2652,4.25,1.9652,5.0,0.3163,0.2807428571428571,15,6,3,33,2.066666666666667,1.8927272727272728,0.2666666666666667,0.2703896103896104,52,2.1751923076923076,1.7901923076923079,0.2937980769230769,0.25574175824175827,41,2.9543902439024388,3.361219512195122,0.4885975609756097,0.4801742160278746,21,4.286190476190477,0.8215476190476192,11.0,66.47,0.6647,20
23-2011.00,Paralegals and Legal Assistants,3.0,0.5,10,3.026,4.0,3.012,4.0,0.5065,0.43028571428571427,25,1.8947999999999998,3.0,1.3703999999999998,3.0,0.22369999999999995,0.19577142857142854,97,13,7,33,2.1645454545454546,1.807878787878788,0.29113636363636364,0.2582683982683983,52,2.0775,1.5940384615384615,0.26937500000000003,0.2277197802197802,41,2.7585365853658534,2.5551219512195122,0.43963414634146336,0.36501742160278744,12,3.61,0.6525,6.0,36.94,0.36939999999999995,20
23-2093.00,"Title Examiners, Abstractors, and Searchers",2.0,0.25,10,2.962,4.0,2.9240000000000004,4.0,0.49050000000000005,0.41771428571428576,25,1.9040000000000001,3.38,1.3692000000000002,3.25,0.22600000000000003,0.19560000000000002,23,10,3,33,1.9006060606060606,1.4406060606060607,0.22515151515151516,0.20580086580086582,52,1.9901923076923076,1.4303846153846154,0.2475480769230769,0.20434065934065934,41,2.98,3.0102439024390244,0.495,0.4300348432055749,17,4.522941176470589,0.8807352941176472,2.0,54.52,0.5452,20
23-2099.00,"Legal Support Workers, All Other",3.0,0.5,0,0.0,,0.0,,0.0,0.0,0,0.0,,0.0,,0.0,0.0,0,0,0,0,0.0,0.0,0.0,0.0,0,0.0,0.0,0.0,0.0,0,0.0,0.0,0.0,0.0,0,0.0,0.0,Unspecified,0.0,0.0,0
25-1011.00,"Business Teachers, Postsecondary",5.0,1.0,10,3.651,4.25,4.114,5.0,0.66275,0.5877142857142857,25,2.234,4.12,1.8696000000000002,4.62,0.3085,0.2670857142857143,29,10,1,33,2.536969696969697,2.6990909090909088,0.3842424242424243,0.38558441558441553,52,2.129230769230769,1.7569230769230768,0.28230769230769226,0.250989010989011,41,2.962439024390244,3.295121951219512,0.49060975609756097,0.47073170731707314,25,3.9108,0.7277,11.0,72.77,0.7277,20
25-1021.00,"Computer Science Teachers, Postsecondary",5.0,1.0,10,3.714,4.0,4.226,5.0,0.6785,0.6037142857142858,25,2.5296000000000003,4.12,2.2948,4.75,0.3824000000000001,0.3278285714285714,42,18,4,33,2.7596969696969693,2.9593939393939395,0.43992424242424233,0.4227705627705628,52,2.19,1.839423076923077,0.2975,0.2627747252747253,41,3.2273170731707315,3.8034146341463413,0.5568292682926829,0.5433449477351916,26,3.8784615384615386,0.7196153846153847,8.0,47.35,0.47350000000000003,20
25-1022.00,"Mathematical Science Teachers, Postsecondary",5.0,1.0,10,3.8019999999999996,4.25,4.163,4.88,0.7004999999999999,0.5947142857142858,25,2.1436,4.0,1.7044,4.25,0.28590000000000004,0.24348571428571428,26,11,1,33,1.9654545454545453,1.8493939393939394,0.24136363636363634,0.2641991341991342,52,2.1465384615384617,1.7330769230769232,0.28663461538461543,0.24758241758241759,41,2.8641463414634143,3.067073170731707,0.4660365853658536,0.43815331010452957,23,3.6743478260869566,0.6685869565217392,8.0,43.0,0.43,20
25-1031.00,"Architecture Teachers, Postsecondary",5.0,1.0,10,3.713,4.12,4.301,5.0,0.67825,0.6144285714285714,25,2.4444,4.12,2.1748,4.88,0.3611,0.3106857142857143,35,14,3,33,2.8445454545454547,3.3630303030303033,0.4611363636363637,0.4804329004329005,52,2.269230769230769,1.9873076923076924,0.3173076923076923,0.28390109890109894,41,3.5060975609756095,4.10780487804878,0.6265243902439024,0.5868292682926829,22,3.9136363636363636,0.7284090909090909,11.0,44.63,0.44630000000000003,20
25-1032.00,"Engineering Teachers, Postsecondary",5.0,1.0,10,3.838,4.12,4.336,4.88,0.7095,0.6194285714285714,25,2.3548,4.12,2.1412,4.62,0.3387,0.30588571428571426,30,16,1,33,2.653030303030303,2.9212121212121214,0.4132575757575757,0.41731601731601736,52,2.269230769230769,2.001923076923077,0.3173076923076923,0.28598901098901097,41,3.321707317073171,3.932926829268293,0.5804268292682927,0.5618466898954704,24,3.67125,0.6678125,11.0,58.61,0.5861,20
25-1041.00,"Agricultural Sciences Teachers, Postsecondary",5.0,1.0,10,3.874,4.12,4.398000000000001,5.0,0.7185,0.6282857142857143,25,2.3656,4.38,2.0864,4.75,0.34140000000000004,0.29805714285714285,21,7,0,33,2.8275757575757576,3.29969696969697,0.4568939393939394,0.4713852813852814,52,2.381730769230769,2.0671153846153847,0.34543269230769225,0.2953021978021978,41,3.621219512195122,4.257073170731707,0.6553048780487805,0.6081533101045296,23,3.8443478260869566,0.7110869565217391,11.0,55.31,0.5531,20
25-1042.00,"Biological Science Teachers, Postsecondary",5.0,1.0,10,3.925,4.25,4.313000000000001,5.12,0.73125,0.6161428571428572,25,2.3748,4.12,2.0764,4.38,0.3437,0.2966285714285714,36,10,1,33,2.5672727272727274,2.8133333333333335,0.39181818181818184,0.40190476190476193,52,2.191730769230769,1.8913461538461538,0.29793269230769226,0.2701923076923077,41,3.4043902439024394,4.090487804878049,0.6010975609756098,0.5843554006968642,27,3.7177777777777776,0.6794444444444444,11.0,48.44,0.4844,20
25-1043.00,"Forestry and Conservation Science Teachers, Postsecondary",5.0,1.0,10,3.8369999999999997,4.12,4.238,5.0,0.7092499999999999,0.6054285714285715,25,2.4352,4.25,2.13,4.88,0.3588,0.30428571428571427,35,18,0,33,2.5715151515151513,2.772727272727273,0.3928787878787878,0.3961038961038961,52,2.333846153846154,2.0126923076923076,0.3334615384615385,0.2875274725274725,41,3.4739024390243904,4.108048780487805,0.6184756097560976,0.5868641114982579,25,3.8207999999999998,0.7051999999999999,11.0,62.72,0.6272,20
25-1051.00,"Atmospheric, Earth, Marine, and Space Sciences Teachers, Postsecondary",5.0,1.0,10,3.9509999999999996,4.75,4.423,5.12,0.7377499999999999,0.6318571428571429,25,2.3,4.0,2.0596,4.25,0.32499999999999996,0.29422857142857145,49,11,1,33,2.5406060606060605,2.937878787878788,0.38515151515151513,0.41969696969696973,52,2.1703846153846156,1.8913461538461538,0.2925961538461539,0.2701923076923077,41,3.1890243902439024,3.5846341463414633,0.5472560975609756,0.5120905923344947,26,3.5276923076923077,0.6319230769230769,8.0,46.48,0.4648,20
25-1052.00,"Chemistry Teachers, Postsecondary",5.0,1.0,10,3.961,4.12,4.288,5.0,0.74025,0.6125714285714287,25,2.42,3.88,2.2144,4.62,0.355,0.31634285714285715,27,6,1,33,2.587878787878788,2.992424242424242,0.396969696969697,0.4274891774891775,52,2.185576923076923,1.9282692307692306,0.29639423076923077,0.27546703296703295,41,3.101951219512195,3.4873170731707313,0.5254878048780488,0.49818815331010446,28,3.812857142857143,0.7032142857142858,8.0,35.27,0.3527,20
25-1053.00,"Environmental Science Teachers, Postsecondary",5.0,1.0,10,3.9,4.12,4.3,5.0,0.725,0.6142857142857142,25,2.2656,4.0,2.0212,4.38,0.3164,0.28874285714285713,24,10,0,33,2.7345454545454544,3.165151515151515,0.4336363636363636,0.45216450216450216,52,2.121923076923077,1.7300000000000002,0.28048076923076926,0.24714285714285716,41,3.3004878048780486,3.878536585365854,0.5751219512195122,0.5540766550522649,25,3.696,0.674,11.0,52.49,0.5249,20
25-1054.00,"Physics Teachers, Postsecondary",5.0,1.0,10,3.96,4.12,4.588,5.0,0.74,0.6554285714285715,25,2.5488,4.25,2.2840000000000003,4.38,0.3872,0.32628571428571435,45,12,1,33,2.4033333333333333,2.5157575757575756,0.35083333333333333,0.3593939393939394,52,2.2671153846153844,1.9784615384615383,0.3167788461538461,0.2826373626373626,41,3.3409756097560974,3.9739024390243904,0.5852439024390244,0.5677003484320557,24,3.6962499999999996,0.6740624999999999,11.0,53.82,0.5382,20
25-1061.00,"Anthropology and Archeology Teachers, Postsecondary",5.0,1.0,10,4.151,4.88,4.5009999999999994,5.0,0.78775,0.6429999999999999,25,2.3044,4.5,1.8992000000000002,4.75,0.32609999999999995,0.27131428571428573,34,13,1,33,2.6124242424242423,3.0124242424242422,0.4031060606060606,0.4303463203463203,52,2.266153846153846,1.8776923076923078,0.31653846153846155,0.2682417582417583,41,3.377317073170732,3.9960975609756098,0.594329268292683,0.5708710801393728,27,3.840740740740741,0.7101851851851853,11.0,68.18,0.6818000000000001,20
25-1062.00,"Area, Ethnic, and Cultural Studies Teachers, Postsecondary",5.0,1.0,10,3.5869999999999997,4.25,3.963,4.88,0.6467499999999999,0.5661428571428572,25,2.3296,4.12,1.9192000000000002,3.88,0.33240000000000003,0.2741714285714286,22,7,1,33,2.3172727272727274,2.4433333333333334,0.32931818181818184,0.34904761904761905,52,2.059230769230769,1.6559615384615385,0.2648076923076923,0.23656593406593407,41,3.1270731707317077,3.1817073170731707,0.5317682926829269,0.4545296167247387,23,3.8104347826086955,0.7026086956521739,11.0,60.52,0.6052000000000001,20
25-1063.00,"Economics Teachers, Postsecondary",5.0,1.0,10,3.626,4.12,3.936,4.38,0.6565,0.5622857142857143,25,2.1904,4.0,1.8292000000000002,4.25,0.2976,0.2613142857142857,38,11,1,33,2.125151515151515,2.082121212121212,0.28128787878787875,0.29744588744588746,52,2.1561538461538463,1.8365384615384615,0.2890384615384616,0.2623626373626374,41,2.910487804878049,3.2390243902439027,0.47762195121951223,0.4627177700348432,22,3.6731818181818183,0.6682954545454546,11.0,80.8,0.8079999999999999,20
25-1064.00,"Geography Teachers, Postsecondary",5.0,1.0,10,3.687,4.12,4.089,4.88,0.67175,0.5841428571428572,25,2.286,4.12,1.9504,4.75,0.3215,0.2786285714285714,40,11,1,33,2.2315151515151515,2.2730303030303034,0.30787878787878786,0.3247186147186148,52,2.0740384615384615,1.7167307692307692,0.2685096153846154,0.24524725274725273,41,3.167560975609756,3.687073170731707,0.541890243902439,0.5267247386759581,25,3.6431999999999998,0.6607999999999999,11.0,80.29,0.8029000000000001,20
25-1065.00,"Political Science Teachers, Postsecondary",5.0,1.0,10,3.588,4.62,3.8869999999999996,5.0,0.647,0.5552857142857143,25,2.2104,4.0,1.8252000000000002,4.25,0.3026,0.26074285714285717,27,8,1,33,2.1939393939393943,2.389393939393939,0.2984848484848486,0.34134199134199134,52,2.011346153846154,1.5863461538461539,0.25283653846153853,0.2266208791208791,41,2.913658536585366,3.377560975609756,0.47841463414634156,0.48250871080139374,22,3.8245454545454547,0.7061363636363637,11.0,96.54,0.9654,20
25-1066.00,"Psychology Teachers, Postsecondary",5.0,1.0,10,3.813,4.25,4.5,5.0,0.70325,0.6428571428571429,25,2.2896,4.12,1.9052,4.5,0.3224,0.27217142857142856,44,10,1,33,2.4884848484848487,2.6754545454545458,0.3721212121212122,0.3822077922077923,52,2.0859615384615386,1.6969230769230768,0.27149038461538466,0.2424175824175824,41,3.3178048780487805,3.9812195121951217,0.5794512195121951,0.5687456445993031,29,3.6558620689655172,0.6639655172413793,11.0,54.58,0.5458,20
25-1067.00,"Sociology Teachers, Postsecondary",5.0,1.0,10,3.661,4.62,4.276,4.88,0.66525,0.6108571428571429,25,2.2004,4.0,1.8556,4.62,0.30010000000000003,0.26508571428571426,28,10,2,33,2.56,2.8163636363636364,0.39,0.4023376623376623,52,2.018653846153846,1.621923076923077,0.25466346153846153,0.23170329670329673,41,2.9965853658536585,3.4126829268292678,0.49914634146341463,0.48752613240418113,24,3.6804166666666664,0.6701041666666666,11.0,76.68,0.7668,20
25-1069.00,"Social Sciences Teachers, Postsecondary, All Other",3.0,0.5,0,0.0,,0.0,,0.0,0.0,0,0.0,,0.0,,0.0,0.0,0,0,0,0,0.0,0.0,0.0,0.0,0,0.0,0.0,0.0,0.0,0,0.0,0.0,0.0,0.0,0,0.0,0.0,Unspecified,0.0,0.0,0
25-1071.00,"Health Specialties Teachers, Postsecondary",5.0,1.0,10,3.811,4.12,4.212,5.0,0.70275,0.6017142857142856,25,2.4556,4.12,2.1356,4.38,0.3639,0.3050857142857143,34,9,1,33,2.79969696969697,3.021515151515152,0.44992424242424245,0.4316450216450217,52,2.2734615384615386,2.006730769230769,0.31836538461538466,0.28667582417582416,41,3.361707317073171,3.8292682926829267,0.5904268292682927,0.5470383275261324,22,3.8786363636363634,0.7196590909090909,8.0,35.94,0.3594,20
25-1072.00,"Nursing Instructors and Teachers, Postsecondary",5.0,1.0,10,3.7640000000000002,4.12,4.15,5.0,0.6910000000000001,0.5928571428571429,25,2.5248,4.25,2.2996,5.0,0.3812,0.3285142857142857,23,7,2,33,2.7275757575757575,2.825151515151515,0.4318939393939394,0.4035930735930736,52,2.468461538461539,2.3176923076923077,0.36711538461538473,0.3310989010989011,41,3.658536585365854,4.230243902439025,0.6646341463414634,0.6043205574912892,29,4.056206896551724,0.764051724137931,8.0,50.08,0.5008,20
25-1081.00,"Education Teachers, Postsecondary",5.0,1.0,10,3.686,4.62,4.026,4.88,0.6715,0.5751428571428571,25,2.2692,4.12,1.9203999999999999,4.25,0.3173,0.2743428571428571,24,7,1,33,2.320909090909091,2.3496969696969696,0.3302272727272727,0.3356709956709957,52,2.1342307692307694,1.7301923076923076,0.28355769230769234,0.24717032967032965,41,3.151951219512195,3.5165853658536586,0.5379878048780488,0.5023693379790941,24,3.62375,0.6559375,11.0,89.76,0.8976000000000001,20
25-1082.00,"Library Science Teachers, Postsecondary",5.0,1.0,10,3.661,4.12,4.049,5.0,0.66525,0.5784285714285715,25,2.244,4.25,1.8752000000000002,4.12,0.31100000000000005,0.26788571428571434,49,15,0,33,2.3351515151515154,2.5112121212121212,0.33378787878787886,0.35874458874458875,52,2.1113461538461538,1.7098076923076921,0.27783653846153844,0.24425824175824173,41,3.204878048780488,3.607317073170732,0.551219512195122,0.5153310104529617,25,3.9528000000000003,0.7382000000000001,11.0,65.24,0.6524,20
25-1111.00,"Criminal Justice and Law Enforcement Teachers, Postsecondary",5.0,1.0,10,3.662,4.75,3.8630000000000004,4.88,0.6655,0.5518571428571429,25,2.1692,4.0,1.7596,4.12,0.2923,0.2513714285714286,21,7,2,33,2.590909090909091,2.747272727272727,0.3977272727272727,0.39246753246753247,52,2.023653846153846,1.6103846153846153,0.2559134615384615,0.23005494505494503,41,2.9831707317073173,3.1556097560975607,0.4957926829268293,0.450801393728223,23,3.795217391304348,0.698804347826087,8.0,38.89,0.3889,20
25-1112.00,"Law Teachers, Postsecondary",5.0,1.0,10,3.811,4.75,4.15,5.12,0.70275,0.5928571428571429,25,2.18,4.38,1.7644,4.62,0.29500000000000004,0.25205714285714287,31,6,1,33,1.9518181818181817,1.9506060606060607,0.23795454545454542,0.27865800865800866,52,2.125,1.728076923076923,0.28125,0.24686813186813186,41,2.854878048780488,3.395609756097561,0.463719512195122,0.4850871080139373,23,3.6469565217391304,0.6617391304347826,10.0,46.18,0.4618,20
25-1113.00,"Social Work Teachers, Postsecondary",5.0,1.0,10,3.786,4.62,4.176,4.88,0.6965,0.5965714285714286,25,2.37,4.75,2.046,4.88,0.3425,0.29228571428571426,19,7,1,33,2.4554545454545456,2.68030303030303,0.3638636363636364,0.3829004329004329,52,2.0961538461538463,1.709230769230769,0.27403846153846156,0.24417582417582415,41,3.2792682926829264,3.509512195121951,0.5698170731707316,0.5013588850174215,24,3.92,0.73,11.0,60.7,0.607,20
25-1121.00,"Art, Drama, and Music Teachers, Postsecondary",5.0,1.0,10,3.5740000000000003,4.62,3.711,4.75,0.6435000000000001,0.5301428571428571,25,2.3047999999999997,4.38,1.98,4.75,0.32619999999999993,0.28285714285714286,52,19,1,33,2.597878787878788,2.7784848484848483,0.39946969696969703,0.3969264069264069,52,2.3115384615384618,2.0476923076923077,0.32788461538461544,0.2925274725274725,41,3.4290243902439026,3.8858536585365853,0.6072560975609756,0.5551219512195121,28,3.8785714285714286,0.7196428571428571,8.0,50.68,0.5068,20
25-1122.00,"Communications Teachers, Postsecondary",5.0,1.0,10,3.649,4.25,3.9869999999999997,5.0,0.66225,0.5695714285714285,25,2.3076,4.25,1.9280000000000002,4.88,0.32689999999999997,0.27542857142857147,35,12,3,33,2.473030303030303,2.7875757575757576,0.3682575757575758,0.3982251082251082,52,2.0723076923076924,1.6494230769230769,0.2680769230769231,0.23563186813186812,41,3.410731707317073,3.9046341463414636,0.6026829268292683,0.5578048780487805,23,3.823478260869565,0.7058695652173913,8.0,70.85,0.7084999999999999,20
25-1123.00,"English Language and Literature Teachers, Postsecondary",5.0,1.0,10,3.6119999999999997,4.75,3.864,5.0,0.6529999999999999,0.5519999999999999,25,2.1748,4.62,1.7596,4.38,0.29369999999999996,0.2513714285714286,29,9,1,33,2.4806060606060605,2.5824242424242425,0.3701515151515151,0.3689177489177489,52,2.0603846153846153,1.6523076923076923,0.2650961538461538,0.23604395604395603,41,3.1714634146341463,3.6963414634146345,0.5428658536585366,0.5280487804878049,33,3.6827272727272726,0.6706818181818182,11.0,58.38,0.5838,20
25-1124.00,"Foreign Language and Literature Teachers, Postsecondary",5.0,1.0,10,3.5119999999999996,4.12,3.776,4.88,0.6279999999999999,0.5394285714285714,25,2.1796,4.0,1.7848,4.12,0.29490000000000005,0.25497142857142857,28,9,1,33,2.0681818181818183,2.03,0.2670454545454546,0.29,52,2.0384615384615383,1.6449999999999998,0.2596153846153846,0.23499999999999996,41,2.683414634146341,2.927073170731707,0.4208536585365853,0.41815331010452955,24,3.875,0.71875,11.0,73.42,0.7342,20
25-1125.00,"History Teachers, Postsecondary",5.0,1.0,10,3.625,4.5,3.825,4.75,0.65625,0.5464285714285715,25,2.2348,4.0,1.8304,4.25,0.3087,0.26148571428571427,22,7,3,33,2.466969696969697,2.466666666666667,0.3667424242424242,0.3523809523809524,52,2.0359615384615384,1.588846153846154,0.2589903846153846,0.226978021978022,41,3.0075609756097563,3.479268292682927,0.5018902439024391,0.4970383275261324,25,3.7836000000000003,0.6959000000000001,11.0,69.64,0.6964,20
25-1126.00,"Philosophy and Religion Teachers, Postsecondary",5.0,1.0,10,3.5119999999999996,4.25,3.964,5.0,0.6279999999999999,0.5662857142857143,25,2.2056,4.12,1.7652,4.38,0.3014,0.2521714285714286,22,6,1,33,2.1454545454545455,2.043030303030303,0.2863636363636364,0.2918614718614719,52,2.021153846153846,1.6217307692307692,0.2552884615384615,0.23167582417582416,41,3.011219512195122,3.3985365853658536,0.5028048780487805,0.4855052264808362,22,3.9263636363636363,0.7315909090909091,11.0,73.83,0.7383,20
25-1192.00,"Family and Consumer Sciences Teachers, Postsecondary",5.0,1.0,10,3.5480000000000005,4.12,3.9240000000000004,4.75,0.6370000000000001,0.5605714285714286,25,2.2244,4.0,1.85,4.25,0.30610000000000004,0.2642857142857143,20,7,0,33,2.5715151515151513,2.5112121212121212,0.3928787878787878,0.35874458874458875,52,2.088461538461538,1.709230769230769,0.27211538461538454,0.24417582417582415,41,3.071707317073171,3.402682926829268,0.5179268292682927,0.4860975609756097,23,4.086956521739131,0.7717391304347827,11.0,48.02,0.4802,20
25-1193.00,"Recreation and Fitness Studies Teachers, Postsecondary",5.0,1.0,10,3.563,4.12,3.786,4.25,0.64075,0.5408571428571428,25,2.404,4.12,1.9952,4.25,0.351,0.28502857142857146,23,8,1,33,2.5796969696969696,2.826060606060606,0.3949242424242424,0.40372294372294376,52,2.1559615384615385,1.7890384615384616,0.2889903846153846,0.2555769230769231,41,3.2968292682926825,3.8048780487804876,0.5742073170731706,0.5435540069686411,23,3.857391304347826,0.7143478260869565,11.0,74.16,0.7415999999999999,20
25-1194.00,"Career/Technical Education Teachers, Postsecondary",3.0,0.5,10,3.476,4.0,3.4880000000000004,4.0,0.619,0.49828571428571433,25,2.5303999999999998,4.0,2.3252,4.0,0.38259999999999994,0.3321714285714286,26,6,1,33,2.7496969696969695,2.9775757575757575,0.4374242424242424,0.42536796536796534,52,2.492692307692308,2.1798076923076923,0.373173076923077,0.3114010989010989,41,3.4812195121951217,3.9112195121951223,0.6203048780487804,0.5587456445993032,20,4.0515,0.762875,5.0,42.29,0.4229,20
25-1199.00,"Postsecondary Teachers, All Other",3.0,0.5,0,0.0,,0.0,,0.0,0.0,0,0.0,,0.0,,0.0,0.0,0,0,0,0,0.0,0.0,0.0,0.0,0,0.0,0.0,0.0,0.0,0,0.0,0.0,0.0,0.0,0,0.0,0.0,Unspecified,0.0,0.0,0
25-2011.00,"Preschool Teachers, Except Special Education",3.0,0.5,10,3.275,4.0,2.8609999999999998,4.0,0.56875,0.4087142857142857,25,2.2752,4.0,1.7247999999999999,3.62,0.3188,0.24639999999999998,20,3,0,33,2.1290909090909094,1.8203030303030303,0.28227272727272734,0.26004329004329,52,2.417692307692308,1.9828846153846154,0.35442307692307695,0.2832692307692308,41,2.7553658536585366,2.324390243902439,0.43884146341463415,0.33205574912891983,34,4.195,0.7987500000000001,2.0,28.75,0.2875,20
25-2012.00,"Kindergarten Teachers, Except Special Education",4.0,0.75,10,3.3259999999999996,4.0,3.175,4.0,0.5814999999999999,0.45357142857142857,25,2.3696,4.12,1.7896,4.0,0.34240000000000004,0.25565714285714286,9,5,0,33,2.5527272727272727,2.395151515151515,0.3881818181818182,0.34216450216450217,52,2.4017307692307694,2.016923076923077,0.35043269230769236,0.28813186813186814,41,3.0534146341463413,3.1129268292682926,0.5133536585365853,0.4447038327526132,37,4.173513513513513,0.7933783783783783,6.0,75.66,0.7565999999999999,20
25-2021.00,"Elementary School Teachers, Except Special Education",4.0,0.75,10,3.6630000000000003,4.25,3.6769999999999996,4.5,0.6657500000000001,0.5252857142857142,25,2.4096,4.25,1.9,4.0,0.35240000000000005,0.2714285714285714,30,7,0,33,2.504848484848485,2.255454545454546,0.3762121212121212,0.3222077922077923,52,2.4426923076923077,1.9357692307692307,0.36067307692307693,0.2765384615384615,41,3.0470731707317076,3.1821951219512195,0.5117682926829269,0.4545993031358885,38,4.135526315789474,0.7838815789473685,6.0,78.17,0.7817000000000001,20
25-2022.00,"Middle School Teachers, Except Special and Career/Technical Education",4.0,0.75,10,3.6519999999999997,4.25,3.565,4.0,0.6629999999999999,0.5092857142857142,25,2.3552,4.25,1.81,4.0,0.3388,0.25857142857142856,35,10,0,33,2.4433333333333334,2.383030303030303,0.36083333333333334,0.3404329004329004,52,2.224423076923077,1.7980769230769231,0.30610576923076926,0.2568681318681319,41,3.363414634146342,3.611463414634146,0.5908536585365854,0.5159233449477352,35,3.8017142857142856,0.7004285714285714,6.0,66.94,0.6694,20
25-2023.00,"Career/Technical Education Teachers, Middle School",4.0,0.75,10,3.624,4.12,3.588,4.25,0.656,0.5125714285714286,25,2.3548,4.12,1.9536000000000002,4.12,0.3387,0.2790857142857143,94,69,0,33,2.5681818181818183,2.6563636363636363,0.3920454545454546,0.3794805194805195,52,2.4134615384615383,2.0384615384615383,0.3533653846153846,0.2912087912087912,41,3.0697560975609757,3.0741463414634143,0.5174390243902439,0.43916376306620203,31,3.9335483870967742,0.7333870967741936,6.0,85.76,0.8576,20
25-2031.00,"Secondary School Teachers, Except Special and Career/Technical Education",4.0,0.75,10,3.588,4.0,3.688,4.25,0.647,0.5268571428571429,25,2.3444,4.12,1.8747999999999998,4.0,0.33609999999999995,0.2678285714285714,24,5,0,33,2.4103030303030306,2.2954545454545454,0.35257575757575765,0.3279220779220779,52,2.2663461538461536,1.853076923076923,0.3165865384615384,0.26472527472527474,41,3.2946341463414637,3.3351219512195125,0.5736585365853659,0.4764459930313589,32,3.68375,0.6709375,6.0,76.97,0.7696999999999999,20
25-2032.00,"Career/Technical Education Teachers, Secondary School",4.0,0.75,10,3.711,4.12,3.624,4.12,0.67775,0.5177142857142857,25,2.6752,4.5,2.2447999999999997,4.25,0.41879999999999995,0.32068571428571424,22,7,0,33,2.623939393939394,2.6506060606060604,0.4059848484848485,0.37865800865800864,52,2.697307692307692,2.4309615384615384,0.424326923076923,0.3472802197802198,41,3.8246341463414635,4.229024390243902,0.7061585365853659,0.6041463414634146,33,3.9145454545454546,0.7286363636363636,6.0,40.12,0.4012,20
25-2051.00,"Special Education Teachers, Preschool",4.0,0.75,10,3.55,4.0,3.5980000000000003,4.25,0.6375,0.514,25,2.2252,4.0,1.76,4.12,0.3063,0.25142857142857145,12,5,0,33,2.4193939393939394,2.332727272727273,0.35484848484848486,0.3332467532467533,52,2.4061538461538463,2.124615384615385,0.3515384615384616,0.3035164835164835,41,3.2175609756097563,3.317073170731707,0.5543902439024391,0.4738675958188153,36,4.286666666666666,0.8216666666666665,6.0,44.19,0.44189999999999996,20
25-2055.00,"Special Education Teachers, Kindergarten",4.0,0.75,10,3.412,4.0,3.1870000000000003,3.75,0.603,0.45528571428571435,25,2.2256,3.88,1.6840000000000002,3.62,0.3064,0.2405714285714286,21,5,0,33,2.20969696969697,2.184242424242424,0.3024242424242425,0.312034632034632,52,2.3496153846153844,1.9211538461538462,0.3374038461538461,0.2744505494505495,41,2.9699999999999998,2.9456097560975607,0.49249999999999994,0.42080139372822295,29,4.006896551724138,0.7517241379310344,6.0,56.08,0.5608,20
25-2056.00,"Special Education Teachers, Elementary School",4.0,0.75,10,3.6109999999999998,4.25,3.5130000000000003,4.62,0.6527499999999999,0.5018571428571429,25,2.4188,4.25,1.8947999999999998,4.25,0.3547,0.27068571428571425,21,5,0,33,2.3875757575757577,2.0354545454545456,0.3468939393939394,0.2907792207792208,52,2.485,2.0311538461538463,0.37124999999999997,0.2901648351648352,41,3.217560975609756,3.4695121951219514,0.554390243902439,0.4956445993031359,30,4.358666666666666,0.8396666666666666,6.0,51.39,0.5139,20
25-2057.00,"Special Education Teachers, Middle School",4.0,0.75,10,3.624,4.12,3.588,4.25,0.656,0.5125714285714286,25,2.27,4.12,1.7436,4.12,0.3175,0.2490857142857143,24,7,0,33,2.5254545454545454,2.6018181818181816,0.38136363636363635,0.3716883116883117,52,2.3178846153846155,1.8773076923076923,0.3294711538461539,0.2681868131868132,41,2.9697560975609756,3.0907317073170733,0.4924390243902439,0.4415331010452962,40,4.0115,0.752875,6.0,82.52,0.8251999999999999,20
25-2058.00,"Special Education Teachers, Secondary School",4.0,0.75,10,3.539,4.12,3.6630000000000003,4.75,0.63475,0.5232857142857144,25,2.4008,4.12,1.9307999999999998,4.0,0.35019999999999996,0.2758285714285714,20,12,2,33,2.7184848484848483,2.7624242424242422,0.42962121212121207,0.3946320346320346,52,2.3371153846153847,1.9211538461538462,0.3342788461538462,0.2744505494505495,41,3.401951219512195,3.4917073170731707,0.6004878048780488,0.49881533101045294,40,3.9204999999999997,0.7301249999999999,6.0,42.35,0.4235,20
25-2059.00,"Special Education Teachers, All Other",3.0,0.5,0,0.0,,0.0,,0.0,0.0,0,0.0,,0.0,,0.0,0.0,0,0,0,0,0.0,0.0,0.0,0.0,0,0.0,0.0,0.0,0.0,0,0.0,0.0,0.0,0.0,0,0.0,0.0,Unspecified,0.0,0.0,0
25-2059.01,Adapted Physical Education Specialists,4.0,0.75,10,3.4769999999999994,4.0,3.425,4.12,0.6192499999999999,0.48928571428571427,25,2.4552,4.12,2.0747999999999998,4.0,0.3638,0.29639999999999994,11,6,0,33,2.3093939393939396,2.3857575757575757,0.3273484848484849,0.3408225108225108,52,2.620769230769231,2.473653846153846,0.40519230769230774,0.3533791208791209,41,3.4960975609756098,4.090731707317073,0.6240243902439024,0.584390243902439,20,4.5275,0.881875,6.0,45.45,0.4545,20
25-3011.00,"Adult Basic Education, Adult Secondary Education, and English as a Second Language Instructors",4.0,0.75,10,3.3609999999999998,3.75,3.314,4.0,0.5902499999999999,0.4734285714285714,25,2.1556,4.25,1.6840000000000002,4.0,0.28890000000000005,0.2405714285714286,21,10,2,33,1.9833333333333334,1.82,0.24583333333333335,0.26,52,2.1155769230769232,1.643846153846154,0.2788942307692308,0.23483516483516484,41,2.819268292682927,2.7914634146341464,0.4548170731707317,0.39878048780487807,37,3.6772972972972973,0.6693243243243243,6.0,40.84,0.40840000000000004,20
25-3021.00,Self-Enrichment Teachers,3.0,0.5,10,2.9240000000000004,3.62,2.8600000000000003,3.75,0.4810000000000001,0.40857142857142864,25,2.09,3.38,1.61,3.25,0.27249999999999996,0.23,21,8,0,33,1.9684848484848483,1.750909090909091,0.24212121212121207,0.25012987012987015,52,2.1528846153846155,1.7615384615384615,0.2882211538461539,0.25164835164835164,41,2.995853658536585,2.932926829268293,0.4989634146341463,0.4189895470383275,30,3.759666666666667,0.6899166666666667,8.0,34.69,0.3469,20
25-3031.00,"Substitute Teachers, Short-Term",4.0,0.75,10,3.024,3.62,2.877,3.75,0.506,0.411,25,1.9747999999999999,3.5,1.4596,3.62,0.24369999999999997,0.2085142857142857,14,3,0,33,2.0366666666666666,1.6236363636363635,0.25916666666666666,0.23194805194805193,52,2.080192307692308,1.6146153846153846,0.270048076923077,0.23065934065934066,41,2.586829268292683,2.033170731707317,0.39670731707317075,0.29045296167247386,18,4.2283333333333335,0.8070833333333334,6.0,39.66,0.39659999999999995,20
25-3041.00,Tutors,3.0,0.5,10,3.511,4.12,3.338,4.0,0.62775,0.47685714285714287,25,2.12,4.12,1.6,3.88,0.28,0.2285714285714286,24,6,0,33,2.3163636363636364,2.188181818181818,0.3290909090909091,0.3125974025974026,52,2.132307692307692,1.6313461538461538,0.283076923076923,0.23304945054945053,41,2.8982926829268294,2.7268292682926827,0.47457317073170735,0.3895470383275261,19,3.9363157894736847,0.7340789473684212,6.0,40.91,0.40909999999999996,20
25-3099.00,"Teachers and Instructors, All Other",3.0,0.5,0,0.0,,0.0,,0.0,0.0,0,0.0,,0.0,,0.0,0.0,0,0,0,0,0.0,0.0,0.0,0.0,0,0.0,0.0,0.0,0.0,0,0.0,0.0,0.0,0.0,0,0.0,0.0,Unspecified,0.0,0.0,0
25-4011.00,Archivists,5.0,1.0,10,3.19,4.12,3.2880000000000003,4.12,0.5475,0.46971428571428575,25,2.1548,3.25,1.8503999999999998,3.25,0.28869999999999996,0.2643428571428571,30,13,4,33,2.373030303030303,2.6054545454545455,0.34325757575757576,0.3722077922077922,52,2.2576923076923077,1.9178846153846154,0.3144230769230769,0.2739835164835165,41,3.4041463414634143,3.9778048780487807,0.6010365853658536,0.5682578397212544,13,4.22076923076923,0.8051923076923075,8.0,83.87,0.8387,20
25-4012.00,Curators,5.0,1.0,10,3.4519999999999995,4.0,3.786,4.62,0.6129999999999999,0.5408571428571428,25,2.4452000000000003,3.62,2.3552,3.88,0.36130000000000007,0.33645714285714284,44,21,4,33,2.4184848484848485,2.6793939393939397,0.3546212121212121,0.3827705627705628,52,2.415,2.23,0.35375,0.31857142857142856,41,3.3585365853658535,3.8807317073170733,0.5896341463414634,0.5543902439024391,15,3.6573333333333333,0.6643333333333333,8.0,44.05,0.44049999999999995,20
25-4013.00,Museum Technicians and Conservators,5.0,1.0,10,3.252,4.0,3.3630000000000004,4.12,0.563,0.4804285714285715,25,2.2803999999999998,3.25,2.0052000000000003,3.25,0.32009999999999994,0.2864571428571429,17,12,0,33,2.4600000000000004,2.7754545454545454,0.3650000000000001,0.3964935064935065,52,2.545,2.3390384615384616,0.38625,0.33414835164835166,41,3.471219512195122,4.174390243902439,0.6178048780487805,0.5963414634146342,24,3.93375,0.7334375,8.0,73.08,0.7308,20
25-4022.00,Librarians and Media Collections Specialists,5.0,1.0,10,3.161,4.12,3.163,4.12,0.54025,0.45185714285714285,25,2.2296,3.38,1.824,3.38,0.3074,0.26057142857142856,81,26,3,33,2.257878787878788,2.4033333333333333,0.31446969696969695,0.3433333333333333,52,2.268653846153846,1.8359615384615384,0.31716346153846153,0.26228021978021976,41,3.361951219512195,3.8453658536585364,0.5904878048780487,0.5493379790940767,30,3.7359999999999998,0.6839999999999999,8.0,96.3,0.963,20
25-4031.00,Library Technicians,3.0,0.5,10,2.777,3.38,2.726,3.88,0.44425000000000003,0.3894285714285714,25,2.024,3.12,1.51,3.25,0.256,0.21571428571428572,29,11,2,33,2.0472727272727274,1.6090909090909091,0.26181818181818184,0.22987012987012986,52,2.188076923076923,1.8959615384615385,0.29701923076923076,0.2708516483516484,41,2.7490243902439024,2.3282926829268296,0.4372560975609756,0.3326132404181185,31,3.6703225806451614,0.6675806451612903,6.0,29.62,0.2962,20
25-9021.00,Farm and Home Management Educators,5.0,1.0,10,3.6759999999999997,4.38,4.012,4.75,0.6689999999999999,0.5731428571428571,25,2.6404,3.88,2.4512,4.0,0.4101,0.3501714285714286,17,9,0,33,2.5948484848484847,2.9987878787878786,0.3987121212121212,0.4283982683982684,52,2.6028846153846152,2.4351923076923074,0.4007211538461538,0.34788461538461535,41,3.402682926829268,3.8407317073170733,0.600670731707317,0.5486759581881533,15,3.7733333333333334,0.6933333333333334,8.0,70.37,0.7037,20
25-9031.00,Instructional Coordinators,5.0,1.0,10,3.65,4.25,3.8619999999999997,4.75,0.6625,0.5517142857142857,25,2.5192,4.12,2.2607999999999997,4.25,0.3798,0.3229714285714285,88,22,7,33,2.622121212121212,2.486969696969697,0.405530303030303,0.35528138528138525,52,2.3098076923076922,1.8767307692307693,0.32745192307692306,0.26810439560439564,41,3.36,3.936341463414634,0.59,0.5623344947735192,30,3.8461538461538463,0.7115384615384616,8.0,59.84,0.5984,20
25-9042.00,"Teaching Assistants, Preschool, Elementary, Middle, and Secondary School, Except Special Education",3.0,0.5,10,3.151,3.75,3.013,3.62,0.53775,0.43042857142857144,25,2.1948,3.75,1.7104,3.38,0.29869999999999997,0.24434285714285714,29,5,0,33,2.4945454545454546,2.388484848484848,0.37363636363636366,0.3412121212121212,52,2.4440384615384616,2.0359615384615384,0.3610096153846154,0.29085164835164834,41,3.1751219512195124,3.346829268292683,0.5437804878048781,0.4781184668989547,28,3.964642857142857,0.7411607142857143,2.0,27.1,0.271,20
25-9043.00,"Teaching Assistants, Special Education",3.0,0.5,10,3.125,3.88,2.8120000000000003,3.62,0.53125,0.40171428571428575,25,2.0952,3.75,1.4547999999999999,3.38,0.27380000000000004,0.20782857142857142,30,5,1,33,2.0327272727272727,1.6990909090909092,0.2581818181818182,0.24272727272727274,52,2.323846153846154,1.7882692307692307,0.33096153846153853,0.25546703296703294,41,2.7934146341463415,2.546341463414634,0.4483536585365854,0.3637630662020906,30,3.69,0.6725,6.0,39.16,0.39159999999999995,20
25-9044.00,"Teaching Assistants, Postsecondary",5.0,1.0,10,3.112,3.88,3.2,4.25,0.528,0.4571428571428572,25,2.1248,3.5,1.6996,3.5,0.2812,0.2428,21,10,2,33,2.1930303030303033,1.9333333333333336,0.29825757575757583,0.2761904761904762,52,2.0517307692307694,1.6367307692307693,0.26293269230769234,0.23381868131868133,41,2.9197560975609753,2.8965853658536584,0.47993902439024383,0.4137979094076655,20,3.7405,0.685125,6.0,57.32,0.5732,20
25-9049.00,"Teaching Assistants, All Other",3.0,0.5,0,0.0,,0.0,,0.0,0.0,0,0.0,,0.0,,0.0,0.0,0,0,0,0,0.0,0.0,0.0,0.0,0,0.0,0.0,0.0,0.0,0,0.0,0.0,0.0,0.0,0,0.0,0.0,Unspecified,0.0,0.0,0
25-9099.00,"Educational Instruction and Library Workers, All Other",3.0,0.5,0,0.0,,0.0,,0.0,0.0,0,0.0,,0.0,,0.0,0.0,0,0,0,0,0.0,0.0,0.0,0.0,0,0.0,0.0,0.0,0.0,0,0.0,0.0,0.0,0.0,0,0.0,0.0,Unspecified,0.0,0.0,0
27-1011.00,Art Directors,4.0,0.75,10,3.1879999999999997,4.0,3.35,4.0,0.5469999999999999,0.4785714285714286,25,2.4388,3.75,2.2096,3.88,0.3597,0.31565714285714286,52,23,8,33,2.389090909090909,2.3621212121212123,0.3472727272727273,0.3374458874458875,52,2.3071153846153845,1.963846153846154,0.3267788461538461,0.2805494505494506,41,3.013658536585366,3.2575609756097563,0.5034146341463415,0.4653658536585366,16,4.1293750000000005,0.7823437500000001,6.0,68.02,0.6801999999999999,20
27-1012.00,Craft Artists,3.0,0.5,10,2.5740000000000003,3.12,2.473,3.12,0.39350000000000007,0.35328571428571426,25,2.1508,2.88,1.8812,3.0,0.28769999999999996,0.2687428571428571,12,1,0,33,2.1324242424242428,2.0257575757575754,0.2831060606060607,0.28939393939393937,52,2.4201923076923078,2.2178846153846155,0.35504807692307694,0.31684065934065936,41,2.8224390243902437,2.9431707317073172,0.45560975609756094,0.42045296167247387,16,3.87875,0.7196875,2.0,26.09,0.2609,20
27-1013.00,"Fine Artists, Including Painters, Sculptors, and Illustrators",3.0,0.5,10,2.675,3.25,2.527,3.38,0.41874999999999996,0.36100000000000004,25,2.0956,3.0,1.7304,3.0,0.27390000000000003,0.2472,53,19,3,33,2.4754545454545456,2.3996969696969694,0.3688636363636364,0.3428138528138528,52,2.454230769230769,2.2071153846153844,0.3635576923076923,0.31530219780219776,41,2.4753658536585363,2.2356097560975607,0.3688414634146341,0.3193728222996515,28,3.6310714285714285,0.6577678571428571,4.0,37.03,0.3703,20
27-1014.00,Special Effects Artists and Animators,4.0,0.75,10,2.999,3.88,3.026,4.0,0.49975,0.4322857142857143,25,2.2308,3.12,2.0352,3.62,0.3077,0.29074285714285714,130,28,18,33,2.39030303030303,2.109090909090909,0.34757575757575754,0.3012987012987013,52,2.334230769230769,2.021346153846154,0.3335576923076923,0.28876373626373625,41,3.0,2.8563414634146342,0.5,0.4080487804878049,13,3.7,0.675,6.0,52.75,0.5275,20
27-1019.00,"Artists and Related Workers, All Other",3.0,0.5,0,0.0,,0.0,,0.0,0.0,0,0.0,,0.0,,0.0,0.0,0,0,0,0,0.0,0.0,0.0,0.0,0,0.0,0.0,0.0,0.0,0,0.0,0.0,0.0,0.0,0,0.0,0.0,Unspecified,0.0,0.0,0
27-1021.00,Commercial and Industrial Designers,4.0,0.75,10,3.249,4.0,3.688,4.12,0.56225,0.5268571428571429,25,2.5152,3.75,2.4756,3.88,0.3788,0.35365714285714284,61,30,8,33,2.521818181818182,2.6636363636363636,0.3804545454545455,0.38051948051948054,52,2.352692307692308,2.1178846153846154,0.33817307692307697,0.30255494505494507,41,3.012926829268293,3.004634146341463,0.5032317073170732,0.42923344947735187,17,3.5288235294117647,0.6322058823529412,6.0,67.92,0.6792,20
27-1022.00,Fashion Designers,3.0,0.5,10,3.225,3.88,3.163,4.0,0.55625,0.45185714285714285,25,2.6296,3.75,2.2396000000000003,3.75,0.4074,0.3199428571428572,29,14,7,33,2.0063636363636363,1.7578787878787878,0.2515909090909091,0.25112554112554114,52,2.403653846153846,2.004423076923077,0.3509134615384615,0.28634615384615386,41,3.2321951219512197,3.428048780487805,0.5580487804878049,0.4897212543554007,20,3.8325000000000005,0.7081250000000001,6.0,50.67,0.5067,20
27-1023.00,Floral Designers,2.0,0.25,10,2.75,3.88,2.488,3.25,0.4375,0.3554285714285714,25,2.084,3.25,1.6452,3.0,0.271,0.23502857142857142,11,6,0,33,2.3075757575757576,2.2551515151515154,0.3268939393939394,0.3221645021645022,52,2.4134615384615383,1.96,0.3533653846153846,0.27999999999999997,41,3.1904878048780487,3.515121951219512,0.5476219512195122,0.5021602787456446,15,4.311333333333334,0.8278333333333334,2.0,71.43,0.7143,20
27-1024.00,Graphic Designers,4.0,0.75,10,2.887,3.75,2.9240000000000004,3.88,0.47175,0.41771428571428576,25,2.2488,3.12,1.8736000000000002,3.12,0.31220000000000003,0.26765714285714287,79,35,13,33,2.4693939393939393,2.5372727272727276,0.3673484848484848,0.3624675324675325,52,2.170576923076923,1.7715384615384617,0.29264423076923074,0.2530769230769231,41,3.124878048780488,3.3897560975609755,0.531219512195122,0.48425087108013937,19,4.057894736842105,0.7644736842105262,6.0,65.0,0.65,20
27-1025.00,Interior Designers,4.0,0.75,10,3.2600000000000002,4.0,3.211,4.0,0.5650000000000001,0.4587142857142857,25,2.5552,3.75,2.2508,3.88,0.38880000000000003,0.32154285714285713,30,14,10,33,2.6460606060606064,2.9251515151515153,0.4115151515151516,0.4178787878787879,52,2.2788461538461537,1.8176923076923077,0.31971153846153844,0.25967032967032966,41,3.4587804878048782,4.027073170731708,0.6146951219512196,0.5752961672473867,16,4.15,0.7875000000000001,6.0,84.0,0.84,20
27-1026.00,Merchandise Displayers and Window Trimmers,3.0,0.5,10,2.714,3.5,2.526,3.38,0.4285,0.3608571428571428,25,2.1304,3.12,1.7212,3.12,0.28259999999999996,0.2458857142857143,25,17,1,33,1.9781818181818183,1.5233333333333334,0.24454545454545457,0.21761904761904763,52,2.555192307692308,2.264423076923077,0.388798076923077,0.323489010989011,41,3.0185365853658537,2.4895121951219514,0.5046341463414634,0.3556445993031359,24,3.84375,0.7109375,2.0,39.46,0.3946,20
27-1027.00,Set and Exhibit Designers,5.0,1.0,10,3.2380000000000004,3.88,3.2,4.0,0.5595000000000001,0.4571428571428572,25,2.5715999999999997,3.75,2.3952,3.88,0.3928999999999999,0.34217142857142857,31,19,7,33,2.543030303030303,2.7175757575757573,0.38575757575757574,0.3882251082251082,52,2.5746153846153845,2.3565384615384617,0.39365384615384613,0.33664835164835166,41,2.9814634146341463,3.377560975609756,0.4953658536585366,0.48250871080139374,27,3.9125925925925924,0.7281481481481481,6.0,33.33,0.3333,20
27-1029.00,"Designers, All Other",3.0,0.5,0,0.0,,0.0,,0.0,0.0,0,0.0,,0.0,,0.0,0.0,0,0,0,0,0.0,0.0,0.0,0.0,0,0.0,0.0,0.0,0.0,0,0.0,0.0,0.0,0.0,0,0.0,0.0,Unspecified,0.0,0.0,0
27-2011.00,Actors,2.0,0.25,10,2.837,4.0,2.6870000000000003,4.0,0.45925000000000005,0.3838571428571429,25,1.77,3.62,1.2304,3.75,0.1925,0.17577142857142855,19,9,0,33,1.905151515151515,1.6463636363636363,0.22628787878787876,0.23519480519480518,52,2.256730769230769,1.9057692307692307,0.31418269230769225,0.27225274725274723,41,2.4653658536585366,2.500487804878049,0.36634146341463414,0.35721254355400694,18,3.446111111111111,0.6115277777777778,1.0,65.71,0.6570999999999999,20
27-2012.00,Producers and Directors,4.0,0.75,10,3.412,4.38,3.499,4.38,0.603,0.4998571428571429,25,2.6204,3.88,2.5296000000000003,4.5,0.4051,0.3613714285714286,75,33,7,33,2.2172727272727273,1.955757575757576,0.3043181818181818,0.2793939393939394,52,2.559423076923077,2.341153846153846,0.38985576923076926,0.3344505494505494,41,3.2736585365853657,3.597560975609756,0.5684146341463414,0.5139372822299652,30,3.8433333333333333,0.7108333333333333,6.0,56.67,0.5667,20
27-2012.03,Media Programming Directors,4.0,0.75,10,3.4259999999999997,4.25,3.338,4.12,0.6064999999999999,0.47685714285714287,25,2.6852,4.12,2.4507999999999996,4.25,0.4213,0.35011428571428566,26,14,5,33,2.7512121212121214,2.8009090909090912,0.43780303030303036,0.40012987012987017,52,2.3915384615384614,1.998076923076923,0.34788461538461535,0.2854395604395604,41,3.4324390243902436,3.4809756097560975,0.6081097560975609,0.4972822299651568,23,3.707826086956522,0.6769565217391305,6.0,52.0,0.52,20
27-2012.04,Talent Directors,4.0,0.75,10,3.164,4.0,3.099,4.0,0.541,0.4427142857142857,25,2.2403999999999997,3.88,1.84,3.75,0.31009999999999993,0.26285714285714284,20,11,4,33,2.187272727272727,2.0257575757575754,0.29681818181818176,0.28939393939393937,52,2.1530769230769233,1.679423076923077,0.28826923076923083,0.2399175824175824,41,2.7739024390243903,2.6941463414634144,0.44347560975609757,0.38487804878048776,15,3.854,0.7135,6.0,42.31,0.42310000000000003,20
27-2012.05,Media Technical Directors/Managers,4.0,0.75,10,3.275,4.0,3.3609999999999998,4.62,0.56875,0.4801428571428571,25,2.7056,4.0,2.7039999999999997,4.0,0.4264,0.38628571428571423,37,21,1,33,2.2439393939393937,2.0087878787878783,0.3109848484848484,0.28696969696969693,52,2.5673076923076925,2.324423076923077,0.39182692307692313,0.33206043956043957,41,3.251219512195122,3.6024390243902435,0.5628048780487805,0.5146341463414633,15,4.006666666666667,0.7516666666666667,6.0,92.07,0.9207,20
27-2021.00,Athletes and Sports Competitors,2.0,0.25,10,3.025,3.88,2.675,3.25,0.50625,0.3821428571428571,25,2.2508,3.62,1.7863999999999998,3.75,0.3127,0.2552,12,7,0,33,2.462121212121212,2.4636363636363634,0.365530303030303,0.3519480519480519,52,2.900384615384615,2.740769230769231,0.4750961538461538,0.39153846153846156,41,3.2863414634146344,3.958048780487805,0.5715853658536586,0.5654355400696864,9,3.9311111111111114,0.7327777777777779,1.0,34.8,0.348,20
27-2022.00,Coaches and Scouts,4.0,0.75,10,3.586,4.38,3.5869999999999997,4.75,0.6465,0.5124285714285713,25,2.8160000000000003,4.75,2.6856,4.75,0.45400000000000007,0.38365714285714286,39,8,0,33,2.4515151515151516,2.3536363636363635,0.3628787878787879,0.3362337662337662,52,2.62,2.4288461538461537,0.405,0.34697802197802197,41,3.392439024390244,3.267073170731707,0.598109756097561,0.46672473867595815,27,4.0381481481481485,0.7595370370370371,6.0,48.89,0.4889,20
27-2023.00,"Umpires, Referees, and Other Sports Officials",2.0,0.25,10,2.9,3.62,2.711,3.5,0.475,0.3872857142857143,25,1.98,3.25,1.4047999999999998,3.0,0.245,0.20068571428571427,10,6,0,33,1.8118181818181818,1.3993939393939394,0.20295454545454544,0.1999134199134199,52,2.4971153846153844,2.256346153846154,0.3742788461538461,0.32233516483516483,41,2.6573170731707316,2.5548780487804876,0.4143292682926829,0.36498257839721254,16,4.23,0.8075000000000001,2.0,42.86,0.4286,20
27-2031.00,Dancers,3.0,0.5,10,2.489,3.25,2.3009999999999997,3.0,0.37224999999999997,0.3287142857142857,25,1.7504,3.0,1.1992,3.75,0.1876,0.17131428571428572,12,4,0,33,2.012121212121212,1.4493939393939392,0.25303030303030305,0.20705627705627702,52,2.6536538461538464,2.535769230769231,0.4134134615384616,0.3622527472527473,41,2.2809756097560974,1.8239024390243903,0.32024390243902434,0.26055749128919864,14,3.994285714285714,0.7485714285714286,2.0,45.06,0.4506,20
27-2032.00,Choreographers,3.0,0.5,10,3.1,3.88,2.902,3.88,0.525,0.4145714285714286,25,2.2592000000000003,4.0,1.81,4.0,0.3148000000000001,0.25857142857142856,13,6,0,33,2.214848484848485,2.254545454545455,0.3037121212121212,0.32207792207792213,52,2.785192307692308,2.634423076923077,0.446298076923077,0.3763461538461539,41,3.0746341463414635,3.66780487804878,0.5186585365853659,0.5239721254355401,18,3.8905555555555558,0.7226388888888889,2.0,33.33,0.3333,20
27-2041.00,Music Directors and Composers,4.0,0.75,10,3.0629999999999997,3.88,2.999,3.75,0.5157499999999999,0.42842857142857144,25,2.2847999999999997,3.5,1.9884,3.75,0.32119999999999993,0.28405714285714284,86,5,0,33,2.1957575757575754,2.137272727272727,0.29893939393939384,0.30532467532467533,52,2.556923076923077,2.415192307692308,0.38923076923076927,0.34502747252747257,41,2.971951219512195,3.2560975609756095,0.4929878048780487,0.46515679442508706,30,3.927857142857143,0.7319642857142857,8.0,28.21,0.2821,20
27-2042.00,Musicians and Singers,4.0,0.75,10,2.712,3.38,2.4509999999999996,3.38,0.42800000000000005,0.3501428571428571,25,2.0347999999999997,3.12,1.6292000000000002,3.12,0.25869999999999993,0.23274285714285717,23,5,0,33,1.8333333333333333,1.3878787878787877,0.20833333333333331,0.19826839826839823,52,2.581538461538462,2.354807692307692,0.39538461538461545,0.33640109890109887,41,2.658292682926829,2.6802439024390243,0.4145731707317073,0.38289198606271774,26,4.026153846153846,0.7565384615384616,6.0,37.08,0.37079999999999996,20
27-2091.00,"Disc Jockeys, Except Radio",2.0,0.25,10,2.675,3.5,2.526,3.62,0.41874999999999996,0.3608571428571428,25,2.3552,3.75,1.9487999999999999,3.12,0.3388,0.2784,6,3,1,33,2.28,2.0596969696969696,0.31999999999999995,0.29424242424242425,52,2.5,2.1767307692307694,0.375,0.31096153846153846,41,3.2860975609756093,3.479024390243902,0.5715243902439023,0.4970034843205574,19,4.408947368421052,0.8522368421052631,2.0,52.0,0.52,20
27-2099.00,"Entertainers and Performers, Sports and Related Workers, All Other",3.0,0.5,0,0.0,,0.0,,0.0,0.0,0,0.0,,0.0,,0.0,0.0,0,0,0,0,0.0,0.0,0.0,0.0,0,0.0,0.0,0.0,0.0,0,0.0,0.0,0.0,0.0,0,0.0,0.0,Unspecified,0.0,0.0,0
27-3011.00,Broadcast Announcers and Radio Disc Jockeys,4.0,0.75,10,3.037,4.75,2.936,4.12,0.50925,0.41942857142857143,25,2.0947999999999998,3.75,1.6804,3.75,0.27369999999999994,0.24005714285714283,17,7,2,33,2.131515151515152,1.670909090909091,0.28287878787878795,0.2387012987012987,52,2.3371153846153847,1.8917307692307692,0.3342788461538462,0.27024725274725275,41,3.071707317073171,3.0885365853658535,0.5179268292682927,0.44121951219512195,24,3.9270833333333335,0.7317708333333334,6.0,35.18,0.3518,20
27-3023.00,"News Analysts, Reporters, and Journalists",4.0,0.75,10,3.375,4.5,3.3619999999999997,4.38,0.59375,0.48028571428571426,25,2.1748,3.75,1.7408,3.88,0.29369999999999996,0.24868571428571426,41,14,0,33,2.2745454545454544,2.1215151515151516,0.3186363636363636,0.3030735930735931,52,2.3984615384615386,2.0065384615384616,0.34961538461538466,0.2866483516483517,41,3.1904878048780487,3.371463414634146,0.5476219512195122,0.48163763066202087,30,4.335,0.83375,6.0,83.57,0.8356999999999999,20
27-3031.00,Public Relations Specialists,4.0,0.75,10,3.2880000000000003,4.12,3.336,4.25,0.5720000000000001,0.47657142857142853,25,2.3704,4.0,2.06,4.12,0.3426,0.2942857142857143,70,26,10,33,2.255757575757576,2.2815151515151517,0.31393939393939396,0.32593073593073596,52,2.1009615384615383,1.6415384615384616,0.2752403846153846,0.23450549450549452,41,3.27,3.743170731707317,0.5675,0.5347386759581881,18,3.8449999999999998,0.7112499999999999,6.0,90.91,0.9091,20
27-3041.00,Editors,4.0,0.75,10,3.3880000000000003,5.0,3.4619999999999997,5.0,0.5970000000000001,0.49457142857142855,25,2.2840000000000003,3.38,1.9712,3.88,0.32100000000000006,0.2816,57,22,8,33,2.4157575757575755,2.51,0.3539393939393939,0.35857142857142854,52,2.313076923076923,1.9036538461538461,0.32826923076923076,0.2719505494505495,41,3.545121951219512,3.7582926829268293,0.636280487804878,0.5368989547038328,22,4.067272727272727,0.7668181818181818,6.0,68.76,0.6876000000000001,20
27-3042.00,Technical Writers,4.0,0.75,10,3.1740000000000004,4.88,3.113,5.0,0.5435000000000001,0.44471428571428573,25,1.9747999999999999,3.12,1.4756,3.0,0.24369999999999997,0.21080000000000002,71,33,10,33,2.2487878787878786,2.033333333333333,0.31219696969696964,0.29047619047619044,52,2.0559615384615384,1.5484615384615383,0.2639903846153846,0.2212087912087912,41,2.882439024390244,3.0551219512195122,0.47060975609756095,0.4364459930313589,15,4.141333333333334,0.7853333333333334,5.0,35.25,0.3525,20
27-3043.00,Writers and Authors,4.0,0.75,10,3.112,5.0,3.037,5.12,0.528,0.43385714285714283,25,1.944,3.75,1.3996000000000002,3.38,0.236,0.19994285714285717,54,28,9,33,2.070909090909091,2.078181818181818,0.2677272727272727,0.29688311688311686,52,2.038846153846154,1.518846153846154,0.2597115384615385,0.216978021978022,41,2.8380487804878047,3.346829268292683,0.4595121951219512,0.4781184668989547,20,4.014,0.7535000000000001,6.0,73.68,0.7368000000000001,20
27-3043.05,"Poets, Lyricists and Creative Writers",4.0,0.75,10,3.2369999999999997,4.75,3.225,5.75,0.5592499999999999,0.46071428571428574,25,1.9143999999999999,3.25,1.4287999999999998,3.5,0.22859999999999997,0.2041142857142857,35,11,0,33,2.087878787878788,2.1039393939393936,0.271969696969697,0.30056277056277053,52,2.1303846153846155,1.6824999999999999,0.2825961538461539,0.24035714285714285,41,2.562682926829268,2.7053658536585368,0.39067073170731703,0.3864808362369338,16,3.996875,0.74921875,6.0,31.82,0.3182,20
27-3091.00,Interpreters and Translators,4.0,0.75,10,3.2230000000000003,4.12,3.137,4.25,0.5557500000000001,0.4481428571428571,25,2.0392,3.12,1.5448,3.62,0.25980000000000003,0.2206857142857143,28,7,4,33,2.2284848484848485,1.9684848484848483,0.30712121212121213,0.2812121212121212,52,2.2988461538461538,1.8840384615384616,0.32471153846153844,0.26914835164835166,41,3.0012195121951217,2.989024390243902,0.5003048780487804,0.42700348432055746,17,4.187647058823529,0.7969117647058823,6.0,54.72,0.5472,20
27-3092.00,Court Reporters and Simultaneous Captioners,3.0,0.5,10,2.662,4.25,2.476,4.12,0.4155,0.3537142857142857,25,1.6144,2.75,0.8848,2.75,0.15360000000000001,0.1264,27,4,1,33,1.9427272727272726,1.6490909090909092,0.23568181818181816,0.2355844155844156,52,2.144423076923077,1.6128846153846155,0.28610576923076925,0.23041208791208792,41,2.621219512195122,2.4326829268292682,0.40530487804878046,0.3475261324041812,15,4.750666666666667,0.9376666666666666,5.0,47.83,0.4783,20
27-3099.00,"Media and Communication Workers, All Other",3.0,0.5,0,0.0,,0.0,,0.0,0.0,0,0.0,,0.0,,0.0,0.0,0,0,0,0,0.0,0.0,0.0,0.0,0,0.0,0.0,0.0,0.0,0,0.0,0.0,0.0,0.0,0,0.0,0.0,Unspecified,0.0,0.0,0
27-4011.00,Audio and Video Technicians,3.0,0.5,10,2.886,3.75,2.8240000000000003,3.75,0.47150000000000003,0.40342857142857147,25,2.6904000000000003,3.5,2.5248,3.12,0.4226000000000001,0.3606857142857143,24,15,3,33,2.491818181818182,2.4724242424242426,0.37295454545454554,0.35320346320346324,52,2.568269230769231,2.398653846153846,0.3920673076923078,0.34266483516483515,41,3.2585365853658534,3.343658536585366,0.5646341463414634,0.4776655052264808,29,3.3513793103448277,0.5878448275862069,6.0,42.67,0.4267,20
27-4012.00,Broadcast Technicians,3.0,0.5,10,3.099,3.88,3.025,3.88,0.52475,0.4321428571428571,25,2.73,3.88,2.6444,3.62,0.4325,0.3777714285714286,23,13,2,33,2.6703030303030304,2.5424242424242425,0.4175757575757576,0.3632034632034632,52,2.555769230769231,2.3484615384615384,0.38894230769230775,0.3354945054945055,41,3.446829268292683,3.980243902439024,0.6117073170731707,0.5686062717770034,28,3.9796428571428573,0.7449107142857143,6.0,64.75,0.6475,20
27-4014.00,Sound Engineering Technicians,3.0,0.5,10,2.96,3.75,2.874,3.75,0.49,0.4105714285714286,25,2.6292,3.38,2.4596,3.25,0.4073,0.35137142857142856,32,17,0,33,2.268181818181818,2.1654545454545455,0.3170454545454545,0.3093506493506494,52,2.523269230769231,2.199423076923077,0.3808173076923077,0.3142032967032967,41,3.24,3.4668292682926825,0.56,0.4952613240418118,14,4.2335714285714285,0.8083928571428571,2.0,32.0,0.32,20
27-4015.00,Lighting Technicians,3.0,0.5,0,0.0,,0.0,,0.0,0.0,0,0.0,,0.0,,0.0,0.0,12,7,1,0,0.0,0.0,0.0,0.0,0,0.0,0.0,0.0,0.0,0,0.0,0.0,0.0,0.0,16,0.0,0.0,Unspecified,0.0,0.0,20
27-4021.00,Photographers,3.0,0.5,10,2.9490000000000003,3.75,2.849,3.62,0.48725000000000007,0.40700000000000003,25,2.44,3.25,2.1807999999999996,3.12,0.36,0.31154285714285707,35,13,2,33,2.5318181818181817,2.498181818181818,0.38295454545454544,0.35688311688311686,52,2.558076923076923,2.397307692307692,0.3895192307692308,0.34247252747252743,41,3.3902439024390243,3.7558536585365854,0.5975609756097561,0.5365505226480837,28,3.972142857142857,0.7430357142857142,4.0,27.27,0.2727,20
27-4031.00,"Camera Operators, Television, Video, and Film",3.0,0.5,10,2.8,3.75,2.6879999999999997,3.5,0.44999999999999996,0.38399999999999995,25,2.476,3.25,2.3592,3.75,0.369,0.3370285714285714,23,11,8,33,2.2296969696969695,1.8033333333333332,0.3074242424242424,0.2576190476190476,52,2.6717307692307695,2.5542307692307693,0.41793269230769237,0.3648901098901099,41,3.2968292682926825,2.895609756097561,0.5742073170731706,0.41365853658536583,21,4.123333333333333,0.7808333333333333,5.0,60.7,0.607,20
27-4032.00,Film and Video Editors,4.0,0.75,10,2.875,3.75,2.8120000000000003,3.75,0.46875,0.40171428571428575,25,2.23,3.25,1.9347999999999999,3.12,0.3075,0.2764,37,15,10,33,2.6039393939393936,2.5245454545454544,0.4009848484848484,0.3606493506493506,52,2.2836538461538463,1.9324999999999999,0.32091346153846156,0.2760714285714286,41,3.2541463414634144,3.178292682926829,0.5635365853658536,0.4540418118466899,22,4.173181818181818,0.7932954545454545,6.0,65.1,0.6509999999999999,20
27-4099.00,"Media and Communication Equipment Workers, All Other",3.0,0.5,0,0.0,,0.0,,0.0,0.0,0,0.0,,0.0,,0.0,0.0,0,0,0,0,0.0,0.0,0.0,0.0,0,0.0,0.0,0.0,0.0,0,0.0,0.0,0.0,0.0,0,0.0,0.0,Unspecified,0.0,0.0,0
29-1011.00,Chiropractors,5.0,1.0,10,3.463,4.0,3.749,4.75,0.61575,0.5355714285714286,25,2.26,3.88,1.8952,4.0,0.31499999999999995,0.2707428571428571,34,4,0,33,2.7569696969696973,2.8257575757575757,0.4392424242424243,0.4036796536796537,52,2.578076923076923,2.410576923076923,0.3945192307692308,0.34436813186813187,41,3.399512195121951,3.57609756097561,0.5998780487804878,0.5108710801393729,13,4.502307692307692,0.875576923076923,11.0,82.14,0.8214,20
29-1021.00,"Dentists, General",5.0,1.0,10,3.6980000000000004,4.12,3.9869999999999997,5.0,0.6745000000000001,0.5695714285714285,25,2.8495999999999997,4.12,2.7448,4.12,0.4623999999999999,0.39211428571428575,39,4,0,33,2.4366666666666665,2.5548484848484847,0.35916666666666663,0.36497835497835496,52,2.8432692307692307,2.855384615384615,0.46081730769230766,0.4079120879120879,41,3.507073170731707,4.270243902439025,0.6267682926829268,0.610034843205575,20,4.45,0.8625,11.0,61.86,0.6186,20
29-1022.00,Oral and Maxillofacial Surgeons,5.0,1.0,10,3.65,4.12,4.075,5.38,0.6625,0.5821428571428572,25,2.694,4.12,2.6392,4.38,0.4235,0.37702857142857144,10,0,0,33,2.84,3.315757575757576,0.45999999999999996,0.4736796536796537,52,2.8461538461538463,2.946923076923077,0.46153846153846156,0.42098901098901104,41,3.8560975609756096,4.935609756097561,0.7140243902439024,0.7050871080139373,15,4.0520000000000005,0.7630000000000001,12.0,72.2,0.722,20
29-1023.00,Orthodontists,5.0,1.0,10,3.5759999999999996,4.0,3.774,4.12,0.6439999999999999,0.5391428571428571,25,2.6308,4.0,2.4756,4.0,0.40769999999999995,0.35365714285714284,27,2,0,33,2.48030303030303,2.4087878787878787,0.3700757575757575,0.3441125541125541,52,2.5742307692307693,2.353653846153846,0.39355769230769233,0.33623626373626375,41,3.3499999999999996,3.7019512195121953,0.5874999999999999,0.5288501742160279,11,4.8,0.95,12.0,68.94,0.6894,20
29-1024.00,Prosthodontists,5.0,1.0,10,3.35,4.0,3.5,4.0,0.5875,0.5,25,2.5795999999999997,3.75,2.4848,3.88,0.3948999999999999,0.35497142857142855,14,2,0,33,2.3427272727272728,2.43060606060606,0.3356818181818182,0.34722943722943717,52,2.6599999999999997,2.4755769230769227,0.4149999999999999,0.3536538461538461,41,3.943170731707317,4.511707317073171,0.7357926829268292,0.6445296167247386,12,4.381666666666667,0.8454166666666667,12.0,61.03,0.6103000000000001,20
29-1029.00,"Dentists, All Other Specialists",3.0,0.5,0,0.0,,0.0,,0.0,0.0,0,0.0,,0.0,,0.0,0.0,0,0,0,0,0.0,0.0,0.0,0.0,0,0.0,0.0,0.0,0.0,0,0.0,0.0,0.0,0.0,0,0.0,0.0,Unspecified,0.0,0.0,0
29-1031.00,Dietitians and Nutritionists,5.0,1.0,10,3.7380000000000004,4.0,4.035,4.88,0.6845000000000001,0.5764285714285714,25,2.6256,4.0,2.53,4.25,0.4064,0.3614285714285714,32,5,0,33,2.5933333333333333,2.6836363636363636,0.3983333333333333,0.38337662337662337,52,2.2232692307692306,1.8557692307692308,0.30581730769230764,0.2651098901098901,41,3.1102439024390245,3.395121951219512,0.5275609756097561,0.48501742160278744,28,3.498571428571428,0.624642857142857,7.0,53.33,0.5333,20
29-1041.00,Optometrists,5.0,1.0,10,3.66,4.12,3.876,4.88,0.665,0.5537142857142857,25,2.4852000000000003,3.88,2.3447999999999998,3.88,0.3713000000000001,0.33497142857142853,27,8,4,33,2.720909090909091,2.8387878787878784,0.4302272727272728,0.4055411255411255,52,2.5671153846153847,2.4328846153846153,0.39177884615384617,0.34755494505494505,41,3.6507317073170733,4.116341463414634,0.6626829268292683,0.5880487804878048,10,4.642,0.9105000000000001,11.0,95.24,0.9523999999999999,20
29-1051.00,Pharmacists,5.0,1.0,10,3.662,4.0,3.9490000000000003,5.0,0.6655,0.5641428571428572,25,2.5307999999999997,3.88,2.2496,4.0,0.38269999999999993,0.3213714285714286,21,9,0,33,2.5806060606060606,2.789393939393939,0.39515151515151514,0.39848484848484844,52,2.4061538461538463,2.1298076923076925,0.3515384615384616,0.3042582417582418,41,3.421219512195122,3.9778048780487807,0.6053048780487805,0.5682578397212544,21,3.933333333333333,0.7333333333333333,11.0,78.36,0.7836,20
29-1071.00,Physician Assistants,5.0,1.0,10,3.774,4.12,3.9869999999999997,4.75,0.6935,0.5695714285714285,25,2.5496,4.0,2.3184,4.12,0.38739999999999997,0.3312,17,7,1,33,2.70969696969697,2.9251515151515153,0.4274242424242425,0.4178787878787879,52,2.618269230769231,2.4525,0.40456730769230775,0.35035714285714287,41,3.5085365853658534,4.011463414634147,0.6271341463414634,0.5730662020905923,12,4.5475,0.8868750000000001,8.0,81.08,0.8108,20
29-1071.01,Anesthesiologist Assistants,5.0,1.0,10,3.5130000000000003,4.12,3.726,4.38,0.6282500000000001,0.5322857142857143,25,2.3444,3.62,2.1,3.62,0.33609999999999995,0.3,29,7,0,33,2.291212121212121,2.2118181818181815,0.32280303030303026,0.3159740259740259,52,2.7682692307692305,2.673076923076923,0.4420673076923076,0.38186813186813184,41,3.21609756097561,3.6748780487804873,0.5540243902439025,0.5249825783972125,16,4.4662500000000005,0.8665625000000001,8.0,96.3,0.963,20
29-1081.00,Podiatrists,5.0,1.0,10,3.739,4.0,4.162,5.25,0.68475,0.5945714285714285,25,2.55,3.88,2.5288,4.12,0.38749999999999996,0.36125714285714283,9,2,0,33,2.6587878787878787,2.6633333333333336,0.4146969696969697,0.3804761904761905,52,2.5961538461538463,2.4805769230769235,0.39903846153846156,0.35436813186813193,41,3.3212195121951216,3.9170731707317072,0.5803048780487804,0.5595818815331011,11,4.2309090909090905,0.8077272727272726,11.0,52.89,0.5289,20
29-1122.00,Occupational Therapists,5.0,1.0,10,3.675,4.12,3.651,4.0,0.66875,0.5215714285714286,25,2.6088,4.12,2.31,4.0,0.4022,0.33,33,5,0,33,2.4684848484848483,2.6072727272727274,0.36712121212121207,0.3724675324675325,52,2.5651923076923073,2.333846153846154,0.39129807692307683,0.3334065934065934,41,3.4519512195121953,3.9453658536585365,0.6129878048780488,0.5636236933797909,17,4.148823529411764,0.7872058823529411,8.0,86.36,0.8636,20
29-1122.01,"Low Vision Therapists, Orientation and Mobility Specialists, and Vision Rehabilitation Therapists",5.0,1.0,10,3.475,4.0,3.4899999999999998,4.0,0.61875,0.49857142857142855,25,2.3504,3.88,1.994,4.0,0.3376,0.28485714285714286,25,15,0,33,2.235757575757576,2.056363636363636,0.30893939393939396,0.29376623376623373,52,2.506730769230769,2.245576923076923,0.37668269230769225,0.3207967032967033,41,3.187073170731707,3.183658536585366,0.5467682926829267,0.45480836236933797,21,4.1657142857142855,0.7914285714285714,8.0,56.52,0.5652,20
29-1123.00,Physical Therapists,5.0,1.0,10,3.474,4.0,3.6119999999999997,4.38,0.6185,0.5159999999999999,25,2.5852,4.0,2.3792,4.0,0.3963,0.3398857142857143,20,6,0,33,2.615757575757576,2.5536363636363637,0.40393939393939404,0.3648051948051948,52,2.6876923076923074,2.508653846153846,0.42192307692307685,0.3583791208791208,41,3.440731707317073,3.538048780487805,0.6101829268292682,0.5054355400696864,24,4.27125,0.8178125,11.0,47.13,0.47130000000000005,20
29-1124.00,Radiation Therapists,3.0,0.5,10,3.2,3.75,3.3519999999999994,3.88,0.55,0.47885714285714276,25,2.6644,3.38,2.5596,3.62,0.4161,0.36565714285714285,20,6,0,33,2.455757575757576,2.3190909090909093,0.363939393939394,0.3312987012987013,52,2.7094230769230765,2.6303846153846155,0.4273557692307691,0.3757692307692308,41,3.635121951219512,4.188292682926829,0.658780487804878,0.5983275261324043,22,4.492272727272727,0.8730681818181818,5.0,50.14,0.5014,20
29-1125.00,Recreational Therapists,4.0,0.75,10,3.378,4.0,3.438,4.0,0.5945,0.49114285714285716,25,2.4956,4.12,2.1896,4.25,0.3739,0.3128,14,5,1,33,2.6357575757575757,2.768181818181818,0.40893939393939394,0.39545454545454545,52,2.5844230769230765,2.425576923076923,0.3961057692307691,0.346510989010989,41,3.379512195121951,3.5392682926829266,0.5948780487804878,0.505609756097561,11,4.443636363636364,0.8609090909090911,6.0,91.89,0.9189,20
29-1126.00,Respiratory Therapists,3.0,0.5,10,3.526,4.0,3.7,4.12,0.6315,0.5285714285714286,25,2.6195999999999997,3.88,2.4548,4.12,0.4048999999999999,0.3506857142857143,10,7,0,33,3.106969696969697,3.524848484848485,0.5267424242424242,0.5035497835497835,52,2.6825,2.536153846153846,0.420625,0.36230769230769233,41,3.61,4.282439024390244,0.6525,0.6117770034843205,23,4.464782608695652,0.8661956521739129,5.0,99.18,0.9918,20
29-1127.00,Speech-Language Pathologists,5.0,1.0,10,3.7,4.12,3.974,5.0,0.675,0.5677142857142857,25,2.4396,4.12,2.17,4.25,0.3599,0.31,27,4,0,33,2.317575757575758,2.2406060606060607,0.32939393939393946,0.3200865800865801,52,2.386346153846154,2.0815384615384613,0.34658653846153853,0.29736263736263735,41,3.2309756097560975,3.2090243902439024,0.5577439024390244,0.45843205574912893,23,4.336086956521739,0.8340217391304348,8.0,88.52,0.8852,20
29-1128.00,Exercise Physiologists,4.0,0.75,10,3.603,4.0,3.838,4.75,0.65075,0.5482857142857143,25,2.52,4.12,2.2988,4.12,0.38,0.32839999999999997,8,6,2,33,2.48,2.559393939393939,0.37,0.3656277056277056,52,2.5740384615384615,2.4303846153846154,0.3935096153846154,0.3471978021978022,41,3.330487804878049,3.5721951219512196,0.5826219512195122,0.5103135888501742,25,4.0944,0.7736000000000001,6.0,50.0,0.5,20
29-1129.00,"Therapists, All Other",3.0,0.5,0,0.0,,0.0,,0.0,0.0,0,0.0,,0.0,,0.0,0.0,0,0,0,0,0.0,0.0,0.0,0.0,0,0.0,0.0,0.0,0.0,0,0.0,0.0,0.0,0.0,0,0.0,0.0,Unspecified,0.0,0.0,0
29-1129.01,Art Therapists,5.0,1.0,10,3.4,4.0,3.525,4.0,0.6,0.5035714285714286,25,2.35,4.25,1.9704,5.0,0.3375,0.2814857142857143,19,14,0,33,2.438787878787879,2.6433333333333335,0.35969696969696974,0.37761904761904763,52,2.4094230769230767,2.045769230769231,0.35235576923076917,0.29225274725274725,41,3.166829268292683,3.535853658536585,0.5417073170731708,0.5051219512195122,25,4.0776,0.7694000000000001,8.0,97.14,0.9714,20
29-1129.02,Music Therapists,4.0,0.75,10,3.3869999999999996,4.12,3.3630000000000004,4.0,0.5967499999999999,0.4804285714285715,25,2.4352,4.25,2.0804,4.5,0.3588,0.2972,7,1,0,33,2.4936363636363637,2.5445454545454544,0.3734090909090909,0.3635064935064935,52,2.603269230769231,2.3678846153846154,0.4008173076923077,0.33826923076923077,41,3.2717073170731705,3.555121951219512,0.5679268292682926,0.5078745644599303,30,4.171666666666667,0.7929166666666667,6.0,73.08,0.7308,20
29-1131.00,Veterinarians,5.0,1.0,10,3.675,4.12,4.012,4.88,0.66875,0.5731428571428571,25,2.4512,3.88,2.2992000000000004,4.12,0.3628,0.3284571428571429,20,7,0,33,2.588181818181818,2.6733333333333333,0.3970454545454545,0.3819047619047619,52,2.647884615384615,2.5942307692307693,0.4119711538461538,0.3706043956043956,41,3.1436585365853653,3.5526829268292683,0.5359146341463413,0.5075261324041812,21,4.175238095238096,0.793809523809524,11.0,79.16,0.7916,20
29-1141.00,Registered Nurses,4.0,0.75,10,3.589,4.0,3.849,4.25,0.64725,0.5498571428571429,25,2.5652,4.12,2.316,4.38,0.3913,0.33085714285714285,43,16,0,33,2.452121212121212,2.1796969696969697,0.36303030303030304,0.3113852813852814,52,2.804423076923077,2.7663461538461536,0.4511057692307693,0.3951923076923077,41,3.6714634146341463,3.6953658536585365,0.6678658536585366,0.5279094076655052,27,4.264074074074074,0.8160185185185185,6.0,55.92,0.5592,20
29-1141.01,Acute Care Nurses,4.0,0.75,10,3.774,4.12,3.925,4.88,0.6935,0.5607142857142857,25,2.6988,4.12,2.4903999999999997,4.75,0.42469999999999997,0.3557714285714285,24,9,0,33,2.575151515151515,2.5336363636363637,0.3937878787878788,0.36194805194805196,52,2.6721153846153842,2.355192307692308,0.41802884615384606,0.33645604395604395,41,3.521951219512195,3.7734146341463415,0.6304878048780488,0.5390592334494774,27,4.345555555555555,0.8363888888888888,6.0,57.14,0.5714,20
29-1141.02,Advanced Practice Psychiatric Nurses,5.0,1.0,10,3.776,4.38,3.749,4.25,0.694,0.5355714285714286,25,2.4848,4.25,2.096,4.88,0.3712,0.29942857142857143,31,7,2,33,2.8351515151515154,3.124848484848485,0.45878787878787886,0.4464069264069264,52,2.416153846153846,2.010576923076923,0.3540384615384615,0.2872252747252747,41,3.3826829268292684,3.819512195121951,0.5956707317073171,0.5456445993031359,24,4.182916666666666,0.7957291666666666,8.0,86.96,0.8695999999999999,20
29-1141.03,Critical Care Nurses,4.0,0.75,10,3.626,4.12,3.774,4.12,0.6565,0.5391428571428571,25,2.68,4.0,2.4692000000000003,4.12,0.42000000000000004,0.3527428571428572,25,5,0,33,2.603333333333333,2.6836363636363636,0.40083333333333326,0.38337662337662337,52,2.859423076923077,2.8028846153846154,0.4648557692307692,0.40041208791208793,41,3.5773170731707316,3.980487804878049,0.6443292682926829,0.5686411149825784,29,4.2027586206896554,0.8006896551724139,6.0,50.0,0.5,20
29-1141.04,Clinical Nurse Specialists,5.0,1.0,10,3.7,4.12,3.9869999999999997,4.38,0.675,0.5695714285714285,25,2.5844,4.0,2.3896,4.25,0.3961,0.3413714285714286,23,6,0,33,2.7336363636363634,3.096363636363636,0.43340909090909085,0.4423376623376623,52,2.5840384615384617,2.4975,0.39600961538461543,0.3567857142857143,41,3.5409756097560976,4.276585365853658,0.6352439024390244,0.6109407665505227,30,4.061333333333334,0.7653333333333334,8.0,85.71,0.8571,20
29-1151.00,Nurse Anesthetists,5.0,1.0,10,3.813,4.12,3.838,4.25,0.70325,0.5482857142857143,25,2.8207999999999998,4.0,2.7843999999999998,4.25,0.45519999999999994,0.39777142857142855,23,4,2,33,2.8854545454545453,3.147878787878788,0.4713636363636363,0.4496969696969697,52,2.8024999999999998,2.6459615384615387,0.45062499999999994,0.37799450549450553,41,3.794146341463415,4.553658536585366,0.6985365853658537,0.6505226480836237,24,4.474166666666666,0.8685416666666665,11.0,55.56,0.5556,20
29-1161.00,Nurse Midwives,5.0,1.0,10,3.6990000000000003,4.12,3.8230000000000004,4.38,0.6747500000000001,0.5461428571428572,25,2.46,4.12,2.13,4.12,0.365,0.30428571428571427,23,4,0,33,2.6048484848484845,2.803939393939394,0.40121212121212113,0.4005627705627706,52,2.640961538461539,2.469038461538461,0.4102403846153847,0.3527197802197802,41,3.5724390243902437,4.224390243902438,0.6431097560975609,0.6034843205574912,21,4.5561904761904755,0.8890476190476189,8.0,81.25,0.8125,20
29-1171.00,Nurse Practitioners,5.0,1.0,10,3.8609999999999998,4.12,4.1,4.88,0.7152499999999999,0.5857142857142856,25,2.5744,4.12,2.4296,4.62,0.39359999999999995,0.34708571428571433,30,10,0,33,2.712121212121212,2.970909090909091,0.428030303030303,0.42441558441558447,52,2.696923076923077,2.616923076923077,0.4242307692307693,0.3738461538461539,41,3.4465853658536587,4.1275609756097555,0.6116463414634147,0.5896515679442508,27,4.53,0.8825000000000001,8.0,65.22,0.6522,20
29-1181.00,Audiologists,5.0,1.0,10,3.725,4.12,4.101,5.0,0.68125,0.5858571428571429,25,2.7192000000000003,4.0,2.734,4.5,0.42980000000000007,0.39057142857142857,27,7,1,33,2.8006060606060608,2.9472727272727273,0.4501515151515152,0.42103896103896105,52,2.526346153846154,2.3390384615384616,0.38158653846153845,0.33414835164835166,41,3.7504878048780492,4.21,0.6876219512195123,0.6014285714285714,22,4.264545454545455,0.8161363636363637,11.0,95.45,0.9545,20
29-1211.00,Anesthesiologists,5.0,1.0,10,3.912,4.62,4.05,5.0,0.728,0.5785714285714285,25,2.6744,4.25,2.5547999999999997,4.38,0.41859999999999997,0.36497142857142856,18,7,1,33,3.2515151515151515,3.586969696969697,0.5628787878787879,0.5124242424242424,52,2.82,2.711153846153846,0.45499999999999996,0.3873076923076923,41,3.899024390243903,4.762682926829268,0.7247560975609757,0.680383275261324,20,4.529999999999999,0.8824999999999998,12.0,69.18,0.6918000000000001,20
29-1212.00,Cardiologists,5.0,1.0,0,0.0,,0.0,,0.0,0.0,0,0.0,,0.0,,0.0,0.0,3,2,1,0,0.0,0.0,0.0,0.0,0,0.0,0.0,0.0,0.0,0,0.0,0.0,0.0,0.0,25,0.0,0.0,Unspecified,0.0,0.0,20
29-1213.00,Dermatologists,5.0,1.0,10,3.562,4.12,3.851,4.88,0.6405,0.5501428571428572,25,2.4008,4.0,2.15,4.0,0.35019999999999996,0.3071428571428571,32,6,0,33,2.473939393939394,2.4051515151515153,0.3684848484848485,0.3435930735930736,52,2.5142307692307693,2.3392307692307694,0.3785576923076923,0.3341758241758242,41,3.1590243902439026,3.5063414634146337,0.5397560975609756,0.5009059233449477,18,4.286666666666666,0.8216666666666665,11.0,56.38,0.5638000000000001,20
29-1214.00,Emergency Medicine Physicians,5.0,1.0,10,3.8869999999999996,4.38,4.149,5.12,0.7217499999999999,0.5927142857142857,25,2.5848,4.25,2.4092000000000002,4.75,0.3962,0.34417142857142863,2,2,1,33,2.603333333333333,2.868181818181818,0.40083333333333326,0.40974025974025974,52,2.990192307692308,2.9825,0.497548076923077,0.42607142857142855,41,3.532439024390244,4.218292682926829,0.633109756097561,0.6026132404181184,17,4.762941176470588,0.940735294117647,12.0,62.07,0.6207,20
29-1215.00,Family Medicine Physicians,5.0,1.0,10,3.9,4.38,4.101,5.0,0.725,0.5858571428571429,25,2.41,4.0,2.2212,4.75,0.35250000000000004,0.3173142857142857,25,5,1,33,2.5893939393939394,2.5381818181818185,0.39734848484848484,0.36259740259740264,52,2.4071153846153845,2.136923076923077,0.35177884615384614,0.3052747252747253,41,3.0009756097560976,2.877073170731707,0.5002439024390244,0.41101045296167243,12,4.508333333333334,0.8770833333333334,11.0,59.06,0.5906,20
29-1216.00,General Internal Medicine Physicians,5.0,1.0,10,3.8,4.12,4.074,5.0,0.7,0.582,25,2.5488,4.0,2.3196,4.25,0.3872,0.33137142857142854,26,5,0,33,2.8972727272727274,3.203939393939394,0.47431818181818186,0.4577056277056277,52,2.522307692307692,2.3459615384615384,0.38057692307692303,0.33513736263736266,41,3.3382926829268293,3.9317073170731707,0.5845731707317073,0.5616724738675958,19,4.106842105263158,0.7767105263157894,12.0,53.01,0.5301,20
29-1217.00,Neurologists,5.0,1.0,10,3.8369999999999997,4.25,4.45,5.5,0.7092499999999999,0.6357142857142858,25,2.5547999999999997,4.12,2.4352,4.62,0.38869999999999993,0.3478857142857143,29,6,1,33,2.5427272727272725,2.8003030303030303,0.3856818181818181,0.40004329004329003,52,2.411346153846154,2.235384615384615,0.3528365384615385,0.3193406593406593,41,3.6414634146341465,4.534390243902439,0.6603658536585366,0.6477700348432055,24,4.377916666666667,0.8444791666666667,12.0,63.66,0.6365999999999999,20
29-1218.00,Obstetricians and Gynecologists,5.0,1.0,10,3.8869999999999996,4.38,4.237,5.25,0.7217499999999999,0.6052857142857143,25,2.4756,4.0,2.2704,4.25,0.3689,0.32434285714285715,21,5,1,33,2.69,2.8557575757575755,0.4225,0.4079653679653679,52,2.711346153846154,2.5746153846153845,0.42783653846153846,0.3678021978021978,41,3.6221951219512194,4.299756097560976,0.6555487804878048,0.6142508710801394,15,4.42,0.855,12.0,74.01,0.7401000000000001,20
29-1221.00,"Pediatricians, General",5.0,1.0,10,3.8369999999999997,4.25,4.037,5.0,0.7092499999999999,0.5767142857142857,25,2.4468,4.25,2.1252,4.38,0.3617,0.3036,20,4,1,33,2.583636363636364,2.6584848484848487,0.395909090909091,0.37978354978354983,52,2.430192307692308,2.144423076923077,0.357548076923077,0.3063461538461539,41,3.239512195121951,3.39219512195122,0.5598780487804877,0.48459930313588856,17,4.201764705882353,0.8004411764705883,12.0,78.3,0.7829999999999999,20
29-1222.00,"Physicians, Pathologists",5.0,1.0,10,3.7990000000000004,4.25,4.386,5.62,0.6997500000000001,0.6265714285714286,25,2.5347999999999997,4.0,2.5396,4.75,0.38369999999999993,0.3628,102,5,0,33,2.3503030303030306,2.3442424242424242,0.33757575757575764,0.3348917748917749,52,2.4975,2.400961538461538,0.374375,0.34299450549450544,41,3.4080487804878046,3.9012195121951216,0.6020121951219511,0.5573170731707316,19,4.099473684210526,0.7748684210526315,12.0,62.04,0.6204,20
29-1223.00,Psychiatrists,5.0,1.0,10,3.937,5.0,4.213,5.0,0.73425,0.6018571428571429,25,2.4947999999999997,4.75,2.2292,5.38,0.3736999999999999,0.3184571428571429,31,7,0,33,2.775151515151515,2.899090909090909,0.44378787878787873,0.4141558441558441,52,2.3696153846153845,2.0313461538461537,0.3424038461538461,0.2901923076923077,41,3.511219512195122,4.275853658536586,0.6278048780487805,0.610836236933798,12,4.166666666666667,0.7916666666666667,12.0,58.53,0.5853,20
29-1224.00,Radiologists,5.0,1.0,10,3.875,4.25,4.214,5.12,0.71875,0.6020000000000001,25,2.6195999999999997,4.12,2.4744,4.25,0.4048999999999999,0.3534857142857143,56,5,1,33,2.3784848484848484,2.4572727272727275,0.3446212121212121,0.3510389610389611,52,2.69,2.5565384615384614,0.4225,0.3652197802197802,41,3.5597560975609754,4.174146341463414,0.6399390243902439,0.5963066202090592,30,4.628235294117647,0.9070588235294117,12.0,57.86,0.5786,20
29-1229.00,"Physicians, All Other",3.0,0.5,0,0.0,,0.0,,0.0,0.0,0,0.0,,0.0,,0.0,0.0,0,0,0,0,0.0,0.0,0.0,0.0,0,0.0,0.0,0.0,0.0,0,0.0,0.0,0.0,0.0,0,0.0,0.0,Unspecified,0.0,0.0,0
29-1229.01,Allergists and Immunologists,5.0,1.0,10,3.911,4.5,4.049,4.75,0.72775,0.5784285714285715,25,2.4352,4.12,2.1788,4.5,0.3588,0.31125714285714284,38,6,0,33,2.618181818181818,2.6018181818181816,0.40454545454545454,0.3716883116883117,52,2.444807692307692,2.1567307692307693,0.361201923076923,0.3081043956043956,41,3.3353658536585367,3.6534146341463414,0.5838414634146342,0.5219163763066202,16,4.4174999999999995,0.8543749999999999,12.0,52.95,0.5295000000000001,20
29-1229.02,Hospitalists,5.0,1.0,10,3.811,4.12,4.301,5.12,0.70275,0.6144285714285714,25,2.4584,4.12,2.2344,4.88,0.36460000000000004,0.3192,17,6,1,33,2.568787878787879,2.722121212121212,0.3921969696969697,0.3888744588744589,52,2.598653846153846,2.494423076923077,0.39966346153846155,0.35634615384615387,41,3.545365853658536,4.114390243902439,0.636341463414634,0.5877700348432056,14,4.503571428571428,0.875892857142857,12.0,48.0,0.48,20
29-1229.03,Urologists,5.0,1.0,10,3.812,4.38,4.038,5.0,0.703,0.5768571428571428,25,2.5552,4.25,2.3908,4.25,0.38880000000000003,0.34154285714285715,32,7,1,33,2.8984848484848484,3.327272727272727,0.4746212121212121,0.4753246753246753,52,2.8153846153846156,2.7842307692307693,0.4538461538461539,0.39774725274725276,41,3.881951219512195,4.963414634146342,0.7204878048780488,0.7090592334494774,14,4.5928571428571425,0.8982142857142856,12.0,64.43,0.6443000000000001,20
29-1229.04,Physical Medicine and Rehabilitation Physicians,5.0,1.0,10,3.675,4.12,4.188000000000001,5.0,0.66875,0.5982857142857144,25,2.5995999999999997,4.0,2.42,4.62,0.3998999999999999,0.3457142857142857,26,2,0,33,2.4751515151515155,2.8448484848484847,0.3687878787878789,0.4064069264069264,52,2.5932692307692307,2.4707692307692306,0.39831730769230766,0.35296703296703297,41,3.446829268292683,4.310487804878049,0.6117073170731707,0.6157839721254356,15,4.462666666666666,0.8656666666666666,11.0,54.89,0.5489,20
29-1229.05,Preventive Medicine Physicians,5.0,1.0,10,3.999,4.38,4.713,5.5,0.74975,0.6732857142857143,25,2.6348000000000003,4.25,2.5492000000000004,5.0,0.40870000000000006,0.36417142857142865,29,8,0,33,2.8245454545454542,3.29030303030303,0.45613636363636356,0.47004329004329,52,2.3578846153846156,2.096346153846154,0.3394711538461539,0.29947802197802204,41,3.4765853658536585,4.333414634146341,0.6191463414634146,0.6190592334494773,15,4.066,0.7665,12.0,73.68,0.7368000000000001,20
29-1229.06,Sports Medicine Physicians,5.0,1.0,10,3.836,4.62,4.237,5.12,0.709,0.6052857142857143,25,2.6056,4.25,2.4004,4.38,0.4014,0.34291428571428567,33,5,1,33,2.5745454545454542,2.8096969696969696,0.39363636363636356,0.40138528138528135,52,2.665769230769231,2.5676923076923077,0.4164423076923077,0.3668131868131868,41,3.2402439024390244,3.9121951219512194,0.5600609756097561,0.5588850174216028,27,4.21,0.8025,11.0,50.95,0.5095000000000001,20
29-1241.00,"Ophthalmologists, Except Pediatric",5.0,1.0,10,3.8880000000000003,4.25,4.287,5.62,0.7220000000000001,0.6124285714285714,25,2.7748000000000004,4.0,2.5836,4.62,0.4437000000000001,0.3690857142857143,27,4,0,33,2.483939393939394,2.611515151515152,0.3709848484848485,0.3730735930735931,52,2.8296153846153844,2.8415384615384616,0.4574038461538461,0.40593406593406595,41,3.7263414634146343,4.686097560975609,0.6815853658536586,0.6694425087108014,18,4.405555555555555,0.8513888888888888,12.0,42.13,0.4213,20
29-1242.00,"Orthopedic Surgeons, Except Pediatric",5.0,1.0,0,0.0,,0.0,,0.0,0.0,0,0.0,,0.0,,0.0,0.0,12,3,1,0,0.0,0.0,0.0,0.0,0,0.0,0.0,0.0,0.0,0,0.0,0.0,0.0,0.0,15,0.0,0.0,Unspecified,0.0,0.0,20
29-1243.00,Pediatric Surgeons,5.0,1.0,0,0.0,,0.0,,0.0,0.0,0,0.0,,0.0,,0.0,0.0,12,3,0,0,0.0,0.0,0.0,0.0,0,0.0,0.0,0.0,0.0,0,0.0,0.0,0.0,0.0,18,0.0,0.0,Unspecified,0.0,0.0,20
29-1249.00,"Surgeons, All Other",3.0,0.5,0,0.0,,0.0,,0.0,0.0,0,0.0,,0.0,,0.0,0.0,0,0,0,0,0.0,0.0,0.0,0.0,0,0.0,0.0,0.0,0.0,0,0.0,0.0,0.0,0.0,0,0.0,0.0,Unspecified,0.0,0.0,0
29-1291.00,Acupuncturists,5.0,1.0,10,3.086,3.88,3.239,4.12,0.5215,0.4627142857142857,25,2.1756,3.75,1.6907999999999999,3.88,0.29390000000000005,0.24154285714285711,12,5,0,33,2.4206060606060604,2.494242424242424,0.3551515151515151,0.3563203463203463,52,2.3205769230769233,2.025961538461538,0.33014423076923083,0.2894230769230769,41,3.0185365853658537,3.2758536585365854,0.5046341463414634,0.46797909407665506,18,4.434444444444444,0.858611111111111,8.0,67.86,0.6786,20
29-1292.00,Dental Hygienists,3.0,0.5,10,3.012,3.75,2.962,4.0,0.503,0.42314285714285715,25,2.3056,3.12,1.9892,3.0,0.3264,0.2841714285714286,17,4,1,33,1.9993939393939395,1.4675757575757575,0.24984848484848488,0.20965367965367965,52,2.4828846153846156,2.312115384615385,0.3707211538461539,0.33030219780219783,41,3.4482926829268292,3.443170731707317,0.6120731707317073,0.49188153310104527,16,4.2875,0.8218749999999999,5.0,75.18,0.7518,20
29-1299.00,"Healthcare Diagnosing or Treating Practitioners, All Other",3.0,0.5,0,0.0,,0.0,,0.0,0.0,0,0.0,,0.0,,0.0,0.0,0,0,0,0,0.0,0.0,0.0,0.0,0,0.0,0.0,0.0,0.0,0,0.0,0.0,0.0,0.0,0,0.0,0.0,Unspecified,0.0,0.0,0
29-1299.01,Naturopathic Physicians,5.0,1.0,10,3.6990000000000003,4.25,3.911,5.0,0.6747500000000001,0.5587142857142857,25,2.4144,4.0,2.1144,4.62,0.3536,0.30205714285714286,15,2,2,33,2.8033333333333332,3.1003030303030306,0.4508333333333333,0.44290043290043296,52,2.382307692307692,2.1153846153846154,0.345576923076923,0.3021978021978022,41,3.3117073170731706,3.803170731707317,0.5779268292682926,0.5433101045296167,20,4.168,0.792,11.0,96.0,0.96,20
29-1299.02,Orthoptists,5.0,1.0,10,3.5130000000000003,4.0,3.8609999999999998,4.88,0.6282500000000001,0.5515714285714285,25,2.1952000000000003,3.75,1.9156,4.0,0.29880000000000007,0.2736571428571429,12,3,0,33,2.165151515151515,2.131818181818182,0.29128787878787876,0.30454545454545456,52,2.395769230769231,2.1361538461538463,0.3489423076923077,0.30516483516483517,41,3.0907317073170733,3.4748780487804876,0.5226829268292683,0.49641114982578394,16,4.215625,0.80390625,7.0,66.67,0.6667000000000001,20
29-2011.00,Medical and Clinical Laboratory Technologists,4.0,0.75,10,3.475,4.0,3.787,4.38,0.61875,0.541,25,2.7112,3.75,2.6712000000000002,3.88,0.42779999999999996,0.38160000000000005,23,7,0,33,2.5896969696969694,2.5645454545454545,0.39742424242424235,0.36636363636363634,52,2.6703846153846156,2.5244230769230773,0.4175961538461539,0.3606318681318682,41,3.5992682926829267,3.868536585365854,0.6498170731707317,0.5526480836236934,15,4.604666666666668,0.9011666666666669,6.0,52.12,0.5212,20
29-2011.01,Cytogenetic Technologists,4.0,0.75,10,3.463,4.0,3.7630000000000003,5.0,0.61575,0.5375714285714286,25,2.2304,3.38,1.876,3.5,0.3076,0.26799999999999996,24,8,0,33,1.7366666666666668,1.4387878787878787,0.1841666666666667,0.20554112554112552,52,2.4253846153846155,2.1242307692307696,0.35634615384615387,0.3034615384615385,41,2.895121951219512,3.1239024390243904,0.473780487804878,0.44627177700348436,30,4.558000000000001,0.8895000000000002,6.0,100.0,1.0,20
29-2011.02,Cytotechnologists,5.0,1.0,10,3.175,3.88,3.353,3.88,0.54375,0.47900000000000004,25,2.3244,3.25,2.0196,3.12,0.33109999999999995,0.2885142857142857,39,5,0,33,1.9290909090909092,1.57,0.2322727272727273,0.22428571428571428,52,2.425,2.2,0.35624999999999996,0.31428571428571433,41,2.7756097560975608,2.816585365853659,0.4439024390243902,0.40236933797909413,13,4.409230769230769,0.8523076923076922,6.0,50.0,0.5,20
29-2011.04,Histotechnologists,4.0,0.75,10,3.126,3.5,3.163,3.75,0.5315,0.45185714285714285,25,2.4688,3.38,2.2908,3.12,0.36719999999999997,0.32725714285714286,10,6,0,33,2.119090909090909,1.7727272727272727,0.2797727272727273,0.2532467532467532,52,2.538269230769231,2.3776923076923078,0.38456730769230774,0.3396703296703297,41,2.934878048780488,2.752682926829268,0.483719512195122,0.3932404181184669,16,4.271875,0.8179687499999999,6.0,42.86,0.4286,20
29-2012.00,Medical and Clinical Laboratory Technicians,3.0,0.5,10,3.124,3.75,3.024,3.25,0.531,0.432,25,2.484,3.25,2.22,3.25,0.371,0.31714285714285717,30,8,2,33,2.4412121212121214,2.2354545454545454,0.36030303030303035,0.31935064935064933,52,2.511346153846154,2.3096153846153844,0.37783653846153853,0.32994505494505494,41,3.3039024390243905,3.5234146341463415,0.5759756097560976,0.5033449477351917,14,4.441428571428571,0.8603571428571428,5.0,62.69,0.6269,20
29-2012.01,Histology Technicians,3.0,0.5,10,3.013,3.5,2.9379999999999997,3.62,0.50325,0.41971428571428565,25,2.2044,3.25,1.6703999999999999,2.88,0.30110000000000003,0.2386285714285714,10,6,0,33,1.992727272727273,1.6269696969696972,0.24818181818181823,0.23242424242424245,52,2.456346153846154,2.0357692307692306,0.3640865384615385,0.2908241758241758,41,2.828048780487805,2.6792682926829268,0.45701219512195124,0.3827526132404181,8,4.55,0.8875,5.0,48.0,0.48,20
29-2031.00,Cardiovascular Technologists and Technicians,3.0,0.5,10,3.349,3.88,3.438,4.12,0.58725,0.49114285714285716,25,2.5292000000000003,3.75,2.2792000000000003,3.25,0.3823000000000001,0.32560000000000006,18,6,0,33,2.160909090909091,1.789090909090909,0.2902272727272728,0.2555844155844156,52,2.6265384615384617,2.4226923076923077,0.4066346153846154,0.3460989010989011,41,3.2229268292682924,3.336829268292683,0.5557317073170731,0.47668989547038326,21,4.497619047619048,0.8744047619047619,5.0,62.9,0.629,20
29-2032.00,Diagnostic Medical Sonographers,3.0,0.5,10,3.275,4.0,3.3980000000000006,4.0,0.56875,0.4854285714285715,25,2.4304,3.62,2.186,3.25,0.35760000000000003,0.3122857142857143,8,4,0,33,2.2393939393939397,1.9663636363636363,0.30984848484848493,0.2809090909090909,52,2.647307692307692,2.4128846153846153,0.41182692307692303,0.34469780219780216,41,3.099268292682927,3.319512195121951,0.5248170731707318,0.47421602787456446,19,4.702105263157895,0.9255263157894738,5.0,67.07,0.6707,20
29-2033.00,Nuclear Medicine Technologists,3.0,0.5,10,3.412,3.88,3.4619999999999997,4.0,0.603,0.49457142857142855,25,2.5056,3.38,2.2856,3.62,0.37639999999999996,0.3265142857142857,10,6,0,33,2.486969696969697,2.2493939393939395,0.3717424242424242,0.3213419913419914,52,2.5513461538461537,2.3303846153846153,0.3878365384615384,0.3329120879120879,41,3.316829268292683,3.4680487804878046,0.5792073170731707,0.4954355400696864,17,4.554117647058824,0.888529411764706,5.0,62.63,0.6263000000000001,20
29-2034.00,Radiologic Technologists and Technicians,3.0,0.5,10,2.988,3.75,2.974,3.75,0.497,0.4248571428571429,25,2.4048,3.5,2.0303999999999998,3.12,0.35119999999999996,0.29005714285714285,23,8,1,33,2.686969696969697,2.935151515151515,0.42174242424242425,0.4193073593073593,52,2.6915384615384617,2.4784615384615383,0.4228846153846154,0.35406593406593406,41,3.5248780487804883,4.066829268292683,0.6312195121951221,0.5809756097560976,30,4.418666666666667,0.8546666666666667,5.0,60.71,0.6071,20
29-2035.00,Magnetic Resonance Imaging Technologists,3.0,0.5,10,3.274,3.88,3.374,4.0,0.5685,0.48200000000000004,25,2.4636,3.62,2.1744,3.38,0.3659,0.3106285714285714,12,5,0,33,2.3981818181818184,2.246363636363636,0.3495454545454546,0.32090909090909087,52,2.602692307692308,2.438653846153846,0.40067307692307697,0.3483791208791209,41,3.426341463414634,3.593658536585366,0.6065853658536585,0.5133797909407666,24,4.4425,0.860625,5.0,65.22,0.6522,20
29-2036.00,Medical Dosimetrists,4.0,0.75,10,3.6630000000000003,4.12,4.061999999999999,4.75,0.6657500000000001,0.5802857142857142,25,2.4348,3.62,2.234,3.88,0.3587,0.3191428571428571,4,3,2,33,2.2933333333333334,2.1784848484848487,0.32333333333333336,0.3112121212121212,52,2.4390384615384617,2.1875,0.3597596153846154,0.3125,41,3.136585365853658,3.612195121951219,0.5341463414634146,0.5160278745644599,19,4.165263157894737,0.7913157894736842,6.0,40.0,0.4,20
29-2042.00,Emergency Medical Technicians,3.0,0.5,0,0.0,,0.0,,0.0,0.0,0,0.0,,0.0,,0.0,0.0,20,5,0,0,0.0,0.0,0.0,0.0,0,0.0,0.0,0.0,0.0,0,0.0,0.0,0.0,0.0,12,0.0,0.0,Unspecified,0.0,0.0,20
29-2043.00,Paramedics,3.0,0.5,10,3.151,3.75,3.1740000000000004,3.88,0.53775,0.45342857142857146,25,2.3207999999999998,3.88,1.91,3.75,0.33019999999999994,0.27285714285714285,24,9,0,33,2.593030303030303,2.581212121212121,0.3982575757575757,0.3687445887445887,52,2.8175,2.708653846153846,0.454375,0.38695054945054946,41,3.413170731707317,3.7660975609756098,0.6032926829268292,0.53801393728223,13,4.407692307692308,0.851923076923077,3.0,41.94,0.4194,20
29-2051.00,Dietetic Technicians,3.0,0.5,10,3.023,3.38,3.073,3.88,0.50575,0.439,25,2.364,3.12,2.13,3.5,0.34099999999999997,0.30428571428571427,25,7,0,33,2.8518181818181816,2.618484848484848,0.4629545454545454,0.37406926406926405,52,2.4734615384615384,2.315576923076923,0.3683653846153846,0.3307967032967033,41,3.5721951219512196,3.1465853658536584,0.6430487804878049,0.44951219512195123,13,4.229230769230769,0.8073076923076923,5.0,34.57,0.3457,20
29-2052.00,Pharmacy Technicians,3.0,0.5,10,3.175,4.0,3.099,3.88,0.54375,0.4427142857142857,25,2.1336,3.12,1.6592000000000002,3.12,0.2834,0.23702857142857145,20,9,4,33,2.3960606060606064,1.9933333333333334,0.3490151515151516,0.28476190476190477,52,2.4657692307692307,2.136923076923077,0.3664423076923077,0.3052747252747253,41,3.2180487804878046,3.187317073170732,0.5545121951219512,0.4553310104529617,21,4.446666666666666,0.8616666666666666,3.0,41.97,0.41969999999999996,20
29-2053.00,Psychiatric Technicians,3.0,0.5,10,3.2619999999999996,4.0,3.251,4.0,0.5654999999999999,0.4644285714285714,25,2.3244,4.12,1.89,4.25,0.33109999999999995,0.26999999999999996,13,4,0,33,2.4357575757575756,1.8027272727272727,0.3589393939393939,0.25753246753246756,52,2.4780769230769235,2.258846153846154,0.3695192307692309,0.3226923076923077,41,2.995609756097561,2.778536585365854,0.49890243902439024,0.3969337979094077,16,4.24,0.81,4.0,40.12,0.4012,20
29-2055.00,Surgical Technologists,3.0,0.5,10,2.973,3.62,3.085,3.75,0.49324999999999997,0.4407142857142857,25,2.5692000000000004,3.25,2.3392,3.5,0.3923000000000001,0.33417142857142856,15,5,0,33,2.3424242424242423,2.3878787878787877,0.3356060606060606,0.3411255411255411,52,2.6898076923076926,2.5813461538461535,0.42245192307692314,0.3687637362637362,41,3.7773170731707317,4.427073170731707,0.6943292682926829,0.6324390243902439,18,4.682777777777778,0.9206944444444445,3.0,41.2,0.41200000000000003,20
29-2056.00,Veterinary Technologists and Technicians,3.0,0.5,10,3.2990000000000004,3.75,3.338,4.0,0.5747500000000001,0.47685714285714287,25,2.5196,3.25,2.3308,3.12,0.3799,0.3329714285714286,12,6,0,33,2.4212121212121214,2.3033333333333337,0.35530303030303034,0.3290476190476191,52,2.6834615384615383,2.5313461538461537,0.4208653846153846,0.3616208791208791,41,3.4219512195121955,3.634390243902439,0.6054878048780489,0.5191986062717769,31,4.352258064516128,0.8380645161290321,2.0,41.25,0.4125,20
29-2057.00,Ophthalmic Medical Technicians,3.0,0.5,10,2.923,3.62,3.023,3.75,0.48075,0.4318571428571429,25,2.0936000000000003,3.12,1.7448,3.12,0.2734000000000001,0.24925714285714284,14,5,1,33,2.062121212121212,1.6781818181818182,0.265530303030303,0.23974025974025975,52,2.2836538461538463,1.949423076923077,0.32091346153846156,0.27848901098901097,41,3.0485365853658535,2.959512195121951,0.5121341463414634,0.422787456445993,20,4.3625,0.840625,2.0,59.09,0.5909,20
29-2061.00,Licensed Practical and Licensed Vocational Nurses,3.0,0.5,10,3.439,3.88,3.511,4.12,0.60975,0.5015714285714286,25,2.4644,4.12,2.05,4.25,0.3661,0.2928571428571428,26,9,0,33,2.271818181818182,1.9066666666666667,0.3179545454545455,0.2723809523809524,52,2.726346153846154,2.5930769230769233,0.4315865384615385,0.37043956043956044,41,3.3487804878048784,3.506829268292683,0.5871951219512196,0.5009756097560976,22,4.185,0.7962499999999999,4.0,38.24,0.3824,20
29-2072.00,Medical Records Specialists,3.0,0.5,10,2.849,3.62,2.589,3.25,0.46225000000000005,0.36985714285714283,25,2.0752,3.12,1.5507999999999997,3.0,0.26880000000000004,0.2215428571428571,109,23,4,33,2.1472727272727274,1.870909090909091,0.28681818181818186,0.2672727272727273,52,2.1376923076923076,1.6267307692307693,0.2844230769230769,0.2323901098901099,41,2.956341463414634,3.104878048780488,0.48908536585365847,0.4435540069686411,16,4.32625,0.8315625,2.0,52.37,0.5236999999999999,20
29-2081.00,"Opticians, Dispensing",3.0,0.5,10,3.163,4.0,3.177,4.0,0.54075,0.45385714285714285,25,2.4252000000000002,3.5,2.1308,3.5,0.35630000000000006,0.30439999999999995,16,4,0,33,2.6948484848484853,2.544242424242424,0.4237121212121213,0.36346320346320343,52,2.4790384615384613,2.062884615384615,0.3697596153846153,0.29469780219780217,41,3.7168292682926825,3.9570731707317077,0.6792073170731706,0.5652961672473868,21,4.458571428571428,0.864642857142857,2.0,45.83,0.4583,20
29-2091.00,Orthotists and Prosthetists,5.0,1.0,10,3.6130000000000004,4.0,3.874,4.38,0.6532500000000001,0.5534285714285715,25,2.6652,3.75,2.5852,4.12,0.4163,0.3693142857142857,26,7,0,33,2.933333333333333,3.255454545454546,0.4833333333333333,0.4650649350649351,52,2.6375,2.5003846153846156,0.40937500000000004,0.3571978021978022,41,3.6117073170731704,4.210243902439024,0.6529268292682926,0.6014634146341463,15,4.241333333333333,0.8103333333333333,8.0,90.0,0.9,20
29-2092.00,Hearing Aid Specialists,3.0,0.5,10,2.9859999999999998,3.88,3.012,3.88,0.49649999999999994,0.43028571428571427,25,2.4736000000000002,3.62,2.2592000000000003,3.75,0.36840000000000006,0.32274285714285716,7,5,0,33,2.775151515151515,2.768181818181818,0.44378787878787873,0.39545454545454545,52,2.352692307692308,1.9873076923076924,0.33817307692307697,0.28390109890109894,41,3.2597560975609756,3.4290243902439026,0.5649390243902439,0.48986062717770035,11,4.469090909090909,0.8672727272727272,11.0,43.99,0.4399,20
29-2099.00,"Health Technologists and Technicians, All Other",3.0,0.5,0,0.0,,0.0,,0.0,0.0,0,0.0,,0.0,,0.0,0.0,0,0,0,0,0.0,0.0,0.0,0.0,0,0.0,0.0,0.0,0.0,0,0.0,0.0,0.0,0.0,0,0.0,0.0,Unspecified,0.0,0.0,0
29-2099.01,Neurodiagnostic Technologists,3.0,0.5,10,3.3369999999999997,4.0,3.425,4.12,0.5842499999999999,0.48928571428571427,25,2.4592,3.25,2.1936,3.25,0.3648,0.3133714285714286,19,8,1,33,2.411818181818182,2.221212121212121,0.3529545454545455,0.31731601731601733,52,2.5163461538461536,2.2180769230769233,0.3790865384615384,0.3168681318681319,41,3.5431707317073173,3.7658536585365856,0.6357926829268293,0.5379790940766551,16,4.6425,0.910625,5.0,48.39,0.4839,20
29-2099.05,Ophthalmic Medical Technologists,3.0,0.5,10,3.112,3.88,3.349,4.0,0.528,0.4784285714285715,25,2.23,3.62,1.8452000000000002,3.25,0.3075,0.2636,18,7,0,33,2.1712121212121214,1.8575757575757574,0.29280303030303034,0.26536796536796536,52,2.463846153846154,2.1821153846153845,0.36596153846153845,0.3117307692307692,41,3.097804878048781,3.1787804878048784,0.5244512195121952,0.45411149825783975,31,4.204516129032259,0.8011290322580646,2.0,30.0,0.3,20
29-2099.08,Patient Representatives,3.0,0.5,10,3.186,4.25,3.163,4.0,0.5465,0.45185714285714285,25,2.26,4.0,1.7748,3.88,0.31499999999999995,0.2535428571428571,38,12,4,33,2.415151515151515,2.5493939393939393,0.35378787878787876,0.3641991341991342,52,2.1734615384615386,1.6886538461538463,0.29336538461538464,0.24123626373626375,41,3.2517073170731705,3.8465853658536586,0.5629268292682926,0.5495121951219513,13,4.036153846153846,0.7590384615384616,6.0,57.69,0.5769,20
29-9021.00,Health Information Technologists and Medical Registrars,3.0,0.5,0,0.0,,0.0,,0.0,0.0,0,0.0,,0.0,,0.0,0.0,109,22,2,0,0.0,0.0,0.0,0.0,0,0.0,0.0,0.0,0.0,0,0.0,0.0,0.0,0.0,16,0.0,0.0,Unspecified,0.0,0.0,20
29-9091.00,Athletic Trainers,5.0,1.0,10,3.4259999999999997,4.0,3.588,4.12,0.6064999999999999,0.5125714285714286,25,2.4903999999999997,3.88,2.1948,4.0,0.37259999999999993,0.3135428571428571,15,5,1,33,2.4054545454545453,2.3563636363636364,0.3513636363636363,0.33662337662337666,52,2.6444230769230765,2.5053846153846155,0.41110576923076914,0.35791208791208795,41,3.1278048780487806,3.4509756097560977,0.5319512195121952,0.4929965156794425,23,3.866521739130435,0.7166304347826088,8.0,54.33,0.5433,20
29-9092.00,Genetic Counselors,5.0,1.0,10,3.624,4.12,3.7619999999999996,5.0,0.656,0.5374285714285714,25,2.1136,4.0,1.6392000000000002,4.12,0.2784,0.2341714285714286,24,6,4,33,2.534848484848485,2.6793939393939397,0.3837121212121213,0.3827705627705628,52,2.170769230769231,1.824423076923077,0.2926923076923077,0.2606318681318681,41,3.2134146341463414,3.624878048780488,0.5533536585365854,0.5178397212543554,19,4.373684210526315,0.8434210526315788,8.0,90.48,0.9048,20
29-9093.00,Surgical Assistants,3.0,0.5,10,3.2969999999999997,4.0,3.3619999999999997,4.0,0.5742499999999999,0.48028571428571426,25,2.3848,3.38,2.0996,3.38,0.34619999999999995,0.2999428571428572,10,4,0,33,2.373333333333333,2.305454545454545,0.34333333333333327,0.32935064935064934,52,2.9471153846153846,2.829038461538462,0.48677884615384615,0.40414835164835167,41,3.5307317073170728,3.9046341463414636,0.6326829268292682,0.5578048780487805,28,4.433571428571429,0.8583928571428572,3.0,55.16,0.5516,20
29-9099.00,"Healthcare Practitioners and Technical Workers, All Other",3.0,0.5,0,0.0,,0.0,,0.0,0.0,0,0.0,,0.0,,0.0,0.0,0,0,0,0,0.0,0.0,0.0,0.0,0,0.0,0.0,0.0,0.0,0,0.0,0.0,0.0,0.0,0,0.0,0.0,Unspecified,0.0,0.0,0
29-9099.01,Midwives,5.0,1.0,10,3.4,4.0,3.725,4.62,0.6,0.5321428571428571,25,2.3696,4.12,2.0052000000000003,4.88,0.34240000000000004,0.2864571428571429,12,7,1,33,2.4157575757575755,2.425757575757576,0.3539393939393939,0.34653679653679653,52,2.5290384615384616,2.4303846153846154,0.3822596153846154,0.3471978021978022,41,3.5514634146341466,4.239024390243903,0.6378658536585367,0.6055749128919861,36,4.206388888888889,0.8015972222222223,3.0,32.75,0.3275,20
31-1121.00,Home Health Aides,2.0,0.25,10,2.8129999999999997,3.88,2.6870000000000003,3.62,0.45324999999999993,0.3838571428571429,25,2.1752000000000002,4.0,1.6703999999999999,3.38,0.29380000000000006,0.2386285714285714,19,14,0,33,2.8733333333333335,2.955151515151515,0.4683333333333334,0.42216450216450213,52,2.4811538461538465,2.269230769230769,0.3702884615384616,0.3241758241758242,41,3.4834146341463414,3.8665853658536586,0.6208536585365854,0.552369337979094,15,3.9679999999999995,0.7419999999999999,3.0,31.8,0.318,20
31-1122.00,Personal Care Aides,2.0,0.25,10,2.802,3.38,2.612,3.12,0.4505,0.37314285714285716,25,2.1208,4.0,1.5504,3.88,0.2802,0.22148571428571429,8,1,0,33,2.480909090909091,2.0145454545454546,0.37022727272727274,0.2877922077922078,52,2.416153846153846,2.0617307692307696,0.3540384615384615,0.2945329670329671,41,3.5473170731707317,4.029024390243903,0.6368292682926829,0.5755749128919861,11,4.337272727272727,0.8343181818181817,2.0,47.76,0.47759999999999997,20
31-1131.00,Nursing Assistants,3.0,0.5,10,2.811,3.62,2.55,3.12,0.45275,0.36428571428571427,25,2.0196,4.0,1.446,3.88,0.2549,0.20657142857142857,18,7,0,33,2.3887878787878787,2.076969696969697,0.34719696969696967,0.29670995670995676,52,2.4315384615384614,2.1748076923076924,0.35788461538461536,0.3106868131868132,41,3.088780487804878,2.8695121951219513,0.5221951219512195,0.4099303135888502,33,4.266666666666667,0.8166666666666667,2.0,38.69,0.38689999999999997,20
31-1132.00,Orderlies,2.0,0.25,10,2.3850000000000002,3.12,1.8,2.5,0.34625000000000006,0.2571428571428572,25,1.8756,3.38,1.1532,2.62,0.21889999999999998,0.16474285714285714,7,4,0,33,1.807878787878788,1.0124242424242424,0.20196969696969702,0.14463203463203464,52,2.4663461538461537,2.0767307692307693,0.36658653846153844,0.29667582417582417,41,2.8365853658536584,2.421951219512195,0.4591463414634146,0.345993031358885,22,4.123181818181818,0.7807954545454545,2.0,89.32,0.8931999999999999,20
31-1133.00,Psychiatric Aides,2.0,0.25,10,3.1,3.88,2.825,3.75,0.525,0.4035714285714286,25,2.2252,3.88,1.78,4.12,0.3063,0.2542857142857143,8,6,0,33,2.0703030303030303,1.6196969696969696,0.2675757575757576,0.2313852813852814,52,2.675,2.376923076923077,0.41874999999999996,0.3395604395604396,41,3.1929268292682926,3.3243902439024393,0.5482317073170732,0.47491289198606274,17,4.208235294117648,0.8020588235294119,4.0,45.7,0.457,20
31-2011.00,Occupational Therapy Assistants,3.0,0.5,10,3.189,3.88,3.101,3.88,0.54725,0.443,25,2.4008,3.88,1.9908,3.88,0.35019999999999996,0.2844,33,9,0,33,2.42,2.063030303030303,0.355,0.2947186147186147,52,2.5290384615384616,2.3015384615384615,0.3822596153846154,0.32879120879120877,41,3.4004878048780487,3.2909756097560976,0.6001219512195122,0.4701393728222997,22,4.462727272727272,0.865681818181818,5.0,91.74,0.9174,20
31-2012.00,Occupational Therapy Aides,3.0,0.5,10,2.948,3.62,2.85,3.62,0.487,0.40714285714285714,25,2.2348,3.75,1.8096,3.75,0.3087,0.25851428571428575,10,7,0,33,2.3754545454545455,1.9615151515151517,0.34386363636363637,0.28021645021645025,52,2.403653846153846,2.167307692307692,0.3509134615384615,0.30961538461538457,41,3.544390243902439,3.510731707317073,0.6360975609756098,0.5015331010452961,15,4.003333333333333,0.7508333333333332,2.0,36.76,0.3676,20
31-2021.00,Physical Therapist Assistants,3.0,0.5,10,3.2009999999999996,4.0,3.3,4.0,0.5502499999999999,0.4714285714285714,25,2.4488,3.75,2.1996,3.75,0.36219999999999997,0.31422857142857147,30,8,0,33,2.3406060606060604,2.0627272727272725,0.3351515151515151,0.29467532467532465,52,2.5742307692307693,2.358269230769231,0.39355769230769233,0.3368956043956044,41,3.424634146341463,3.4890243902439027,0.6061585365853658,0.49843205574912897,21,4.143809523809524,0.785952380952381,5.0,84.16,0.8416,20
31-2022.00,Physical Therapist Aides,2.0,0.25,10,2.849,3.62,2.738,3.12,0.46225000000000005,0.3911428571428571,25,2.1096,3.25,1.6296000000000002,3.38,0.2774,0.23280000000000003,9,6,0,33,2.18030303030303,1.5999999999999999,0.29507575757575755,0.22857142857142856,52,2.331730769230769,2.0761538461538462,0.3329326923076923,0.2965934065934066,41,3.216341463414634,3.2514634146341463,0.5540853658536585,0.46449477351916374,19,4.0063157894736845,0.7515789473684211,2.0,34.41,0.34409999999999996,20
31-9011.00,Massage Therapists,3.0,0.5,10,2.713,3.62,2.5759999999999996,3.38,0.42825,0.36799999999999994,25,1.7636,3.12,1.1440000000000001,3.12,0.19090000000000001,0.16342857142857145,8,2,0,33,1.9315151515151516,1.5451515151515152,0.2328787878787879,0.22073593073593073,52,2.3001923076923076,1.964423076923077,0.3250480769230769,0.28063186813186813,41,2.5951219512195123,2.4190243902439024,0.39878048780487807,0.34557491289198605,14,4.072142857142857,0.7680357142857142,3.0,48.15,0.4815,20
31-9091.00,Dental Assistants,3.0,0.5,10,2.9370000000000003,3.88,2.8240000000000003,3.38,0.48425000000000007,0.40342857142857147,25,2.2948,3.12,1.9656,3.12,0.3237,0.2808,10,3,1,33,2.2936363636363635,1.8193939393939393,0.32340909090909087,0.25991341991341993,52,2.4709615384615384,2.250192307692308,0.3677403846153846,0.321456043956044,41,3.465609756097561,3.7853658536585364,0.6164024390243903,0.5407665505226481,16,4.30625,0.8265625000000001,3.0,46.04,0.4604,20
31-9092.00,Medical Assistants,3.0,0.5,10,3.3619999999999997,3.88,3.3619999999999997,4.0,0.5904999999999999,0.48028571428571426,25,2.3344,4.0,1.906,3.88,0.3336,0.2722857142857143,32,11,2,33,2.42,2.0372727272727276,0.355,0.2910389610389611,52,2.5296153846153846,2.2303846153846156,0.38240384615384615,0.31862637362637364,41,3.674390243902439,4.08829268292683,0.6685975609756097,0.58404181184669,20,4.4079999999999995,0.8519999999999999,3.0,44.74,0.4474,20
31-9093.00,Medical Equipment Preparers,2.0,0.25,10,2.913,3.5,2.613,3.0,0.47824999999999995,0.3732857142857143,25,2.4196,3.38,2.0792,3.12,0.3549,0.2970285714285715,17,9,0,33,2.216969696969697,1.9006060606060606,0.3042424242424242,0.27151515151515154,52,2.62,2.3623076923076924,0.405,0.3374725274725275,41,3.7273170731707315,4.308292682926829,0.6818292682926829,0.6154703832752613,16,4.35125,0.8378125000000001,2.0,43.76,0.4376,20
31-9094.00,Medical Transcriptionists,3.0,0.5,10,2.9370000000000003,4.12,2.748,4.12,0.48425000000000007,0.3925714285714286,25,1.7144,3.0,1.0592,2.75,0.17859999999999998,0.1513142857142857,43,9,0,33,1.6900000000000002,1.0742424242424242,0.17250000000000004,0.15346320346320347,52,2.088653846153846,1.6480769230769232,0.2721634615384615,0.23543956043956046,41,2.71,2.1934146341463414,0.4275,0.3133449477351916,15,4.559333333333333,0.8898333333333333,3.0,38.89,0.3889,20
31-9095.00,Pharmacy Aides,2.0,0.25,10,2.8009999999999997,3.5,2.476,3.25,0.45024999999999993,0.3537142857142857,25,2.0303999999999998,3.38,1.4147999999999998,3.12,0.25759999999999994,0.2021142857142857,7,6,2,33,1.9700000000000002,1.4406060606060607,0.24250000000000005,0.20580086580086582,52,2.2790384615384616,1.8365384615384615,0.3197596153846154,0.2623626373626374,41,3.197073170731707,2.93,0.5492682926829268,0.4185714285714286,17,4.19,0.7975000000000001,2.0,61.19,0.6119,20
31-9096.00,Veterinary Assistants and Laboratory Animal Caretakers,2.0,0.25,10,2.948,3.5,2.898,3.25,0.487,0.41400000000000003,25,2.1788,3.12,1.8552000000000002,3.12,0.29469999999999996,0.26502857142857145,11,6,0,33,2.2984848484848484,2.0912121212121213,0.3246212121212121,0.29874458874458876,52,2.425576923076923,2.211346153846154,0.3563942307692307,0.3159065934065934,41,3.3629268292682926,3.329756097560976,0.5907317073170731,0.47567944250871086,28,4.205357142857143,0.8013392857142858,2.0,78.23,0.7823,20
31-9097.00,Phlebotomists,3.0,0.5,10,2.9490000000000003,3.5,3.023,3.62,0.48725000000000007,0.4318571428571429,25,2.21,3.62,1.7156,3.12,0.3025,0.2450857142857143,14,6,1,33,2.391212121212121,2.1196969696969696,0.3478030303030303,0.3028138528138528,52,2.367692307692308,2.055192307692308,0.341923076923077,0.29359890109890113,41,3.3421951219512196,3.475365853658537,0.5855487804878049,0.49648083623693384,23,4.475652173913043,0.8689130434782608,2.0,40.0,0.4,20
31-9099.00,"Healthcare Support Workers, All Other",3.0,0.5,0,0.0,,0.0,,0.0,0.0,0,0.0,,0.0,,0.0,0.0,0,0,0,0,0.0,0.0,0.0,0.0,0,0.0,0.0,0.0,0.0,0,0.0,0.0,0.0,0.0,0,0.0,0.0,Unspecified,0.0,0.0,0
31-9099.01,Speech-Language Pathology Assistants,3.0,0.5,10,3.124,4.0,3.249,4.0,0.531,0.46414285714285713,25,2.1448,3.5,1.7047999999999999,3.88,0.2862,0.24354285714285712,18,4,0,33,1.94,1.4236363636363638,0.235,0.2033766233766234,52,2.2303846153846156,1.8513461538461538,0.3075961538461539,0.26447802197802195,41,2.9041463414634143,2.7714634146341464,0.4760365853658536,0.3959233449477352,11,4.1499999999999995,0.7874999999999999,5.0,57.73,0.5772999999999999,20
31-9099.02,Endoscopy Technicians,2.0,0.25,10,2.96,3.62,2.887,4.0,0.49,0.4124285714285714,25,2.4408,3.25,2.14,3.12,0.36019999999999996,0.3057142857142857,8,5,0,33,2.36,2.2354545454545454,0.33999999999999997,0.31935064935064933,52,2.563846153846154,2.3459615384615384,0.39096153846153847,0.33513736263736266,41,3.5295121951219515,3.516341463414634,0.6323780487804879,0.5023344947735191,12,4.5675,0.891875,2.0,53.85,0.5385,20
33-1011.00,First-Line Supervisors of Correctional Officers,3.0,0.5,10,3.312,4.0,3.274,4.25,0.578,0.4677142857142857,25,2.464,4.0,2.1644,4.0,0.366,0.30920000000000003,10,6,1,33,2.6012121212121215,2.4681818181818183,0.4003030303030304,0.35259740259740263,52,2.8,2.6778846153846154,0.44999999999999996,0.3825549450549451,41,3.704634146341463,4.249756097560976,0.6761585365853657,0.6071080139372823,23,4.301304347826087,0.8253260869565218,2.0,58.99,0.5899,20
33-1012.00,First-Line Supervisors of Police and Detectives,2.0,0.25,10,3.526,4.0,3.5,4.0,0.6315,0.5,25,2.7348000000000003,4.0,2.5452,4.0,0.4337000000000001,0.3636,23,8,1,33,2.4206060606060604,2.391818181818182,0.3551515151515151,0.3416883116883117,52,2.8298076923076922,2.8701923076923075,0.45745192307692306,0.4100274725274725,41,3.7736585365853657,4.471707317073171,0.6934146341463414,0.638815331010453,20,3.864,0.716,2.0,56.42,0.5642,20
33-1021.00,First-Line Supervisors of Firefighting and Prevention Workers,3.0,0.5,10,3.339,4.0,3.3369999999999997,4.0,0.58475,0.4767142857142857,25,2.7636000000000003,3.88,2.5256,3.88,0.44090000000000007,0.36079999999999995,25,6,3,33,2.881818181818182,3.0118181818181817,0.47045454545454546,0.43025974025974023,52,3.003846153846154,2.991923076923077,0.5009615384615385,0.42741758241758243,41,3.6463414634146343,4.757317073170732,0.6615853658536586,0.6796167247386761,30,4.000666666666667,0.7501666666666666,2.0,38.19,0.38189999999999996,20
33-1091.00,First-Line Supervisors of Security Workers,2.0,0.25,10,3.2380000000000004,4.0,3.164,4.0,0.5595000000000001,0.452,25,2.6148000000000002,3.88,2.3108,3.88,0.40370000000000006,0.3301142857142857,10,6,1,33,2.8854545454545453,2.9057575757575758,0.4713636363636363,0.4151082251082251,52,2.7621153846153845,2.5476923076923077,0.44052884615384613,0.363956043956044,41,3.4109756097560973,3.5334146341463417,0.6027439024390243,0.5047735191637631,21,4.4504761904761905,0.8626190476190476,5.0,29.75,0.2975,20
33-1099.00,"First-Line Supervisors of Protective Service Workers, All Other",3.0,0.5,0,0.0,,0.0,,0.0,0.0,0,0.0,,0.0,,0.0,0.0,0,0,0,0,0.0,0.0,0.0,0.0,0,0.0,0.0,0.0,0.0,0,0.0,0.0,0.0,0.0,0,0.0,0.0,Unspecified,0.0,0.0,0
33-2011.00,Firefighters,2.0,0.25,10,3.0740000000000003,3.62,3.072,3.75,0.5185000000000001,0.4388571428571429,25,2.5292000000000003,3.88,2.3296,4.0,0.3823000000000001,0.33280000000000004,15,7,0,33,2.5012121212121214,2.626666666666667,0.37530303030303036,0.37523809523809526,52,3.2571153846153846,3.3721153846153844,0.5642788461538462,0.4817307692307692,41,3.3763414634146343,3.996585365853658,0.5940853658536586,0.5709407665505226,30,4.114333333333333,0.7785833333333332,2.0,69.53,0.6953,20
33-2021.00,Fire Inspectors and Investigators,3.0,0.5,10,3.125,3.62,3.2359999999999998,3.88,0.53125,0.46228571428571424,25,2.424,3.38,2.1596,3.62,0.356,0.30851428571428574,13,6,4,33,2.6596969696969697,2.716969696969697,0.4149242424242424,0.3881385281385281,52,2.723653846153846,2.608076923076923,0.43091346153846155,0.37258241758241756,41,3.548292682926829,3.923414634146342,0.6370731707317072,0.5604878048780488,30,4.332333333333334,0.8330833333333334,3.0,27.49,0.2749,20
33-2022.00,Forest Fire Inspectors and Prevention Specialists,3.0,0.5,10,3.1109999999999998,4.0,3.077,3.88,0.5277499999999999,0.43957142857142856,25,2.54,3.75,2.27,3.75,0.385,0.3242857142857143,27,22,0,33,2.723030303030303,2.9166666666666665,0.4307575757575758,0.41666666666666663,52,2.6871153846153844,2.581153846153846,0.4217788461538461,0.3687362637362637,41,3.5997560975609755,4.052439024390244,0.6499390243902439,0.5789198606271777,16,3.97875,0.7446875,2.0,31.63,0.31629999999999997,20
33-3011.00,Bailiffs,3.0,0.5,10,2.5509999999999997,3.38,2.249,3.25,0.38774999999999993,0.3212857142857143,25,1.9712,4.0,1.3512,3.38,0.24280000000000002,0.1930285714285714,17,8,1,33,2.034848484848485,1.6018181818181818,0.2587121212121213,0.22883116883116883,52,2.3601923076923077,2.024423076923077,0.3400480769230769,0.2892032967032967,41,3.39609756097561,3.6709756097560975,0.5990243902439025,0.5244250871080139,15,4.234,0.8085,2.0,39.86,0.3986,20
33-3012.00,Correctional Officers and Jailers,2.0,0.25,10,3.1879999999999997,4.0,2.9490000000000003,3.75,0.5469999999999999,0.4212857142857143,25,2.404,4.0,1.9896,3.75,0.351,0.28422857142857144,13,8,0,33,2.502727272727273,2.336969696969697,0.37568181818181823,0.33385281385281385,52,2.884807692307692,2.8488461538461536,0.471201923076923,0.40697802197802196,41,3.4809756097560975,3.725609756097561,0.6202439024390244,0.5322299651567944,27,4.1866666666666665,0.7966666666666666,2.0,92.43,0.9243000000000001,20
33-3021.00,Detectives and Criminal Investigators,3.0,0.5,10,3.4490000000000003,4.5,3.374,4.5,0.6122500000000001,0.48200000000000004,25,2.4156,4.12,2.0048,4.12,0.3539,0.2864,36,11,2,33,2.4224242424242424,2.4372727272727275,0.3556060606060606,0.3481818181818182,52,2.9632692307692308,2.8923076923076922,0.4908173076923077,0.41318681318681316,41,3.846341463414634,4.629512195121952,0.7115853658536585,0.6613588850174217,30,4.492999999999999,0.8732499999999999,3.0,25.75,0.2575,20
33-3021.02,Police Identification and Records Officers,3.0,0.5,10,3.101,3.88,3.089,4.0,0.52525,0.4412857142857143,25,2.0992,3.0,1.7836,3.0,0.27480000000000004,0.2548,25,9,0,33,2.3439393939393938,2.337272727272727,0.33598484848484844,0.33389610389610386,52,2.6425,2.538653846153846,0.410625,0.36266483516483516,41,3.315121951219512,3.5575609756097557,0.578780487804878,0.5082229965156794,16,4.103125,0.7757812500000001,2.0,34.62,0.34619999999999995,20
33-3021.06,Intelligence Analysts,4.0,0.75,10,3.4869999999999997,4.25,3.651,4.88,0.6217499999999999,0.5215714285714286,25,2.1144,3.62,1.7544,3.75,0.27859999999999996,0.2506285714285714,82,35,3,33,2.337272727272727,2.4230303030303033,0.33431818181818174,0.3461471861471862,52,2.2975,1.9440384615384616,0.32437499999999997,0.2777197802197802,41,3.061951219512195,3.374878048780488,0.5154878048780488,0.4821254355400697,21,3.8738095238095234,0.7184523809523808,6.0,65.22,0.6522,20
33-3031.00,Fish and Game Wardens,3.0,0.5,10,3.175,3.88,3.353,4.0,0.54375,0.47900000000000004,25,2.4296,3.62,2.1912000000000003,3.38,0.35740000000000005,0.3130285714285715,10,6,0,33,2.975757575757576,3.366060606060606,0.493939393939394,0.4808658008658009,52,2.8407692307692307,2.8073076923076923,0.4601923076923077,0.40104395604395604,41,3.261463414634146,3.5609756097560976,0.5653658536585365,0.5087108013937283,23,3.681739130434783,0.6704347826086957,6.0,38.84,0.3884,20
33-3041.00,Parking Enforcement Workers,2.0,0.25,10,2.5490000000000004,3.12,2.3009999999999997,3.0,0.3872500000000001,0.3287142857142857,25,2.0707999999999998,3.0,1.5896000000000001,2.88,0.26769999999999994,0.2270857142857143,12,7,1,33,1.9845454545454544,1.4387878787878787,0.2461363636363636,0.20554112554112552,52,2.3796153846153847,2.1113461538461538,0.34490384615384617,0.3016208791208791,41,3.235853658536585,3.1726829268292684,0.5589634146341462,0.45324041811846694,20,3.7009999999999996,0.6752499999999999,2.0,80.12,0.8012,20
33-3051.00,Police and Sheriff's Patrol Officers,3.0,0.5,10,3.2009999999999996,4.12,3.2009999999999996,4.0,0.5502499999999999,0.45728571428571424,25,2.3492,4.0,1.9340000000000002,4.0,0.33730000000000004,0.2762857142857143,27,8,0,33,2.6999999999999997,2.7703030303030305,0.42499999999999993,0.3957575757575758,52,3.1123076923076924,3.103846153846154,0.5280769230769231,0.44340659340659344,41,3.694390243902439,4.272439024390244,0.6735975609756097,0.6103484320557492,30,4.141666666666667,0.7854166666666667,2.0,42.17,0.4217,20
33-3051.04,Customs and Border Protection Officers,3.0,0.5,10,3.325,4.0,3.25,4.0,0.58125,0.4642857142857143,25,2.2847999999999997,3.88,1.8752000000000002,3.5,0.32119999999999993,0.26788571428571434,12,6,0,33,2.4696969696969697,2.4263636363636367,0.36742424242424243,0.34662337662337667,52,2.7223076923076923,2.6134615384615385,0.4305769230769231,0.37335164835164836,41,3.4604878048780487,4.0024390243902435,0.6151219512195122,0.5717770034843205,11,4.234545454545454,0.8086363636363636,2.0,39.01,0.3901,20
33-3052.00,Transit and Railroad Police,3.0,0.5,10,3.088,4.0,2.863,3.88,0.522,0.409,25,2.3704,3.75,1.964,3.38,0.3426,0.2805714285714286,14,6,0,33,2.716666666666667,2.7663636363636366,0.4291666666666667,0.3951948051948052,52,2.983076923076923,2.898846153846154,0.49576923076923074,0.41412087912087914,41,3.5295121951219515,3.3702439024390247,0.6323780487804879,0.4814634146341464,12,3.9508333333333336,0.7377083333333334,6.0,28.41,0.2841,20
33-9011.00,Animal Control Workers,2.0,0.25,10,2.862,3.75,2.5620000000000003,3.5,0.4655,0.36600000000000005,25,2.0096000000000003,3.0,1.5544,3.0,0.25240000000000007,0.22205714285714287,21,10,2,33,2.536969696969697,2.45030303030303,0.3842424242424243,0.35004329004329005,52,2.5188461538461535,2.421346153846154,0.3797115384615384,0.3459065934065934,41,3.5746341463414635,3.93390243902439,0.6436585365853659,0.56198606271777,16,4.380625,0.84515625,2.0,65.38,0.6537999999999999,20
33-9021.00,Private Detectives and Investigators,3.0,0.5,10,3.251,4.12,3.148,4.12,0.56275,0.44971428571428573,25,2.2312,3.75,1.7616,3.5,0.30779999999999996,0.25165714285714286,12,8,3,33,2.3012121212121213,2.145757575757576,0.3253030303030303,0.30653679653679655,52,2.4711538461538463,2.1701923076923078,0.36778846153846156,0.31002747252747254,41,3.2448780487804876,3.231951219512195,0.5612195121951219,0.46170731707317075,14,4.187142857142857,0.7967857142857142,6.0,37.69,0.37689999999999996,20
33-9031.00,Gambling Surveillance Officers and Gambling Investigators,2.0,0.25,10,3.0100000000000002,4.12,2.912,3.88,0.5025000000000001,0.416,25,2.1452,3.38,1.6452,3.12,0.2863,0.23502857142857142,8,5,1,33,2.183333333333333,1.7433333333333334,0.2958333333333333,0.24904761904761905,52,2.3740384615384618,1.9657692307692307,0.34350961538461544,0.2808241758241758,41,3.2936585365853657,3.4051219512195123,0.5734146341463414,0.4864459930313589,8,4.6075,0.901875,2.0,84.07,0.8406999999999999,20
33-9032.00,Security Guards,2.0,0.25,10,2.825,3.75,2.474,3.12,0.45625000000000004,0.3534285714285715,25,1.9992,3.12,1.4796,3.12,0.24980000000000002,0.21137142857142857,11,5,0,33,3.015151515151515,3.3427272727272728,0.5037878787878788,0.47753246753246753,52,2.551153846153846,2.294807692307692,0.38778846153846147,0.3278296703296703,41,3.7470731707317073,3.8797560975609753,0.6867682926829268,0.5542508710801394,14,4.406428571428571,0.8516071428571428,2.0,79.26,0.7926000000000001,20
33-9091.00,Crossing Guards and Flaggers,2.0,0.25,10,2.263,3.12,1.7240000000000002,2.75,0.31575,0.2462857142857143,25,1.6952,3.0,0.9304000000000001,2.62,0.1738,0.13291428571428573,3,1,0,33,1.607878787878788,0.8503030303030303,0.15196969696969698,0.12147186147186148,52,2.267692307692308,1.7430769230769232,0.316923076923077,0.24901098901098903,41,2.482682926829268,2.123170731707317,0.370670731707317,0.3033101045296167,12,4.285833333333334,0.8214583333333334,2.0,72.8,0.728,20
33-9092.00,"Lifeguards, Ski Patrol, and Other Recreational Protective Service Workers",2.0,0.25,10,2.75,3.75,2.511,3.5,0.4375,0.3587142857142857,25,1.9456,3.38,1.36,3.25,0.2364,0.1942857142857143,6,4,0,33,2.177878787878788,1.9206060606060606,0.29446969696969705,0.2743722943722944,52,2.4709615384615384,2.293269230769231,0.3677403846153846,0.3276098901098901,41,3.0951219512195123,3.1368292682926833,0.5237804878048781,0.44811846689895474,15,4.101333333333333,0.7753333333333332,1.0,39.22,0.3922,20
33-9093.00,Transportation Security Screeners,2.0,0.25,10,2.815,3.38,2.711,3.5,0.45375,0.3872857142857143,25,2.3196,3.25,2.0212,3.38,0.32989999999999997,0.28874285714285713,12,7,0,33,1.8436363636363635,1.3815151515151516,0.21090909090909088,0.19735930735930737,52,2.6805769230769227,2.5890384615384616,0.4201442307692307,0.36986263736263736,41,2.9946341463414634,3.0090243902439027,0.49865853658536585,0.4298606271777004,26,4.3076923076923075,0.8269230769230769,2.0,85.19,0.8519,20
33-9094.00,School Bus Monitors,2.0,0.25,10,2.512,3.75,1.9609999999999999,3.12,0.378,0.28014285714285714,25,1.886,3.25,1.2107999999999999,2.75,0.22149999999999997,0.17297142857142855,2,1,0,33,1.883030303030303,1.3069696969696971,0.22075757575757576,0.18670995670995674,52,2.2423076923076923,1.7909615384615383,0.3105769230769231,0.2558516483516483,41,2.8965853658536584,2.794390243902439,0.4741463414634146,0.399198606271777,18,4.463888888888889,0.8659722222222221,2.0,56.46,0.5646,20
33-9099.00,"Protective Service Workers, All Other",3.0,0.5,0,0.0,,0.0,,0.0,0.0,0,0.0,,0.0,,0.0,0.0,0,0,0,0,0.0,0.0,0.0,0.0,0,0.0,0.0,0.0,0.0,0,0.0,0.0,0.0,0.0,0,0.0,0.0,Unspecified,0.0,0.0,0
33-9099.02,Retail Loss Prevention Specialists,2.0,0.25,10,3.0620000000000003,3.75,2.9490000000000003,3.62,0.5155000000000001,0.4212857142857143,25,2.306,3.38,1.9507999999999999,3.12,0.3265,0.27868571428571426,15,8,0,33,2.453939393939394,2.2745454545454544,0.3634848484848485,0.3249350649350649,52,2.541346153846154,2.289615384615385,0.3853365384615385,0.3270879120879121,41,3.3975609756097565,3.544390243902439,0.5993902439024391,0.5063414634146342,21,4.3100000000000005,0.8275000000000001,2.0,68.63,0.6862999999999999,20
35-1011.00,Chefs and Head Cooks,3.0,0.5,10,3.325,4.0,3.3,4.12,0.58125,0.4714285714285714,25,2.884,4.12,2.6795999999999998,4.12,0.471,0.3828,24,7,3,33,2.647575757575758,2.8763636363636365,0.4118939393939395,0.41090909090909095,52,2.800192307692308,2.6223076923076927,0.450048076923077,0.3746153846153847,41,3.3514634146341464,3.642682926829268,0.5878658536585366,0.520383275261324,21,3.985238095238095,0.7463095238095238,5.0,54.17,0.5417000000000001,20
35-1012.00,First-Line Supervisors of Food Preparation and Serving Workers,2.0,0.25,10,3.1,3.88,3.073,4.0,0.525,0.439,25,2.5704000000000002,4.0,2.3087999999999997,4.0,0.39260000000000006,0.3298285714285714,32,6,0,33,2.486060606060606,2.433333333333333,0.37151515151515146,0.3476190476190476,52,2.499423076923077,2.2017307692307693,0.37485576923076924,0.314532967032967,41,3.4665853658536583,3.7558536585365854,0.6166463414634146,0.5365505226480837,26,4.010769230769231,0.7526923076923078,2.0,69.59,0.6959000000000001,20
35-2011.00,"Cooks, Fast Food",2.0,0.25,10,2.287,3.0,1.85,2.5,0.32175,0.2642857142857143,25,1.8004,3.12,1.1496000000000002,2.38,0.2001,0.16422857142857145,7,3,0,33,1.926969696969697,1.243939393939394,0.23174242424242425,0.1777056277056277,52,2.1826923076923075,1.7576923076923079,0.29567307692307687,0.25109890109890115,41,2.847560975609756,2.4034146341463414,0.46189024390243905,0.34334494773519164,20,4.35,0.8374999999999999,1.0,62.89,0.6289,20
35-2012.00,"Cooks, Institution and Cafeteria",2.0,0.25,10,2.738,3.12,2.564,3.0,0.4345,0.36628571428571427,25,2.3644,3.12,1.9147999999999998,3.12,0.34109999999999996,0.27354285714285714,6,2,0,33,2.2006060606060607,1.7972727272727274,0.30015151515151517,0.2567532467532468,52,2.441730769230769,2.1678846153846156,0.36043269230769226,0.30969780219780224,41,3.0078048780487805,2.527073170731707,0.5019512195121951,0.36101045296167245,17,4.3623529411764705,0.8405882352941176,2.0,71.14,0.7114,20
35-2013.00,"Cooks, Private Household",3.0,0.5,10,2.739,3.25,2.5509999999999997,3.12,0.43474999999999997,0.3644285714285714,25,2.2544,3.12,1.952,3.5,0.3136,0.27885714285714286,10,2,0,33,2.1693939393939394,1.8490909090909091,0.29234848484848486,0.26415584415584414,52,2.394423076923077,2.1242307692307696,0.34860576923076925,0.3034615384615385,41,2.854390243902439,2.6297560975609753,0.4635975609756098,0.37567944250871077,13,4.083846153846154,0.7709615384615385,3.0,38.46,0.3846,20
35-2014.00,"Cooks, Restaurant",2.0,0.25,10,2.526,3.0,2.399,3.12,0.38149999999999995,0.3427142857142857,25,1.97,3.0,1.5544,3.0,0.2425,0.22205714285714287,9,5,0,33,1.6103030303030303,0.893030303030303,0.1525757575757576,0.12757575757575756,52,2.418076923076923,2.1540384615384616,0.35451923076923075,0.30771978021978025,41,2.3536585365853657,1.9778048780487805,0.33841463414634143,0.2825435540069686,20,4.257,0.8142499999999999,2.0,47.33,0.4733,20
35-2015.00,"Cooks, Short Order",2.0,0.25,10,2.475,3.12,2.126,2.88,0.36875,0.3037142857142857,25,1.9696,3.12,1.4287999999999998,3.12,0.2424,0.2041142857142857,5,0,0,33,1.7709090909090908,1.120909090909091,0.1927272727272727,0.16012987012987015,52,2.348076923076923,1.9709615384615384,0.3370192307692308,0.28156593406593405,41,2.4921951219512195,1.820731707317073,0.3730487804878049,0.2601045296167247,11,4.344545454545455,0.8361363636363637,2.0,66.35,0.6635,20
35-2019.00,"Cooks, All Other",3.0,0.5,0,0.0,,0.0,,0.0,0.0,0,0.0,,0.0,,0.0,0.0,0,0,0,0,0.0,0.0,0.0,0.0,0,0.0,0.0,0.0,0.0,0,0.0,0.0,0.0,0.0,0,0.0,0.0,Unspecified,0.0,0.0,0
35-2021.00,Food Preparation Workers,2.0,0.25,10,2.263,3.0,1.7759999999999998,2.38,0.31575,0.25371428571428567,25,1.8204,3.0,1.1496000000000002,2.12,0.2051,0.16422857142857145,15,2,0,33,1.6896969696969697,1.0484848484848486,0.17242424242424242,0.1497835497835498,52,2.116153846153846,1.745576923076923,0.27903846153846146,0.24936813186813184,41,2.589512195121951,1.8141463414634145,0.39737804878048777,0.2591637630662021,31,4.230645161290322,0.8076612903225806,2.0,69.48,0.6948000000000001,20
35-3011.00,Bartenders,2.0,0.25,10,2.787,3.75,2.6,3.12,0.44675,0.37142857142857144,25,2.2148,3.62,1.7548,3.12,0.30369999999999997,0.2506857142857143,11,2,0,33,2.1796969696969697,1.7096969696969697,0.2949242424242424,0.24424242424242423,52,2.4826923076923078,2.3148076923076926,0.37067307692307694,0.3306868131868132,41,3.102439024390244,2.560731707317073,0.525609756097561,0.3658188153310104,20,4.277,0.81925,2.0,42.96,0.4296,20
35-3023.00,Fast Food and Counter Workers,2.0,0.25,10,2.226,3.0,1.8370000000000002,2.5,0.3065,0.26242857142857146,25,1.7904,3.0,1.1688,2.75,0.1976,0.16697142857142858,16,4,0,33,1.9848484848484849,1.4251515151515153,0.24621212121212122,0.2035930735930736,52,2.0525,1.5726923076923076,0.26312500000000005,0.22467032967032965,41,2.3685365853658538,1.7856097560975608,0.34213414634146344,0.25508710801393725,27,4.062592592592592,0.7656481481481481,1.0,56.28,0.5628,20
35-3023.01,Baristas,2.0,0.25,10,2.501,3.38,2.1990000000000003,2.88,0.37525,0.31414285714285717,25,1.9552,3.38,1.3996000000000002,2.88,0.2388,0.19994285714285717,3,3,0,33,2.098787878787879,1.4975757575757576,0.2746969696969698,0.21393939393939393,52,2.363076923076923,2.000576923076923,0.3407692307692307,0.2857967032967033,41,2.4695121951219514,1.8480487804878047,0.36737804878048785,0.26400696864111495,19,4.1421052631578945,0.7855263157894736,1.0,63.86,0.6386,20
35-3031.00,Waiters and Waitresses,2.0,0.25,10,2.537,3.5,2.087,2.88,0.38425,0.29814285714285715,25,1.9696,3.88,1.2048,3.0,0.2424,0.17211428571428572,10,1,0,33,1.9506060606060607,1.342121212121212,0.23765151515151517,0.19173160173160173,52,2.376730769230769,1.8773076923076923,0.3441826923076923,0.2681868131868132,41,2.5875609756097564,2.1660975609756097,0.3968902439024391,0.30944250871080137,25,4.341600000000001,0.8354000000000001,2.0,57.57,0.5757,20
35-3041.00,"Food Servers, Nonrestaurant",2.0,0.25,10,2.351,3.0,1.9490000000000003,2.5,0.33775,0.27842857142857147,25,1.9892,3.0,1.3132,2.62,0.24730000000000002,0.1876,7,4,0,33,2.158181818181818,1.7778787878787878,0.28954545454545455,0.253982683982684,52,2.223653846153846,1.7584615384615385,0.30591346153846155,0.2512087912087912,41,2.948536585365854,2.8785365853658536,0.48713414634146346,0.41121951219512193,14,4.506428571428572,0.8766071428571429,2.0,48.08,0.4808,20
35-9011.00,Dining Room and Cafeteria Attendants and Bartender Helpers,2.0,0.25,10,2.289,3.0,1.7109999999999999,2.25,0.32225000000000004,0.2444285714285714,25,1.8996000000000002,3.0,1.244,2.88,0.22490000000000004,0.1777142857142857,6,3,0,33,1.8906060606060606,1.2984848484848486,0.22265151515151516,0.18549783549783552,52,2.261923076923077,1.8221153846153846,0.3154807692307693,0.2603021978021978,41,2.802439024390244,2.5856097560975613,0.45060975609756104,0.3693728222996516,23,4.17,0.7925,2.0,74.01,0.7401000000000001,20
35-9021.00,Dishwashers,2.0,0.25,10,2.025,2.62,1.488,2.0,0.25625,0.21257142857142858,25,1.9063999999999999,2.88,1.3152000000000001,2.0,0.22659999999999997,0.1878857142857143,2,2,0,33,1.57,0.7660606060606061,0.14250000000000002,0.10943722943722944,52,2.2071153846153844,1.7615384615384615,0.3017788461538461,0.25164835164835164,41,2.4914634146341466,1.8787804878048782,0.37286585365853664,0.26839721254355403,13,3.873076923076923,0.7182692307692308,2.0,55.87,0.5587,20
35-9031.00,"Hosts and Hostesses, Restaurant, Lounge, and Coffee Shop",2.0,0.25,10,2.475,3.5,2.05,2.88,0.36875,0.2928571428571428,25,1.7844,3.12,1.1696,3.0,0.1961,0.16708571428571428,10,4,0,33,1.9860606060606063,1.2751515151515151,0.24651515151515158,0.18216450216450217,52,2.1275,1.7161538461538461,0.281875,0.24516483516483517,41,2.812682926829268,2.0948780487804877,0.45317073170731703,0.2992682926829268,20,4.093,0.77325,1.0,41.98,0.41979999999999995,20
35-9099.00,"Food Preparation and Serving Related Workers, All Other",3.0,0.5,0,0.0,,0.0,,0.0,0.0,0,0.0,,0.0,,0.0,0.0,0,0,0,0,0.0,0.0,0.0,0.0,0,0.0,0.0,0.0,0.0,0,0.0,0.0,0.0,0.0,0,0.0,0.0,Unspecified,0.0,0.0,0
37-1011.00,First-Line Supervisors of Housekeeping and Janitorial Workers,2.0,0.25,10,2.774,3.25,2.788,3.88,0.4435,0.39828571428571424,25,2.48,3.38,2.2803999999999998,3.88,0.37,0.32577142857142855,15,9,3,33,2.253636363636364,2.0033333333333334,0.31340909090909097,0.2861904761904762,52,2.413076923076923,2.0971153846153845,0.3532692307692308,0.2995879120879121,41,3.6812195121951223,3.920243902439024,0.6703048780487806,0.5600348432055748,26,4.137307692307692,0.784326923076923,2.0,43.26,0.4326,20
37-1012.00,"First-Line Supervisors of Landscaping, Lawn Service, and Groundskeeping Workers",3.0,0.5,10,3.224,4.0,3.1879999999999997,4.0,0.556,0.4554285714285714,25,2.78,4.0,2.5956,3.88,0.44499999999999995,0.3708,8,6,0,33,2.6996969696969697,2.7287878787878785,0.4249242424242424,0.3898268398268398,52,2.7161538461538464,2.583076923076923,0.4290384615384616,0.369010989010989,41,3.745365853658537,4.0080487804878056,0.6863414634146342,0.5725783972125437,28,3.858571428571429,0.7146428571428572,6.0,32.32,0.3232,20
37-2011.00,"Janitors and Cleaners, Except Maids and Housekeeping Cleaners",3.0,0.5,10,2.35,3.0,1.748,2.25,0.3375,0.24971428571428572,25,1.9744,2.75,1.464,2.25,0.24359999999999998,0.20914285714285713,6,4,0,33,1.726969696969697,0.8833333333333333,0.18174242424242426,0.1261904761904762,52,2.2665384615384614,1.8776923076923078,0.31663461538461535,0.2682417582417583,41,3.0543902439024393,2.801219512195122,0.5135975609756098,0.40017421602787456,21,3.6966666666666663,0.6741666666666666,2.0,62.41,0.6241,20
37-2012.00,Maids and Housekeeping Cleaners,2.0,0.25,10,2.286,2.75,1.6600000000000001,2.12,0.3215,0.23714285714285716,25,1.8836000000000002,3.12,1.2336,2.62,0.22090000000000004,0.17622857142857143,9,3,0,33,1.9600000000000002,1.1015151515151516,0.24000000000000005,0.15735930735930737,52,2.2048076923076922,1.6826923076923077,0.30120192307692306,0.2403846153846154,41,2.5060975609756095,1.9180487804878048,0.3765243902439024,0.27400696864111496,20,3.9939999999999998,0.7484999999999999,1.0,44.6,0.446,20
37-2019.00,"Building Cleaning Workers, All Other",3.0,0.5,0,0.0,,0.0,,0.0,0.0,0,0.0,,0.0,,0.0,0.0,0,0,0,0,0.0,0.0,0.0,0.0,0,0.0,0.0,0.0,0.0,0,0.0,0.0,0.0,0.0,0,0.0,0.0,Unspecified,0.0,0.0,0
37-2021.00,Pest Control Workers,2.0,0.25,10,3.185,3.75,2.838,3.38,0.54625,0.4054285714285714,25,2.5888,3.5,2.2112,3.0,0.3972,0.31588571428571427,12,5,0,33,2.368181818181818,1.878787878787879,0.34204545454545454,0.2683982683982684,52,2.8484615384615384,2.596538461538462,0.4621153846153846,0.37093406593406597,41,3.1953658536585365,2.8821951219512196,0.5488414634146341,0.41174216027874566,14,3.6964285714285716,0.6741071428571429,2.0,85.3,0.853,20
37-3011.00,Landscaping and Groundskeeping Workers,2.0,0.25,10,1.989,2.62,1.401,2.12,0.24725000000000003,0.20014285714285715,25,1.7904,3.0,1.2448000000000001,2.88,0.1976,0.17782857142857145,6,5,0,33,1.7412121212121212,0.9781818181818183,0.1853030303030303,0.13974025974025975,52,2.293269230769231,2.023653846153846,0.3233173076923077,0.2890934065934066,41,1.8104878048780488,1.134390243902439,0.2026219512195122,0.16205574912891985,19,3.805263157894737,0.7013157894736842,1.0,58.5,0.585,20
37-3012.00,"Pesticide Handlers, Sprayers, and Applicators, Vegetation",2.0,0.25,10,2.501,2.88,2.35,3.0,0.37525,0.33571428571428574,25,2.1204,3.0,1.7556,2.88,0.2801,0.2508,10,5,0,33,2.6463636363636365,2.418181818181818,0.4115909090909091,0.3454545454545454,52,2.5225000000000004,2.2973076923076925,0.3806250000000001,0.3281868131868132,41,2.9258536585365853,2.502682926829268,0.4814634146341463,0.35752613240418113,12,3.8491666666666666,0.7122916666666667,2.0,82.55,0.8255,20
37-3013.00,Tree Trimmers and Pruners,2.0,0.25,10,2.587,3.25,2.275,3.0,0.39675000000000005,0.325,25,2.4604,3.75,2.024,3.12,0.3651,0.28914285714285715,4,4,0,33,1.9936363636363634,1.6369696969696967,0.24840909090909086,0.2338528138528138,52,2.928076923076923,2.7671153846153844,0.4820192307692307,0.3953021978021978,41,3.0060975609756095,3.05609756097561,0.5015243902439024,0.43658536585365854,24,3.813333333333333,0.7033333333333333,1.0,56.81,0.5681,20
37-3019.00,"Grounds Maintenance Workers, All Other",3.0,0.5,0,0.0,,0.0,,0.0,0.0,0,0.0,,0.0,,0.0,0.0,0,0,0,0,0.0,0.0,0.0,0.0,0,0.0,0.0,0.0,0.0,0,0.0,0.0,0.0,0.0,0,0.0,0.0,Unspecified,0.0,0.0,0
39-1013.00,First-Line Supervisors of Gambling Services Workers,2.0,0.25,10,3.162,3.88,3.0,3.88,0.5405,0.42857142857142855,25,2.5107999999999997,3.88,2.1348,3.5,0.3776999999999999,0.30497142857142856,8,7,2,33,2.4336363636363636,2.2448484848484846,0.3584090909090909,0.32069264069264064,52,2.6125,2.312115384615385,0.40312499999999996,0.33030219780219783,41,2.825853658536585,2.669268292682927,0.4564634146341463,0.3813240418118467,30,4.26,0.815,2.0,47.7,0.47700000000000004,20
39-1014.00,"First-Line Supervisors of Entertainment and Recreation Workers, Except Gambling Services",2.0,0.25,10,2.989,3.5,2.9370000000000003,3.75,0.49724999999999997,0.4195714285714286,25,2.3148,3.5,1.886,3.75,0.3287,0.2694285714285714,9,5,1,33,2.5733333333333333,2.5024242424242424,0.3933333333333333,0.35748917748917747,52,2.2988461538461538,1.9038461538461537,0.32471153846153844,0.27197802197802196,41,3.1880487804878053,3.245365853658537,0.5470121951219513,0.463623693379791,19,3.871578947368421,0.7178947368421053,2.0,38.74,0.3874,20
39-1022.00,First-Line Supervisors of Personal Service Workers,3.0,0.5,10,3.137,3.88,3.0740000000000003,3.88,0.53425,0.43914285714285717,25,2.4944,3.75,2.0604,3.88,0.37360000000000004,0.29434285714285713,9,5,0,33,2.528787878787879,2.4072727272727272,0.3821969696969697,0.34389610389610387,52,2.2809615384615385,1.8871153846153845,0.3202403846153846,0.26958791208791205,41,3.3312195121951214,3.4007317073170733,0.5828048780487803,0.48581881533101046,17,4.08,0.77,5.0,47.77,0.4777,20
39-2011.00,Animal Trainers,2.0,0.25,10,2.9259999999999997,3.5,2.875,3.88,0.48149999999999993,0.4107142857142857,25,2.2296,3.75,1.8092000000000001,3.12,0.3074,0.2584571428571429,17,13,0,33,2.1760606060606063,1.934242424242424,0.29401515151515156,0.2763203463203463,52,2.6848076923076927,2.556346153846154,0.42120192307692317,0.3651923076923077,41,3.113414634146342,3.357073170731707,0.5283536585365854,0.47958188153310105,15,4.217333333333333,0.8043333333333333,2.0,44.38,0.44380000000000003,20
39-2021.00,Animal Caretakers,2.0,0.25,10,2.538,3.12,2.339,3.0,0.38449999999999995,0.33414285714285713,25,1.974,3.0,1.3344,2.88,0.2435,0.19062857142857143,17,6,0,33,2.06,1.7818181818181817,0.265,0.2545454545454545,52,2.258846153846154,1.9249999999999998,0.31471153846153854,0.27499999999999997,41,2.988780487804878,2.7953658536585366,0.4971951219512195,0.39933797909407664,22,4.084090909090909,0.7710227272727272,2.0,63.55,0.6355,20
39-3011.00,Gambling Dealers,2.0,0.25,10,2.5759999999999996,3.38,2.3009999999999997,3.0,0.3939999999999999,0.3287142857142857,25,1.8036,3.12,1.1904,2.88,0.20090000000000002,0.17005714285714285,6,5,0,33,1.9021212121212123,1.331818181818182,0.22553030303030308,0.1902597402597403,52,2.324423076923077,1.8821153846153846,0.3311057692307693,0.2688736263736264,41,2.1860975609756097,1.7360975609756095,0.2965243902439024,0.24801393728222992,21,4.567142857142857,0.8917857142857142,2.0,69.02,0.6901999999999999,20
39-3012.00,Gambling and Sports Book Writers and Runners,2.0,0.25,10,2.737,3.5,2.5490000000000004,3.12,0.43425,0.3641428571428572,25,1.9107999999999998,3.0,1.3944,3.0,0.22769999999999996,0.19920000000000002,7,5,0,33,1.912121212121212,1.3466666666666667,0.22803030303030303,0.19238095238095237,52,2.264615384615385,1.8046153846153847,0.31615384615384623,0.2578021978021978,41,2.62,2.489268292682927,0.405,0.35560975609756096,17,4.065882352941177,0.7664705882352942,2.0,87.07,0.8706999999999999,20
39-3019.00,"Gambling Service Workers, All Other",3.0,0.5,0,0.0,,0.0,,0.0,0.0,0,0.0,,0.0,,0.0,0.0,0,0,0,0,0.0,0.0,0.0,0.0,0,0.0,0.0,0.0,0.0,0,0.0,0.0,0.0,0.0,0,0.0,0.0,Unspecified,0.0,0.0,0
39-3021.00,Motion Picture Projectionists,2.0,0.25,10,2.35,3.0,2.1879999999999997,3.0,0.3375,0.31257142857142856,25,2.2708,3.12,1.8336000000000001,3.0,0.3177,0.26194285714285714,11,8,0,33,1.9581818181818182,1.6124242424242425,0.23954545454545456,0.23034632034632035,52,2.401346153846154,2.128653846153846,0.35033653846153845,0.30409340659340656,41,2.558048780487805,2.1707317073170733,0.38951219512195123,0.31010452961672474,17,4.003529411764706,0.7508823529411766,2.0,61.11,0.6111,20
39-3031.00,"Ushers, Lobby Attendants, and Ticket Takers",2.0,0.25,10,2.362,3.12,1.862,3.0,0.3405,0.266,25,1.8248,3.0,1.1540000000000001,3.12,0.2062,0.16485714285714287,8,5,0,33,1.8639393939393938,1.1639393939393938,0.21598484848484845,0.16627705627705627,52,2.1101923076923077,1.5721153846153846,0.2775480769230769,0.2245879120879121,41,2.3553658536585362,1.4790243902439024,0.33884146341463406,0.21128919860627177,23,3.6621739130434783,0.6655434782608696,1.0,53.0,0.53,20
39-3091.00,Amusement and Recreation Attendants,2.0,0.25,10,2.4259999999999997,3.25,2.013,2.75,0.35649999999999993,0.28757142857142853,25,1.9647999999999999,3.12,1.4192000000000002,2.75,0.24119999999999997,0.20274285714285717,9,6,0,33,1.9290909090909092,1.376060606060606,0.2322727272727273,0.19658008658008658,52,2.2446153846153845,1.7736538461538462,0.3111538461538461,0.2533791208791209,41,2.823170731707317,2.3314634146341464,0.4557926829268293,0.33306620209059234,17,3.5011764705882356,0.6252941176470589,1.0,64.17,0.6417,20
39-3092.00,Costume Attendants,2.0,0.25,10,2.45,3.12,2.237,3.12,0.36250000000000004,0.31957142857142856,25,2.0547999999999997,3.12,1.54,3.12,0.26369999999999993,0.22,7,4,2,33,2.266969696969697,2.2190909090909092,0.31674242424242427,0.317012987012987,52,2.306923076923077,1.9228846153846153,0.32673076923076927,0.2746978021978022,41,2.9073170731707316,2.637560975609756,0.4768292682926829,0.37679442508710803,21,3.552380952380952,0.638095238095238,2.0,32.24,0.3224,20
39-3093.00,"Locker Room, Coatroom, and Dressing Room Attendants",2.0,0.25,10,2.277,3.38,1.813,2.88,0.31925000000000003,0.259,25,1.7092,3.62,0.98,2.88,0.1773,0.13999999999999999,9,4,0,33,2.1572727272727272,1.8099999999999998,0.2893181818181818,0.25857142857142856,52,1.910576923076923,1.298269230769231,0.22764423076923074,0.18546703296703299,41,2.944146341463415,2.8404878048780486,0.4860365853658537,0.40578397212543554,24,4.1345833333333335,0.7836458333333334,2.0,64.15,0.6415000000000001,20
39-3099.00,"Entertainment Attendants and Related Workers, All Other",3.0,0.5,0,0.0,,0.0,,0.0,0.0,0,0.0,,0.0,,0.0,0.0,0,0,0,0,0.0,0.0,0.0,0.0,0,0.0,0.0,0.0,0.0,0,0.0,0.0,0.0,0.0,0,0.0,0.0,Unspecified,0.0,0.0,0
39-4011.00,Embalmers,3.0,0.5,10,2.961,3.88,3.012,3.75,0.49024999999999996,0.43028571428571427,25,2.254,3.12,1.9888,3.88,0.3135,0.2841142857142857,10,3,0,33,2.4627272727272724,2.431515151515151,0.3656818181818181,0.3473593073593073,52,2.545961538461538,2.2780769230769233,0.38649038461538454,0.32543956043956046,41,3.238780487804878,3.450731707317073,0.5596951219512195,0.4929616724738676,26,4.3769230769230765,0.8442307692307691,5.0,86.37,0.8637,20
39-4012.00,Crematory Operators,2.0,0.25,0,0.0,,0.0,,0.0,0.0,0,0.0,,0.0,,0.0,0.0,5,3,0,0,0.0,0.0,0.0,0.0,0,0.0,0.0,0.0,0.0,0,0.0,0.0,0.0,0.0,12,0.0,0.0,Unspecified,0.0,0.0,20
39-4021.00,Funeral Attendants,2.0,0.25,10,2.374,3.12,2.136,3.12,0.3435,0.30514285714285716,25,1.9604,3.25,1.4043999999999999,3.25,0.24009999999999998,0.2006285714285714,5,3,1,33,2.2184848484848483,1.7787878787878788,0.30462121212121207,0.2541125541125541,52,2.1851923076923074,1.7801923076923079,0.29629807692307686,0.2543131868131868,41,2.808048780487805,2.508536585365854,0.45201219512195123,0.3583623693379791,24,4.211666666666667,0.8029166666666667,2.0,47.04,0.4704,20
39-4031.00,"Morticians, Undertakers, and Funeral Arrangers",3.0,0.5,10,3.0740000000000003,4.12,3.2769999999999997,4.0,0.5185000000000001,0.4681428571428571,25,2.5496,4.12,2.3752,4.38,0.38739999999999997,0.33931428571428573,16,7,5,33,2.563939393939394,2.4851515151515153,0.3909848484848485,0.35502164502164507,52,2.5471153846153842,2.435,0.38677884615384606,0.34785714285714286,41,3.5919512195121954,3.6034146341463416,0.6479878048780489,0.5147735191637631,22,4.278181818181818,0.8195454545454546,5.0,73.23,0.7323000000000001,20
39-5011.00,Barbers,3.0,0.5,10,2.461,3.25,2.137,3.0,0.36524999999999996,0.30528571428571427,25,2.0808,3.12,1.5152,3.0,0.2702,0.21645714285714288,11,7,0,33,2.456666666666667,2.4875757575757578,0.36416666666666675,0.3553679653679654,52,2.249615384615385,1.7809615384615385,0.3124038461538462,0.2544230769230769,41,3.1339024390243906,3.4221951219512197,0.5334756097560976,0.4888850174216028,20,4.0615000000000006,0.7653750000000001,2.0,45.45,0.4545,20
39-5012.00,"Hairdressers, Hairstylists, and Cosmetologists",3.0,0.5,10,3.002,3.88,2.738,3.5,0.5005,0.3911428571428571,25,2.2007999999999996,3.62,1.6796,3.25,0.3001999999999999,0.23994285714285715,10,6,0,33,2.1706060606060604,1.660909090909091,0.2926515151515151,0.23727272727272727,52,2.4692307692307693,2.1321153846153846,0.36730769230769234,0.3045879120879121,41,3.1090243902439023,3.1890243902439024,0.5272560975609756,0.45557491289198604,20,4.1765,0.794125,3.0,67.95,0.6795,20
39-5091.00,"Makeup Artists, Theatrical and Performance",3.0,0.5,10,2.961,3.75,2.75,3.38,0.49024999999999996,0.39285714285714285,25,2.2704,3.25,1.8644,3.0,0.3176,0.26634285714285716,20,6,0,33,2.3718181818181816,2.20969696969697,0.3429545454545454,0.3156709956709957,52,2.5628846153846156,2.2446153846153845,0.3907211538461539,0.32065934065934065,41,3.143170731707317,3.178048780487805,0.5357926829268292,0.454006968641115,22,4.29,0.8225,2.0,33.33,0.3333,20
39-5092.00,Manicurists and Pedicurists,2.0,0.25,10,2.374,3.0,1.937,2.75,0.3435,0.27671428571428575,25,1.87,3.0,1.2396,2.62,0.21750000000000003,0.1770857142857143,9,3,0,33,1.956060606060606,1.6939393939393939,0.2390151515151515,0.24199134199134198,52,1.9851923076923077,1.418076923076923,0.24629807692307693,0.20258241758241757,41,2.2597560975609756,1.7543902439024393,0.3149390243902439,0.2506271777003485,18,4.147777777777778,0.7869444444444444,2.0,49.16,0.4916,20
39-5093.00,Shampooers,2.0,0.25,10,2.337,3.25,1.874,2.62,0.33425000000000005,0.26771428571428574,25,1.7704,3.0,1.1092,2.75,0.1926,0.15845714285714285,5,1,0,33,1.8436363636363637,1.180909090909091,0.21090909090909093,0.1687012987012987,52,2.0721153846153846,1.5367307692307692,0.26802884615384615,0.21953296703296704,41,2.706829268292683,2.413170731707317,0.4267073170731708,0.34473867595818813,4,4.5600000000000005,0.8900000000000001,3.0,67.55,0.6755,20
39-5094.00,Skincare Specialists,3.0,0.5,10,2.875,3.75,2.573,3.25,0.46875,0.36757142857142855,25,2.16,3.62,1.6356,3.5,0.29000000000000004,0.23365714285714284,6,4,0,33,2.352121212121212,2.0484848484848484,0.338030303030303,0.29264069264069265,52,2.32,1.834230769230769,0.32999999999999996,0.262032967032967,41,3.465365853658537,3.0629268292682927,0.6163414634146342,0.4375609756097561,18,4.372777777777778,0.8431944444444446,2.0,39.15,0.39149999999999996,20
39-6011.00,Baggage Porters and Bellhops,2.0,0.25,10,2.625,3.62,2.148,3.12,0.40625,0.3068571428571429,25,2.1304,3.75,1.6088,3.0,0.28259999999999996,0.22982857142857144,5,4,0,33,2.170909090909091,1.707272727272727,0.2927272727272727,0.24389610389610386,52,2.565,2.246730769230769,0.39125,0.32096153846153846,41,3.285609756097561,3.4334146341463416,0.5714024390243903,0.4904878048780488,17,4.128823529411765,0.7822058823529412,1.0,41.75,0.4175,20
39-6012.00,Concierges,2.0,0.25,10,2.763,4.0,2.638,3.88,0.44075,0.37685714285714284,25,2.0303999999999998,4.0,1.4716,4.0,0.25759999999999994,0.21022857142857143,13,6,3,33,2.3027272727272727,2.0112121212121212,0.3256818181818182,0.2873160173160173,52,2.081923076923077,1.5532692307692306,0.27048076923076925,0.22189560439560438,41,3.17390243902439,3.2795121951219515,0.5434756097560975,0.4685017421602788,18,3.851111111111111,0.7127777777777777,2.0,45.45,0.4545,20
39-7011.00,Tour Guides and Escorts,3.0,0.5,10,2.5759999999999996,3.88,2.386,3.25,0.3939999999999999,0.34085714285714286,25,1.824,3.25,1.1344,3.0,0.20600000000000002,0.16205714285714287,21,10,0,33,2.236666666666667,1.8212121212121213,0.3091666666666667,0.26017316017316017,52,2.063076923076923,1.5215384615384617,0.26576923076923076,0.2173626373626374,41,2.5475609756097564,2.324878048780488,0.3868902439024391,0.33212543554006974,19,3.9489473684210528,0.7372368421052632,5.0,30.96,0.3096,20
39-7012.00,Travel Guides,2.0,0.25,10,2.974,4.0,2.962,4.0,0.49350000000000005,0.42314285714285715,25,2.4988,4.12,2.1096,3.88,0.37470000000000003,0.30137142857142857,15,9,2,33,2.074242424242424,1.7775757575757574,0.26856060606060606,0.2539393939393939,52,2.4511538461538462,2.180192307692308,0.36278846153846156,0.311456043956044,41,3.2021951219512195,3.4470731707317075,0.5505487804878049,0.49243902439024395,17,4.219411764705883,0.8048529411764707,2.0,45.84,0.45840000000000003,20
39-9011.00,Childcare Workers,2.0,0.25,10,2.81,3.5,2.612,3.12,0.4525,0.37314285714285716,25,2.046,3.38,1.5552000000000001,3.25,0.26149999999999995,0.2221714285714286,10,2,0,33,2.06969696969697,1.396060606060606,0.26742424242424245,0.19943722943722944,52,2.316346153846154,2.0098076923076924,0.32908653846153846,0.2871153846153846,41,2.7851219512195122,2.292439024390244,0.44628048780487806,0.32749128919860626,24,4.14375,0.7859375,2.0,38.54,0.38539999999999996,20
39-9011.01,Nannies,2.0,0.25,10,3.0620000000000003,3.88,2.599,3.5,0.5155000000000001,0.37128571428571433,25,2.3464,3.88,1.7644,3.75,0.3366,0.25205714285714287,5,2,0,33,2.189090909090909,1.893939393939394,0.29727272727272724,0.27056277056277056,52,2.636346153846154,2.3775,0.40908653846153853,0.33964285714285714,41,2.8473170731707316,2.499512195121951,0.4618292682926829,0.3570731707317073,19,4.379473684210526,0.8448684210526316,2.0,60.0,0.6,20
39-9031.00,Exercise Trainers and Group Fitness Instructors,3.0,0.5,10,2.811,3.62,2.6990000000000003,3.62,0.45275,0.3855714285714286,25,2.1496,4.0,1.7107999999999999,3.75,0.2874,0.24439999999999998,22,6,0,33,2.20030303030303,1.9403030303030304,0.30007575757575755,0.2771861471861472,52,2.5271153846153847,2.3178846153846155,0.38177884615384616,0.33112637362637365,41,3.047073170731707,3.137804878048781,0.5117682926829268,0.4482578397212544,20,3.925,0.73125,3.0,38.1,0.381,20
39-9032.00,Recreation Workers,4.0,0.75,10,3.122,4.0,3.023,4.0,0.5305,0.4318571428571429,25,2.4652000000000003,4.0,2.086,4.0,0.36630000000000007,0.298,15,6,1,33,2.3842424242424243,2.2624242424242422,0.34606060606060607,0.32320346320346316,52,2.4023076923076925,2.0521153846153846,0.3505769230769231,0.29315934065934063,41,3.6090243902439023,3.6792682926829268,0.6522560975609756,0.525609756097561,24,3.9479166666666665,0.7369791666666666,6.0,61.96,0.6196,20
39-9041.00,Residential Advisors,3.0,0.5,10,3.025,3.88,3.002,4.0,0.50625,0.4288571428571428,25,2.4248,4.0,1.9752,3.5,0.35619999999999996,0.2821714285714286,11,6,1,33,2.6336363636363633,2.3869696969696967,0.40840909090909083,0.34099567099567096,52,2.3132692307692304,1.8723076923076922,0.3283173076923076,0.2674725274725275,41,3.350975609756097,3.3292682926829267,0.5877439024390243,0.47560975609756095,30,3.826,0.7065,4.0,50.25,0.5025,20
39-9099.00,"Personal Care and Service Workers, All Other",3.0,0.5,0,0.0,,0.0,,0.0,0.0,0,0.0,,0.0,,0.0,0.0,0,0,0,0,0.0,0.0,0.0,0.0,0,0.0,0.0,0.0,0.0,0,0.0,0.0,0.0,0.0,0,0.0,0.0,Unspecified,0.0,0.0,0
41-1011.00,First-Line Supervisors of Retail Sales Workers,2.0,0.25,10,3.038,3.88,3.2640000000000002,3.88,0.5095,0.4662857142857143,25,2.4448,3.75,2.2344,3.75,0.36119999999999997,0.3192,107,32,1,33,2.3160606060606064,1.9584848484848483,0.3290151515151516,0.27978354978354975,52,2.375384615384615,2.1903846153846156,0.3438461538461538,0.31291208791208797,41,3.0948780487804877,3.236829268292683,0.5237195121951219,0.46240418118466897,21,4.189047619047619,0.7972619047619047,2.0,51.67,0.5167,20
41-1012.00,First-Line Supervisors of Non-Retail Sales Workers,4.0,0.75,10,3.3609999999999998,4.0,3.4490000000000003,4.25,0.5902499999999999,0.49271428571428577,25,2.5848,4.0,2.3244,4.0,0.3962,0.33205714285714283,29,10,5,33,2.1406060606060606,1.8975757575757575,0.28515151515151516,0.2710822510822511,52,2.208846153846154,1.764230769230769,0.3022115384615385,0.252032967032967,41,3.423658536585366,3.7443902439024392,0.6059146341463415,0.5349128919860627,18,3.869444444444444,0.717361111111111,6.0,44.97,0.4497,20
41-2011.00,Cashiers,2.0,0.25,10,2.411,3.0,2.149,2.88,0.35275,0.307,25,1.806,3.12,1.1852,2.88,0.2015,0.16931428571428572,12,6,0,33,1.9993939393939395,1.529090909090909,0.24984848484848488,0.21844155844155844,52,2.1846153846153844,1.7955769230769232,0.2961538461538461,0.256510989010989,41,2.414878048780488,1.8531707317073172,0.353719512195122,0.2647386759581882,28,4.351071428571428,0.8377678571428571,2.0,44.32,0.4432,20
41-2012.00,Gambling Change Persons and Booth Cashiers,2.0,0.25,10,2.5509999999999997,3.12,2.349,3.0,0.38774999999999993,0.3355714285714286,25,2.1344,3.0,1.5688,2.88,0.28359999999999996,0.2241142857142857,2,2,1,33,1.7857575757575757,1.1436363636363638,0.1964393939393939,0.1633766233766234,52,2.3790384615384617,1.9728846153846153,0.3447596153846154,0.2818406593406593,41,3.1146341463414635,2.9078048780487804,0.5286585365853659,0.41540069686411146,13,4.5976923076923075,0.8994230769230769,2.0,96.45,0.9645,20
41-2021.00,Counter and Rental Clerks,2.0,0.25,10,2.762,3.75,2.45,3.12,0.4405,0.35000000000000003,25,2.1748,3.38,1.746,3.25,0.29369999999999996,0.24942857142857142,8,6,3,33,2.1284848484848484,1.6787878787878787,0.2821212121212121,0.2398268398268398,52,2.3796153846153847,2.040192307692308,0.34490384615384617,0.29145604395604396,41,3.0970731707317074,2.7321951219512193,0.5242682926829269,0.3903135888501742,16,4.175625,0.79390625,2.0,55.86,0.5586,20
41-2022.00,Parts Salespersons,2.0,0.25,10,3.0,4.0,2.712,3.88,0.5,0.38742857142857146,25,2.3104,3.75,1.96,3.25,0.3276,0.27999999999999997,13,7,5,33,2.457878787878788,2.2909090909090906,0.364469696969697,0.3272727272727272,52,2.576923076923077,2.274423076923077,0.3942307692307693,0.3249175824175824,41,3.4007317073170733,3.9248780487804873,0.6001829268292683,0.5606968641114982,19,4.196315789473684,0.799078947368421,2.0,46.85,0.4685,20
41-2031.00,Retail Salespersons,2.0,0.25,10,2.886,3.75,2.636,3.75,0.47150000000000003,0.3765714285714286,25,2.2407999999999997,3.88,1.7504,4.0,0.3101999999999999,0.25005714285714287,80,25,0,33,2.1978787878787878,1.7648484848484849,0.29946969696969694,0.25212121212121213,52,2.253076923076923,1.8915384615384616,0.31326923076923074,0.2702197802197802,41,2.932926829268293,2.5334146341463417,0.4832317073170732,0.36191637630662027,24,4.190833333333333,0.7977083333333332,2.0,63.45,0.6345000000000001,20
41-3011.00,Advertising Sales Agents,3.0,0.5,10,3.099,4.12,3.213,4.0,0.52475,0.459,25,2.2892,4.12,1.9752,4.25,0.32230000000000003,0.2821714285714286,23,15,10,33,2.236666666666667,1.9375757575757575,0.3091666666666667,0.27679653679653676,52,2.1601923076923075,1.7475,0.2900480769230769,0.24964285714285714,41,3.2170731707317075,3.7278048780487807,0.5542682926829269,0.5325435540069686,20,4.1025,0.775625,2.0,39.49,0.39490000000000003,20
41-3021.00,Insurance Sales Agents,4.0,0.75,10,3.1879999999999997,4.0,3.175,4.0,0.5469999999999999,0.45357142857142857,25,2.1296,3.62,1.7052,3.88,0.2824,0.2436,64,9,2,33,2.2457575757575756,1.75,0.3114393939393939,0.25,52,2.0719230769230768,1.5769230769230769,0.2679807692307692,0.22527472527472528,41,2.760975609756098,2.7424390243902437,0.44024390243902445,0.39177700348432054,19,3.9499999999999997,0.7374999999999999,6.0,39.47,0.3947,20
41-3031.00,"Securities, Commodities, and Financial Services Sales Agents",4.0,0.75,10,3.1990000000000003,3.75,3.2640000000000002,3.88,0.5497500000000001,0.4662857142857143,25,2.334,3.62,2.0144,3.62,0.3335,0.2877714285714286,69,19,2,33,2.2657575757575756,2.0303030303030303,0.3164393939393939,0.29004329004329005,52,2.129230769230769,1.7603846153846154,0.28230769230769226,0.25148351648351647,41,2.9648780487804878,3.0497560975609757,0.49121951219512194,0.4356794425087108,30,4.191923076923077,0.7979807692307692,6.0,55.3,0.5529999999999999,20
41-3041.00,Travel Agents,3.0,0.5,10,3.1109999999999998,4.12,2.862,4.0,0.5277499999999999,0.40885714285714286,25,2.204,4.12,1.6447999999999998,4.0,0.30100000000000005,0.23497142857142855,30,9,5,33,2.106969696969697,1.867878787878788,0.27674242424242423,0.2668398268398268,52,2.160576923076923,1.6013461538461538,0.2901442307692308,0.22876373626373625,41,2.9153658536585367,2.881707317073171,0.4788414634146342,0.4116724738675958,8,4.445,0.8612500000000001,5.0,37.25,0.3725,20
41-3091.00,"Sales Representatives of Services, Except Advertising, Insurance, Financial Services, and Travel",2.0,0.25,10,3.064,3.88,2.836,3.75,0.516,0.40514285714285714,25,2.126,3.38,1.6747999999999998,3.62,0.2815,0.23925714285714283,13,10,3,33,2.086060606060606,1.9824242424242424,0.2715151515151515,0.2832034632034632,52,2.100576923076923,1.6609615384615386,0.2751442307692308,0.2372802197802198,41,3.1453658536585367,3.6582926829268296,0.5363414634146342,0.5226132404181185,15,4.048666666666667,0.7621666666666667,6.0,71.63,0.7162999999999999,20
41-4011.00,"Sales Representatives, Wholesale and Manufacturing, Technical and Scientific Products",4.0,0.75,10,3.2630000000000003,4.25,3.2980000000000005,4.12,0.5657500000000001,0.4711428571428572,25,2.4896000000000003,4.25,2.164,4.0,0.37240000000000006,0.30914285714285716,63,25,4,33,2.2503030303030305,2.060909090909091,0.3125757575757576,0.2944155844155844,52,2.1732692307692307,1.7950000000000002,0.2933173076923077,0.25642857142857145,41,2.4321951219512195,2.433170731707317,0.35804878048780486,0.347595818815331,33,3.758787878787879,0.6896969696969697,6.0,39.48,0.3948,20
41-4011.07,Solar Sales Representatives and Assessors,3.0,0.5,10,3.0740000000000003,4.0,3.036,4.0,0.5185000000000001,0.4337142857142857,25,2.2843999999999998,3.62,1.97,3.88,0.32109999999999994,0.2814285714285714,17,12,1,33,2.3354545454545454,2.263333333333333,0.33386363636363636,0.3233333333333333,52,2.1607692307692306,1.7159615384615385,0.29019230769230764,0.24513736263736266,41,3.189756097560976,3.200243902439025,0.547439024390244,0.45717770034843214,13,4.323846153846154,0.8309615384615385,5.0,44.93,0.4493,20
41-4012.00,"Sales Representatives, Wholesale and Manufacturing, Except Technical and Scientific Products",4.0,0.75,10,2.987,4.0,2.962,4.0,0.49675,0.42314285714285715,25,2.1644,3.75,1.6796,4.0,0.2911,0.23994285714285715,138,44,5,33,2.12030303030303,1.7524242424242424,0.28007575757575753,0.2503463203463204,52,2.2375,1.8840384615384616,0.30937499999999996,0.26914835164835166,41,3.1646341463414633,2.817560975609756,0.5411585365853658,0.4025087108013937,18,4.122222222222223,0.7805555555555557,2.0,47.98,0.47979999999999995,20
41-9011.00,Demonstrators and Product Promoters,2.0,0.25,10,2.876,3.88,2.75,3.88,0.469,0.39285714285714285,25,2.1396,3.5,1.7856,3.88,0.28490000000000004,0.2550857142857143,12,8,0,33,1.9845454545454544,1.5887878787878789,0.2461363636363636,0.226969696969697,52,2.3432692307692307,2.024423076923077,0.33581730769230766,0.2892032967032967,41,2.888780487804878,2.408048780487805,0.4721951219512195,0.344006968641115,21,4.055238095238095,0.7638095238095237,2.0,64.35,0.6435,20
41-9012.00,Models,2.0,0.25,10,1.975,2.75,1.436,2.62,0.24375000000000002,0.20514285714285713,25,1.5,2.88,0.7348,2.62,0.125,0.10497142857142858,13,7,0,33,1.4345454545454546,0.6778787878787879,0.10863636363636364,0.09683982683982684,52,1.9061538461538463,1.3882692307692308,0.22653846153846158,0.19832417582417583,41,1.8934146341463414,1.3426829268292682,0.22335365853658534,0.19181184668989545,10,3.6149999999999998,0.6537499999999999,2.0,76.3,0.763,20
41-9021.00,Real Estate Brokers,4.0,0.75,10,3.2380000000000004,4.0,3.224,4.0,0.5595000000000001,0.4605714285714286,25,2.1892,4.12,1.7296,4.0,0.2973,0.2470857142857143,33,12,2,33,2.3503030303030306,2.411212121212121,0.33757575757575764,0.34445887445887446,52,2.081730769230769,1.5898076923076923,0.2704326923076923,0.2271153846153846,41,3.2909756097560976,3.5990243902439025,0.5727439024390244,0.5141463414634146,19,3.8942105263157893,0.7235526315789473,6.0,25.6,0.256,20
41-9022.00,Real Estate Sales Agents,2.0,0.25,10,3.1,4.0,3.087,4.0,0.525,0.441,25,2.4196,3.88,2.1092,4.0,0.3549,0.3013142857142857,95,14,5,33,2.3475757575757576,2.256666666666667,0.3368939393939394,0.3223809523809524,52,2.338653846153846,1.918076923076923,0.3346634615384615,0.274010989010989,41,3.2265853658536585,3.486829268292683,0.5566463414634146,0.4981184668989547,33,3.992424242424242,0.7481060606060606,2.0,52.17,0.5217,20
41-9031.00,Sales Engineers,4.0,0.75,10,3.4619999999999997,4.12,3.787,4.88,0.6154999999999999,0.541,25,2.7060000000000004,4.12,2.556,4.25,0.4265000000000001,0.36514285714285716,95,48,7,33,2.3518181818181816,2.373333333333333,0.3379545454545454,0.339047619047619,52,2.3221153846153846,2.0288461538461537,0.33052884615384615,0.2898351648351648,41,2.975121951219512,3.2409756097560973,0.49378048780487804,0.4629965156794425,25,3.8244,0.7061,6.0,57.33,0.5733,20
41-9041.00,Telemarketers,2.0,0.25,10,2.5,4.12,2.149,3.88,0.375,0.307,25,1.8248,4.12,1.074,3.62,0.2062,0.15342857142857144,13,7,0,33,2.060909090909091,1.5493939393939395,0.26522727272727276,0.22134199134199137,52,1.823653846153846,1.1719230769230768,0.20591346153846152,0.1674175824175824,41,3.0226829268292685,3.1556097560975607,0.5056707317073171,0.450801393728223,12,4.3275,0.8318749999999999,2.0,39.46,0.3946,20
41-9091.00,"Door-to-Door Sales Workers, News and Street Vendors, and Related Workers",2.0,0.25,10,2.664,4.0,2.374,3.38,0.41600000000000004,0.33914285714285713,25,2.0796,4.0,1.5096,4.0,0.26990000000000003,0.21565714285714285,5,3,0,33,1.8987878787878787,1.4318181818181819,0.22469696969696967,0.20454545454545456,52,1.8917307692307692,1.2884615384615385,0.2229326923076923,0.18406593406593408,41,2.788048780487805,2.3843902439024394,0.44701219512195123,0.3406271777003485,12,3.9958333333333336,0.7489583333333334,1.0,56.52,0.5652,20
41-9099.00,"Sales and Related Workers, All Other",3.0,0.5,0,0.0,,0.0,,0.0,0.0,0,0.0,,0.0,,0.0,0.0,0,0,0,0,0.0,0.0,0.0,0.0,0,0.0,0.0,0.0,0.0,0,0.0,0.0,0.0,0.0,0,0.0,0.0,Unspecified,0.0,0.0,0
43-1011.00,First-Line Supervisors of Office and Administrative Support Workers,3.0,0.5,10,3.475,4.0,3.351,4.0,0.61875,0.4787142857142857,25,2.6648,4.0,2.2992000000000004,3.88,0.4162,0.3284571428571429,88,27,4,33,2.1454545454545455,1.8303030303030303,0.2863636363636364,0.26147186147186147,52,2.295769230769231,1.7863461538461538,0.3239423076923077,0.25519230769230766,41,3.3965853658536584,3.5056097560975608,0.5991463414634146,0.500801393728223,28,3.7764285714285712,0.6941071428571428,6.0,45.22,0.4522,20
43-2011.00,"Switchboard Operators, Including Answering Service",2.0,0.25,10,2.664,4.0,2.177,3.0,0.41600000000000004,0.311,25,1.85,3.5,1.1752,3.0,0.21250000000000002,0.16788571428571428,10,8,2,33,1.940909090909091,1.4269696969696968,0.23522727272727273,0.2038528138528138,52,2.0673076923076925,1.4953846153846155,0.26682692307692313,0.21362637362637366,41,2.408292682926829,1.7846341463414634,0.3520731707317073,0.25494773519163766,19,4.269473684210527,0.8173684210526317,2.0,88.55,0.8855,20
43-2021.00,Telephone Operators,2.0,0.25,10,2.613,4.0,2.214,3.62,0.40325,0.3162857142857143,25,1.7552,3.5,1.0904,3.12,0.18880000000000002,0.1557714285714286,9,6,1,33,1.8875757575757575,1.354848484848485,0.22189393939393937,0.19354978354978356,52,2.0121153846153845,1.458653846153846,0.25302884615384613,0.20837912087912086,41,2.803658536585366,2.3997560975609757,0.4509146341463415,0.34282229965156796,14,4.097857142857142,0.7744642857142856,2.0,97.83,0.9783,20
43-2099.00,"Communications Equipment Operators, All Other",3.0,0.5,0,0.0,,0.0,,0.0,0.0,0,0.0,,0.0,,0.0,0.0,0,0,0,0,0.0,0.0,0.0,0.0,0,0.0,0.0,0.0,0.0,0,0.0,0.0,0.0,0.0,0,0.0,0.0,Unspecified,0.0,0.0,0
43-3011.00,Bill and Account Collectors,2.0,0.25,10,2.887,3.88,2.785,3.62,0.47175,0.39785714285714285,25,1.9808,3.38,1.476,3.62,0.24519999999999997,0.21085714285714285,40,8,5,33,1.9072727272727272,1.4912121212121212,0.2268181818181818,0.21303030303030304,52,1.9973076923076922,1.5499999999999998,0.24932692307692306,0.2214285714285714,41,2.6860975609756097,2.0726829268292684,0.4215243902439024,0.29609756097560974,15,4.1546666666666665,0.7886666666666666,2.0,48.15,0.4815,20
43-3021.00,Billing and Posting Clerks,2.0,0.25,10,2.761,3.75,2.575,3.12,0.44025000000000003,0.3678571428571429,25,1.844,2.88,1.2992000000000001,2.75,0.21100000000000002,0.18560000000000001,54,12,4,33,2.236666666666667,1.8915151515151516,0.3091666666666667,0.27021645021645024,52,1.9567307692307692,1.4519230769230769,0.2391826923076923,0.2074175824175824,41,2.3582926829268294,2.164878048780488,0.33957317073170734,0.3092682926829268,26,3.6303846153846155,0.6575961538461539,6.0,33.1,0.331,20
43-3031.00,"Bookkeeping, Accounting, and Auditing Clerks",3.0,0.5,10,2.8240000000000003,3.38,2.837,3.75,0.45600000000000007,0.4052857142857143,25,1.8644,3.0,1.3652000000000002,2.88,0.21610000000000001,0.19502857142857147,118,19,5,33,1.8903030303030304,1.3536363636363637,0.2225757575757576,0.1933766233766234,52,2.0913461538461537,1.651923076923077,0.27283653846153844,0.235989010989011,41,2.708048780487805,2.5746341463414635,0.4270121951219512,0.3678048780487805,28,4.2942857142857145,0.8235714285714286,2.0,40.89,0.4089,20
43-3041.00,Gambling Cage Workers,2.0,0.25,10,2.776,3.5,2.5620000000000003,3.25,0.44399999999999995,0.36600000000000005,25,2.006,3.0,1.4404,3.0,0.25149999999999995,0.20577142857142855,6,5,0,33,1.8075757575757576,1.1493939393939394,0.2018939393939394,0.1641991341991342,52,2.2757692307692308,1.8167307692307693,0.3189423076923077,0.259532967032967,41,2.8843902439024394,2.749512195121951,0.47109756097560984,0.39278745644599306,17,4.635882352941176,0.9089705882352941,2.0,84.85,0.8484999999999999,20
43-3051.00,Payroll and Timekeeping Clerks,3.0,0.5,10,2.9240000000000004,3.88,2.811,3.75,0.4810000000000001,0.4015714285714286,25,1.8407999999999998,3.0,1.3056,3.0,0.21019999999999994,0.18651428571428572,64,11,8,33,1.9715151515151517,1.6372727272727272,0.24287878787878792,0.23389610389610388,52,2.0601923076923074,1.5357692307692308,0.26504807692307686,0.2193956043956044,41,2.680487804878049,2.5192682926829266,0.42012195121951224,0.35989547038327524,21,4.3376190476190475,0.8344047619047619,6.0,31.84,0.3184,20
43-3061.00,Procurement Clerks,2.0,0.25,10,3.25,4.0,3.026,4.0,0.5625,0.4322857142857143,25,2.1504,3.62,1.6647999999999998,3.5,0.28759999999999997,0.23782857142857142,21,12,6,33,2.3645454545454547,2.1975757575757573,0.3411363636363637,0.3139393939393939,52,2.105769230769231,1.4469230769230768,0.2764423076923077,0.20670329670329668,41,2.948536585365854,2.7726829268292685,0.48713414634146346,0.3960975609756098,19,4.123684210526316,0.7809210526315791,2.0,48.23,0.48229999999999995,20
43-3071.00,Tellers,2.0,0.25,10,2.8240000000000003,3.5,2.749,3.62,0.45600000000000007,0.39271428571428574,25,2.0456,3.12,1.5959999999999999,3.0,0.26139999999999997,0.22799999999999998,16,6,1,33,1.930909090909091,1.4184848484848485,0.23272727272727273,0.20264069264069265,52,2.3771153846153847,1.9228846153846153,0.3442788461538462,0.2746978021978022,41,3.1853658536585363,3.144878048780488,0.5463414634146341,0.44926829268292684,28,4.275714285714286,0.8189285714285715,2.0,72.95,0.7295,20
43-3099.00,"Financial Clerks, All Other",3.0,0.5,0,0.0,,0.0,,0.0,0.0,0,0.0,,0.0,,0.0,0.0,0,0,0,0,0.0,0.0,0.0,0.0,0,0.0,0.0,0.0,0.0,0,0.0,0.0,0.0,0.0,0,0.0,0.0,Unspecified,0.0,0.0,0
43-4011.00,Brokerage Clerks,3.0,0.5,10,3.075,3.88,3.0620000000000003,3.88,0.51875,0.43742857142857144,25,2.0756,3.5,1.4892,3.12,0.26890000000000003,0.21274285714285715,27,15,5,33,1.9472727272727275,1.541818181818182,0.23681818181818187,0.2202597402597403,52,2.1576923076923076,1.713846153846154,0.2894230769230769,0.24483516483516485,41,2.4704878048780485,2.1578048780487804,0.36762195121951213,0.30825783972125437,10,3.9850000000000003,0.7462500000000001,6.0,38.23,0.3823,20
43-4021.00,Correspondence Clerks,2.0,0.25,10,3.0629999999999997,4.0,2.988,4.12,0.5157499999999999,0.4268571428571429,25,1.92,3.25,1.3707999999999998,3.0,0.22999999999999998,0.1958285714285714,15,10,5,33,2.062727272727273,1.632121212121212,0.26568181818181824,0.23316017316017315,52,2.037692307692308,1.4921153846153847,0.259423076923077,0.21315934065934067,41,2.7760975609756096,2.5719512195121954,0.4440243902439024,0.3674216027874565,17,3.725882352941176,0.681470588235294,2.0,42.91,0.4291,20
43-4031.00,"Court, Municipal, and License Clerks",2.0,0.25,10,2.837,3.88,2.827,3.88,0.45925000000000005,0.40385714285714286,25,1.9192000000000002,3.0,1.3944,3.0,0.22980000000000006,0.19920000000000002,19,8,4,33,2.0942424242424242,1.9,0.27356060606060606,0.2714285714285714,52,2.088461538461538,1.5450000000000002,0.27211538461538454,0.22071428571428572,41,2.892926829268293,2.7087804878048782,0.4732317073170732,0.3869686411149826,29,4.257586206896551,0.8143965517241378,2.0,50.42,0.5042,20
43-4041.00,"Credit Authorizers, Checkers, and Clerks",2.0,0.25,10,2.897,3.62,2.761,3.62,0.47424999999999995,0.39442857142857146,25,1.9387999999999999,3.12,1.3903999999999999,3.25,0.23469999999999996,0.1986285714285714,17,10,5,33,2.044242424242424,1.7133333333333334,0.261060606060606,0.24476190476190476,52,1.979423076923077,1.4469230769230768,0.24485576923076924,0.20670329670329668,41,2.9212195121951217,2.488780487804878,0.4803048780487804,0.35554006968641116,16,3.9545454545454546,0.7386363636363636,Unspecified,0.0,0.0,20
43-4051.00,Customer Service Representatives,2.0,0.25,10,2.9259999999999997,4.0,2.838,4.0,0.48149999999999993,0.4054285714285714,25,2.0504,4.0,1.524,3.62,0.26259999999999994,0.21771428571428572,112,26,3,33,2.160909090909091,1.6224242424242423,0.2902272727272728,0.23177489177489177,52,2.154230769230769,1.6051923076923076,0.28855769230769224,0.2293131868131868,41,3.2373170731707313,2.968780487804878,0.5593292682926828,0.4241114982578397,13,4.053846153846154,0.7634615384615384,2.0,54.76,0.5476,20
43-4061.00,"Eligibility Interviewers, Government Programs",3.0,0.5,10,3.162,4.25,3.099,4.25,0.5405,0.4427142857142857,25,1.944,3.75,1.4207999999999998,3.88,0.236,0.20297142857142855,18,7,4,33,2.284242424242424,1.8703030303030304,0.32106060606060605,0.2671861471861472,52,2.079423076923077,1.6296153846153845,0.26985576923076926,0.23280219780219777,41,2.8802439024390245,2.7358536585365854,0.4700609756097561,0.39083623693379793,17,4.205294117647059,0.8013235294117647,2.0,25.6,0.256,20
43-4071.00,File Clerks,2.0,0.25,10,2.8,3.88,2.487,3.25,0.44999999999999996,0.3552857142857143,25,2.0204,3.12,1.386,2.88,0.2551,0.19799999999999998,14,10,4,33,2.336969696969697,1.944848484848485,0.33424242424242423,0.2778354978354979,52,2.3507692307692305,1.833846153846154,0.3376923076923076,0.261978021978022,41,3.329512195121951,3.2312195121951217,0.5823780487804877,0.46160278745644595,19,3.966315789473684,0.741578947368421,5.0,38.41,0.38409999999999994,20
43-4081.00,"Hotel, Motel, and Resort Desk Clerks",2.0,0.25,10,2.788,3.75,2.612,3.5,0.44699999999999995,0.37314285714285716,25,2.1552000000000002,3.75,1.6607999999999998,3.62,0.28880000000000006,0.23725714285714283,16,7,2,33,2.3287878787878786,1.9412121212121214,0.33219696969696966,0.27731601731601735,52,2.135,1.7548076923076923,0.28374999999999995,0.2506868131868132,41,3.0797560975609755,2.8341463414634145,0.5199390243902439,0.4048780487804878,20,4.252000000000001,0.8130000000000002,2.0,75.03,0.7503,20
43-4111.00,"Interviewers, Except Eligibility and Loan",3.0,0.5,10,2.989,4.0,2.9370000000000003,4.0,0.49724999999999997,0.4195714285714286,25,2.0752,3.38,1.6496000000000002,3.25,0.26880000000000004,0.23565714285714287,25,9,2,33,2.0560606060606057,1.7696969696969695,0.2640151515151514,0.25281385281385277,52,2.06,1.5907692307692307,0.265,0.22725274725274724,41,3.4529268292682924,3.687317073170732,0.6132317073170731,0.5267595818815332,16,4.06125,0.7653125000000001,2.0,42.42,0.4242,20
43-4121.00,"Library Assistants, Clerical",2.0,0.25,10,2.625,3.25,2.4240000000000004,3.25,0.40625,0.34628571428571436,25,1.9707999999999999,3.38,1.3944,3.0,0.24269999999999997,0.19920000000000002,20,10,2,33,2.046060606060606,1.6757575757575758,0.2615151515151515,0.2393939393939394,52,2.208269230769231,1.816153846153846,0.3020673076923077,0.2594505494505494,41,2.8536585365853657,2.6478048780487806,0.46341463414634143,0.3782578397212544,32,3.8578125,0.714453125,2.0,49.83,0.49829999999999997,20
43-4131.00,Loan Interviewers and Clerks,3.0,0.5,10,3.261,4.12,3.25,4.0,0.56525,0.4642857142857143,25,2.1756,3.5,1.7884,3.75,0.29390000000000005,0.25548571428571426,18,7,5,33,1.9757575757575758,1.5203030303030303,0.24393939393939396,0.21718614718614718,52,2.2059615384615388,1.731153846153846,0.3014903846153847,0.24730769230769228,41,3.3197560975609752,3.917317073170732,0.5799390243902438,0.559616724738676,18,4.2444444444444445,0.8111111111111111,2.0,42.85,0.4285,20
43-4141.00,New Accounts Clerks,3.0,0.5,10,2.987,4.0,2.874,4.0,0.49675,0.4105714285714286,25,1.9552,3.38,1.3452000000000002,3.38,0.2388,0.1921714285714286,17,5,2,33,2.1075757575757574,1.595757575757576,0.27689393939393936,0.22796536796536798,52,2.0934615384615385,1.5336538461538463,0.2733653846153846,0.21909340659340662,41,2.808048780487805,2.332682926829268,0.45201219512195123,0.3332404181184669,15,4.082666666666666,0.7706666666666666,2.0,45.6,0.456,20
43-4151.00,Order Clerks,2.0,0.25,10,3.012,4.0,2.7990000000000004,3.62,0.503,0.3998571428571429,25,2.0648,3.5,1.5648,3.25,0.2662,0.22354285714285713,23,12,3,33,2.3848484848484848,2.187878787878788,0.3462121212121212,0.3125541125541126,52,2.2015384615384614,1.6753846153846155,0.30038461538461536,0.23934065934065935,41,3.3409756097560974,3.0351219512195122,0.5852439024390244,0.43358885017421606,19,4.126315789473685,0.7815789473684212,2.0,63.04,0.6304,20
43-4161.00,"Human Resources Assistants, Except Payroll and Timekeeping",3.0,0.5,10,3.0629999999999997,4.0,3.061,4.0,0.5157499999999999,0.4372857142857143,25,2.0396,3.38,1.56,3.38,0.2599,0.22285714285714286,38,11,7,33,1.8803030303030304,1.5490909090909093,0.2200757575757576,0.22129870129870133,52,2.0048076923076925,1.4567307692307692,0.25120192307692313,0.2081043956043956,41,3.201219512195122,3.3243902439024393,0.5503048780487805,0.47491289198606274,19,3.7263157894736842,0.6815789473684211,6.0,33.81,0.3381,20
43-4171.00,Receptionists and Information Clerks,2.0,0.25,10,2.762,3.88,2.387,3.12,0.4405,0.341,25,1.8952,3.62,1.3407999999999998,3.25,0.2238,0.1915428571428571,39,8,4,33,2.0069696969696973,1.3718181818181816,0.2517424242424243,0.19597402597402594,52,2.055,1.5530769230769232,0.26375000000000004,0.2218681318681319,41,2.8314634146341464,2.4836585365853656,0.4578658536585366,0.35480836236933794,18,3.9883333333333337,0.7470833333333334,2.0,49.48,0.49479999999999996,20
43-4181.00,Reservation and Transportation Ticket Agents and Travel Clerks,2.0,0.25,10,3.024,4.0,2.7990000000000004,4.0,0.506,0.3998571428571429,25,2.2056,4.0,1.64,3.75,0.3014,0.23428571428571426,20,6,3,33,2.307272727272727,2.0506060606060608,0.3268181818181818,0.29294372294372295,52,2.3915384615384614,2.015,0.34788461538461535,0.28785714285714287,41,2.87780487804878,3.082439024390244,0.46945121951219504,0.44034843205574914,19,3.9689473684210523,0.7422368421052631,2.0,75.21,0.7521,20
43-4199.00,"Information and Record Clerks, All Other",3.0,0.5,0,0.0,,0.0,,0.0,0.0,0,0.0,,0.0,,0.0,0.0,0,0,0,0,0.0,0.0,0.0,0.0,0,0.0,0.0,0.0,0.0,0,0.0,0.0,0.0,0.0,0,0.0,0.0,Unspecified,0.0,0.0,0
43-5011.00,Cargo and Freight Agents,2.0,0.25,10,2.762,3.62,2.599,3.62,0.4405,0.37128571428571433,25,2.2044,3.12,1.7956,3.12,0.30110000000000003,0.25651428571428575,16,6,2,33,2.5354545454545456,2.263030303030303,0.3838636363636364,0.3232900432900433,52,2.2421153846153845,1.8596153846153847,0.3105288461538461,0.26565934065934066,41,2.9478048780487804,2.924146341463415,0.4869512195121951,0.4177351916376307,24,3.171666666666667,0.5429166666666667,6.0,30.75,0.3075,20
43-5011.01,Freight Forwarders,2.0,0.25,10,3.038,3.75,2.862,3.38,0.5095,0.40885714285714286,25,2.3692,3.75,2.0096000000000003,3.38,0.34230000000000005,0.28708571428571433,24,6,3,33,2.8333333333333335,2.816969696969697,0.45833333333333337,0.4024242424242424,52,2.3440384615384615,1.9328846153846155,0.3360096153846154,0.27612637362637366,41,3.7402439024390244,4.689756097560975,0.6850609756097561,0.669965156794425,31,4.2945161290322575,0.8236290322580644,6.0,43.66,0.4366,20
43-5021.00,Couriers and Messengers,2.0,0.25,10,2.661,3.25,2.224,2.88,0.41525,0.3177142857142857,25,2.0152,3.25,1.4052,2.75,0.2538,0.20074285714285714,5,4,0,33,1.81,1.0772727272727272,0.2025,0.1538961038961039,52,2.6675,2.3528846153846152,0.416875,0.3361263736263736,41,2.6463414634146343,2.376341463414634,0.41158536585365857,0.33947735191637624,16,3.935,0.73375,2.0,80.28,0.8028,20
43-5031.00,Public Safety Telecommunicators,2.0,0.25,10,3.124,4.38,2.989,4.0,0.531,0.427,25,2.4352,3.88,2.0632,4.0,0.3588,0.29474285714285714,18,8,2,33,2.681515151515151,2.4854545454545454,0.4203787878787878,0.35506493506493503,52,2.4663461538461537,2.1590384615384615,0.36658653846153844,0.3084340659340659,41,3.4936585365853663,3.768292682926829,0.6234146341463416,0.5383275261324042,18,4.562777777777778,0.8906944444444445,2.0,63.35,0.6335000000000001,20
43-5032.00,"Dispatchers, Except Police, Fire, and Ambulance",2.0,0.25,10,3.086,4.0,2.864,3.88,0.5215,0.40914285714285714,25,2.2144,3.88,1.7508,3.62,0.3036,0.2501142857142857,33,9,4,33,2.1930303030303033,1.9096969696969697,0.29825757575757583,0.2728138528138528,52,2.191730769230769,1.713076923076923,0.29793269230769226,0.2447252747252747,41,3.0751219512195123,2.6082926829268294,0.5187804878048781,0.3726132404181185,12,4.355833333333334,0.8389583333333335,2.0,47.36,0.4736,20
43-5041.00,"Meter Readers, Utilities",2.0,0.25,10,2.4379999999999997,3.0,2.337,3.0,0.35949999999999993,0.3338571428571429,25,2.0568,3.0,1.5344,2.5,0.2642,0.2192,13,7,1,33,2.1103030303030303,1.5993939393939394,0.2775757575757576,0.22848484848484849,52,2.437884615384615,2.2232692307692306,0.3594711538461538,0.3176098901098901,41,2.776585365853659,2.2178048780487805,0.4441463414634147,0.31682926829268293,15,4.014,0.7535000000000001,2.0,94.23,0.9423,20
43-5051.00,Postal Service Clerks,2.0,0.25,10,2.712,3.38,2.4490000000000003,3.25,0.42800000000000005,0.3498571428571429,25,2.02,3.12,1.4844,3.0,0.255,0.21205714285714286,7,1,0,33,2.168787878787879,1.8333333333333333,0.29219696969696973,0.2619047619047619,52,2.4465384615384616,2.0742307692307693,0.3616346153846154,0.29631868131868133,41,2.9997560975609754,2.819512195121951,0.49993902439024385,0.402787456445993,19,4.278421052631579,0.8196052631578947,2.0,67.56,0.6756,20
43-5052.00,Postal Service Mail Carriers,2.0,0.25,10,2.273,3.0,1.999,3.0,0.31825000000000003,0.2855714285714286,25,1.7544,3.0,1.1032000000000002,2.75,0.1886,0.15760000000000002,10,3,0,33,1.9784848484848487,1.4954545454545456,0.24462121212121218,0.21363636363636365,52,2.4353846153846153,2.205,0.3588461538461538,0.315,41,2.271219512195122,1.851219512195122,0.31780487804878055,0.2644599303135889,21,4.247142857142857,0.8117857142857143,2.0,78.21,0.7820999999999999,20
43-5053.00,"Postal Service Mail Sorters, Processors, and Processing Machine Operators",2.0,0.25,10,2.4490000000000003,3.12,2.087,2.75,0.36225000000000007,0.29814285714285715,25,1.9948,3.0,1.3852000000000002,2.88,0.24869999999999998,0.1978857142857143,17,7,0,33,1.569090909090909,0.8090909090909091,0.14227272727272727,0.11558441558441558,52,2.3992307692307695,2.0686538461538464,0.3498076923076924,0.29552197802197805,41,2.5095121951219515,1.9897560975609756,0.37737804878048786,0.28425087108013936,14,4.217142857142857,0.8042857142857143,2.0,81.39,0.8139,20
43-5061.00,"Production, Planning, and Expediting Clerks",2.0,0.25,10,2.923,3.62,2.822,3.75,0.48075,0.40314285714285714,25,2.2292,3.5,1.8552000000000002,3.5,0.3073,0.26502857142857145,94,19,4,33,1.920909090909091,1.5030303030303032,0.23022727272727272,0.21471861471861473,52,2.2811538461538463,1.8173076923076923,0.3202884615384616,0.25961538461538464,41,2.797073170731707,2.6480487804878052,0.4492682926829268,0.3782926829268293,17,3.7570588235294116,0.6892647058823529,2.0,36.75,0.3675,20
43-5071.00,"Shipping, Receiving, and Inventory Clerks",2.0,0.25,10,2.586,3.25,2.4490000000000003,3.12,0.39649999999999996,0.3498571428571429,25,2.1004,3.0,1.5788,2.88,0.2751,0.22554285714285713,52,9,10,33,2.15,1.878787878787879,0.2875,0.2683982683982684,52,2.5071153846153846,2.253269230769231,0.37677884615384616,0.3218956043956044,41,3.0734146341463418,2.964634146341463,0.5183536585365854,0.42351916376306614,11,3.919090909090909,0.7297727272727272,2.0,74.91,0.7491,20
43-5111.00,"Weighers, Measurers, Checkers, and Samplers, Recordkeeping",2.0,0.25,10,2.863,3.38,2.6870000000000003,3.12,0.46575,0.3838571428571429,25,2.2256,3.0,1.89,3.0,0.3064,0.26999999999999996,20,8,1,33,2.0945454545454547,1.4733333333333332,0.2736363636363637,0.21047619047619046,52,2.4925,2.233076923076923,0.37312500000000004,0.319010989010989,41,3.421219512195122,3.4182926829268294,0.6053048780487805,0.4883275261324042,18,4.027222222222222,0.7568055555555555,2.0,49.95,0.49950000000000006,20
43-6011.00,Executive Secretaries and Executive Administrative Assistants,3.0,0.5,10,3.213,4.0,3.175,4.0,0.55325,0.45357142857142857,25,2.2203999999999997,3.75,1.7504,3.75,0.3050999999999999,0.25005714285714287,89,26,9,33,1.9606060606060607,1.5421212121212122,0.24015151515151517,0.2203030303030303,52,2.235576923076923,1.7784615384615385,0.3088942307692307,0.2540659340659341,41,3.0878048780487806,3.1648780487804875,0.5219512195121951,0.4521254355400696,22,3.8595454545454544,0.7148863636363636,5.0,33.77,0.33770000000000006,20
43-6012.00,Legal Secretaries and Administrative Assistants,3.0,0.5,10,2.975,4.0,2.825,4.0,0.49375,0.4035714285714286,25,1.8852000000000002,3.25,1.3656,3.0,0.22130000000000005,0.19508571428571428,42,9,5,33,2.1866666666666665,1.758181818181818,0.29666666666666663,0.25116883116883115,52,2.103076923076923,1.5890384615384614,0.27576923076923077,0.22700549450549448,41,2.9748780487804876,2.7685365853658537,0.4937195121951219,0.39550522648083625,14,3.9692857142857143,0.7423214285714286,5.0,48.14,0.4814,20
43-6013.00,Medical Secretaries and Administrative Assistants,2.0,0.25,10,2.823,4.0,2.561,3.62,0.45575,0.3658571428571428,25,1.9188,3.62,1.2948,3.25,0.22970000000000002,0.18497142857142856,49,13,3,33,2.257575757575758,1.935151515151515,0.31439393939393945,0.27645021645021645,52,2.004230769230769,1.4684615384615385,0.25105769230769226,0.2097802197802198,41,3.188780487804878,2.7441463414634146,0.5471951219512196,0.39202090592334493,15,4.354,0.8385,2.0,47.63,0.4763,20
43-6014.00,"Secretaries and Administrative Assistants, Except Legal, Medical, and Executive",2.0,0.25,10,2.975,4.0,2.8120000000000003,3.88,0.49375,0.40171428571428575,25,2.03,3.5,1.524,3.12,0.25749999999999995,0.21771428571428572,129,48,5,33,2.2081818181818185,1.8409090909090908,0.3020454545454546,0.262987012987013,52,2.0598076923076922,1.5196153846153846,0.26495192307692306,0.2170879120879121,41,2.744878048780488,2.444390243902439,0.436219512195122,0.349198606271777,31,3.7761290322580647,0.6940322580645162,2.0,49.9,0.499,20
43-9021.00,Data Entry Keyers,2.0,0.25,10,2.6879999999999997,3.62,2.375,3.38,0.42199999999999993,0.3392857142857143,25,1.9547999999999999,3.0,1.3703999999999998,2.88,0.23869999999999997,0.19577142857142854,26,9,4,33,2.0833333333333335,1.7254545454545454,0.27083333333333337,0.2464935064935065,52,2.2525,1.791153846153846,0.313125,0.25587912087912085,41,2.9924390243902437,3.0168292682926827,0.4981097560975609,0.43097560975609756,9,4.275555555555555,0.8188888888888888,2.0,58.68,0.5868,20
43-9022.00,Word Processors and Typists,2.0,0.25,10,2.638,3.75,2.363,3.62,0.4095,0.3375714285714286,25,1.7708,2.88,1.0944,2.62,0.19269999999999998,0.15634285714285714,21,13,3,33,2.039090909090909,1.5236363636363637,0.25977272727272727,0.21766233766233767,52,2.0240384615384617,1.521923076923077,0.2560096153846154,0.2174175824175824,41,2.861219512195122,2.3687804878048784,0.4653048780487805,0.33839721254355404,19,4.083684210526316,0.7709210526315791,2.0,65.88,0.6587999999999999,20
43-9031.00,Desktop Publishers,3.0,0.5,10,2.95,3.75,3.0490000000000004,4.0,0.48750000000000004,0.4355714285714286,25,2.4196,3.62,2.3456,3.62,0.3549,0.3350857142857143,89,31,1,33,1.7642424242424242,1.3906060606060606,0.19106060606060604,0.19865800865800867,52,2.4475,2.123076923076923,0.36187499999999995,0.3032967032967033,41,2.956829268292683,2.823658536585366,0.4892073170731708,0.40337979094076654,18,4.098888888888889,0.7747222222222223,2.0,44.3,0.44299999999999995,20
43-9041.00,Insurance Claims and Policy Processing Clerks,2.0,0.25,10,2.8240000000000003,3.5,2.726,3.5,0.45600000000000007,0.3894285714285714,25,2.044,3.5,1.5004,3.25,0.261,0.21434285714285714,27,7,5,33,1.8454545454545455,1.3554545454545455,0.21136363636363636,0.19363636363636363,52,2.136346153846154,1.5951923076923078,0.28408653846153853,0.2278846153846154,41,2.649268292682927,2.280731707317073,0.41231707317073174,0.3258188153310105,25,4.281428571428571,0.8203571428571428,2.0,54.85,0.5485,20
43-9051.00,"Mail Clerks and Mail Machine Operators, Except Postal Service",2.0,0.25,10,2.55,3.0,2.287,2.88,0.38749999999999996,0.3267142857142857,25,2.0756,3.0,1.5208,2.88,0.26890000000000003,0.21725714285714284,13,8,3,33,1.7163636363636363,1.0806060606060608,0.17909090909090908,0.1543722943722944,52,2.400576923076923,2.1098076923076925,0.35014423076923074,0.30140109890109895,41,2.7653658536585364,1.9487804878048782,0.4413414634146341,0.27839721254355404,29,3.9779310344827588,0.7444827586206897,2.0,48.44,0.4844,20
43-9061.00,"Office Clerks, General",2.0,0.25,10,2.811,3.75,2.612,3.5,0.45275,0.37314285714285716,25,1.9792,3.0,1.436,3.0,0.24480000000000002,0.20514285714285713,59,20,7,33,1.9884848484848485,1.5354545454545454,0.24712121212121213,0.21935064935064935,52,2.103076923076923,1.583653846153846,0.27576923076923077,0.22623626373626374,41,2.6702439024390245,2.2692682926829266,0.41756097560975614,0.32418118466898954,20,3.7920000000000003,0.6980000000000001,2.0,40.59,0.40590000000000004,20
43-9071.00,"Office Machine Operators, Except Computer",2.0,0.25,10,2.625,3.12,2.375,3.0,0.40625,0.3392857142857143,25,2.4588,3.25,2.044,2.88,0.3647,0.292,14,11,0,33,1.8781818181818182,1.226060606060606,0.21954545454545454,0.17515151515151514,52,2.386346153846154,2.0890384615384616,0.34658653846153853,0.29843406593406596,41,2.824390243902439,2.4941463414634146,0.4560975609756097,0.35630662020905923,18,3.993333333333333,0.7483333333333333,2.0,67.73,0.6773,20
43-9081.00,Proofreaders and Copy Markers,4.0,0.75,10,2.762,4.25,2.512,4.25,0.4405,0.3588571428571429,25,1.5956000000000001,2.75,0.8508,2.5,0.14890000000000003,0.12154285714285715,38,15,9,33,1.7242424242424241,1.0478787878787879,0.18106060606060603,0.1496969696969697,52,1.9209615384615384,1.2817307692307693,0.2302403846153846,0.18310439560439562,41,2.1639024390243904,1.6097560975609757,0.2909756097560976,0.2299651567944251,11,4.180909090909091,0.7952272727272727,6.0,47.3,0.473,20
43-9111.00,Statistical Assistants,4.0,0.75,10,3.376,4.38,3.6130000000000004,4.88,0.594,0.5161428571428572,25,2.146,3.62,1.6904,3.5,0.2865,0.24148571428571428,45,22,4,33,2.0975757575757576,1.679090909090909,0.2743939393939394,0.23987012987012984,52,2.25,1.7934615384615387,0.3125,0.25620879120879125,41,2.8780487804878048,2.799512195121951,0.4695121951219512,0.3999303135888502,16,3.941875,0.73546875,6.0,88.02,0.8802,20
43-9199.00,"Office and Administrative Support Workers, All Other",3.0,0.5,0,0.0,,0.0,,0.0,0.0,0,0.0,,0.0,,0.0,0.0,0,0,0,0,0.0,0.0,0.0,0.0,0,0.0,0.0,0.0,0.0,0,0.0,0.0,0.0,0.0,0,0.0,0.0,Unspecified,0.0,0.0,0
45-1011.00,"First-Line Supervisors of Farming, Fishing, and Forestry Workers",3.0,0.5,10,3.2369999999999997,3.75,3.375,4.0,0.5592499999999999,0.48214285714285715,25,2.7851999999999997,3.75,2.6448,3.75,0.4462999999999999,0.37782857142857146,21,6,0,33,2.568484848484849,2.5024242424242424,0.3921212121212122,0.35748917748917747,52,2.805192307692308,2.743269230769231,0.451298076923077,0.39189560439560445,41,3.299512195121951,3.591463414634146,0.5748780487804878,0.5130662020905923,30,3.924074074074074,0.7310185185185185,6.0,32.89,0.3289,20
45-2011.00,Agricultural Inspectors,2.0,0.25,10,3.2990000000000004,3.75,3.5119999999999996,4.12,0.5747500000000001,0.5017142857142857,25,2.3992,4.12,2.0416,3.88,0.3498,0.29165714285714284,9,6,2,33,2.324242424242424,2.2345454545454544,0.33106060606060606,0.3192207792207792,52,2.608076923076923,2.4063461538461537,0.40201923076923074,0.34376373626373624,41,3.208048780487805,3.3290243902439025,0.5520121951219512,0.47557491289198606,22,4.253181818181819,0.8132954545454547,2.0,56.17,0.5617,20
45-2021.00,Animal Breeders,2.0,0.25,10,2.8120000000000003,3.25,2.738,3.25,0.45300000000000007,0.3911428571428571,25,2.07,3.0,1.6947999999999999,3.0,0.26749999999999996,0.2421142857142857,22,12,0,33,2.3154545454545454,2.278787878787879,0.32886363636363636,0.3255411255411255,52,2.4038461538461537,2.184423076923077,0.35096153846153844,0.31206043956043955,41,2.7175609756097563,2.2604878048780486,0.4293902439024391,0.32292682926829264,21,3.9780952380952384,0.7445238095238096,2.0,85.74,0.8573999999999999,20
45-2041.00,"Graders and Sorters, Agricultural Products",2.0,0.25,10,2.1990000000000003,2.88,1.5379999999999998,2.25,0.29975000000000007,0.2197142857142857,25,1.5596,2.5,0.8195999999999999,2.5,0.13990000000000002,0.11708571428571427,7,7,2,33,1.8406060606060606,1.298181818181818,0.21015151515151514,0.18545454545454546,52,2.048076923076923,1.4884615384615385,0.2620192307692307,0.21263736263736263,41,2.7334146341463414,2.321219512195122,0.43335365853658536,0.331602787456446,5,4.434,0.8585,1.0,63.8,0.638,20
45-2091.00,Agricultural Equipment Operators,2.0,0.25,10,2.325,3.0,1.875,2.88,0.33125000000000004,0.26785714285714285,25,2.3152,3.88,1.8496000000000001,3.75,0.3288,0.2642285714285714,6,3,0,33,2.1533333333333333,1.7106060606060607,0.28833333333333333,0.24437229437229438,52,2.6726923076923077,2.4857692307692307,0.4181730769230769,0.3551098901098901,41,3.0860975609756096,2.544878048780488,0.5215243902439024,0.3635540069686411,17,4.152352941176471,0.7880882352941176,1.0,56.78,0.5678,20
45-2092.00,"Farmworkers and Laborers, Crop, Nursery, and Greenhouse",2.0,0.25,10,2.537,3.0,2.262,2.88,0.38425,0.3231428571428571,25,2.3252,3.0,2.0152,2.62,0.33130000000000004,0.2878857142857143,10,5,0,33,2.0509090909090912,1.7699999999999998,0.2627272727272728,0.25285714285714284,52,2.8771153846153847,2.6515384615384616,0.4692788461538462,0.3787912087912088,41,3.1265853658536584,3.06,0.5316463414634146,0.43714285714285717,27,3.6076923076923078,0.6519230769230769,1.0,38.96,0.3896,20
45-2093.00,"Farmworkers, Farm, Ranch, and Aquacultural Animals",2.0,0.25,10,2.737,3.38,2.526,3.25,0.43425,0.3608571428571428,25,2.4004,3.12,1.9844,3.0,0.35009999999999997,0.2834857142857143,8,3,0,33,2.380909090909091,2.321212121212121,0.3452272727272727,0.33160173160173156,52,2.7130769230769234,2.5405769230769235,0.42826923076923085,0.3629395604395605,41,3.083170731707317,3.1502439024390245,0.5207926829268292,0.4500348432055749,19,4.072631578947369,0.7681578947368422,4.0,39.39,0.39390000000000003,20
45-2099.00,"Agricultural Workers, All Other",3.0,0.5,0,0.0,,0.0,,0.0,0.0,0,0.0,,0.0,,0.0,0.0,0,0,0,0,0.0,0.0,0.0,0.0,0,0.0,0.0,0.0,0.0,0,0.0,0.0,0.0,0.0,0,0.0,0.0,Unspecified,0.0,0.0,0
45-3031.00,Fishing and Hunting Workers,2.0,0.25,10,2.5740000000000003,3.12,2.251,2.88,0.39350000000000007,0.32157142857142856,25,2.3228,3.12,1.7496,2.75,0.3307,0.24994285714285716,13,2,0,33,2.4742424242424246,2.5312121212121212,0.36856060606060614,0.3616017316017316,52,2.9378846153846156,2.7578846153846155,0.4844711538461539,0.3939835164835165,41,3.0682926829268293,3.4258536585365857,0.5170731707317073,0.4894076655052265,29,4.200344827586207,0.8000862068965517,1.0,45.0,0.45,20
45-4011.00,Forest and Conservation Workers,2.0,0.25,10,2.7600000000000002,3.12,2.577,3.0,0.44000000000000006,0.36814285714285716,25,2.16,3.0,1.8559999999999999,3.25,0.29000000000000004,0.2651428571428571,15,9,2,33,2.21,2.1445454545454545,0.3025,0.30636363636363634,52,2.6982692307692306,2.5871153846153847,0.42456730769230766,0.3695879120879121,41,3.0429268292682927,3.1178048780487804,0.5107317073170732,0.4454006968641115,17,3.3182352941176467,0.5795588235294117,2.0,43.63,0.4363,20
45-4021.00,Fallers,2.0,0.25,10,2.311,3.0,1.875,3.0,0.32775,0.26785714285714285,25,2.1696,3.12,1.6408,2.88,0.2924,0.2344,13,5,0,33,1.6124242424242425,0.9821212121212123,0.15310606060606063,0.14030303030303032,52,2.866923076923077,2.7838461538461536,0.4667307692307693,0.3976923076923077,41,2.7217073170731707,2.8675609756097558,0.4304268292682927,0.40965156794425084,17,4.145882352941177,0.7864705882352943,2.0,56.88,0.5688,20
45-4022.00,Logging Equipment Operators,2.0,0.25,10,2.526,3.0,2.138,3.0,0.38149999999999995,0.30542857142857144,25,2.4459999999999997,4.0,2.084,4.0,0.36149999999999993,0.2977142857142857,8,5,0,33,1.7093939393939392,1.1103030303030303,0.1773484848484848,0.15861471861471862,52,2.761923076923077,2.586346153846154,0.4404807692307693,0.369478021978022,41,3.2041463414634146,3.564878048780488,0.5510365853658536,0.5092682926829268,9,3.968888888888889,0.7422222222222222,1.0,55.42,0.5542,20
45-4023.00,Log Graders and Scalers,2.0,0.25,10,2.838,3.25,2.601,3.0,0.4595,0.37157142857142855,25,2.2403999999999997,3.0,1.8552000000000002,3.0,0.31009999999999993,0.26502857142857145,10,8,0,33,1.996060606060606,1.5781818181818181,0.24901515151515152,0.22545454545454544,52,2.6367307692307693,2.4694230769230767,0.40918269230769233,0.35277472527472525,41,3.1992682926829263,3.3590243902439023,0.5498170731707316,0.47986062717770034,12,4.275833333333334,0.8189583333333335,2.0,64.23,0.6423000000000001,20
45-4029.00,"Logging Workers, All Other",3.0,0.5,0,0.0,,0.0,,0.0,0.0,0,0.0,,0.0,,0.0,0.0,0,0,0,0,0.0,0.0,0.0,0.0,0,0.0,0.0,0.0,0.0,0,0.0,0.0,0.0,0.0,0,0.0,0.0,Unspecified,0.0,0.0,0
47-1011.00,First-Line Supervisors of Construction Trades and Extraction Workers,3.0,0.5,10,3.137,3.75,3.0740000000000003,3.75,0.53425,0.43914285714285717,25,2.6456,3.88,2.5896,3.88,0.4114,0.36994285714285713,22,10,1,33,2.5315151515151517,2.422727272727273,0.38287878787878793,0.34610389610389614,52,2.6582692307692306,2.5523076923076924,0.41456730769230765,0.3646153846153846,41,3.4612195121951217,3.8243902439024393,0.6153048780487804,0.5463414634146342,15,4.024666666666667,0.7561666666666667,3.0,27.04,0.2704,20
47-1011.03,Solar Energy Installation Managers,3.0,0.5,10,3.162,3.75,3.211,3.75,0.5405,0.4587142857142857,25,2.8196,3.75,2.8448,3.88,0.45489999999999997,0.40640000000000004,29,16,0,33,2.4600000000000004,2.4515151515151516,0.3650000000000001,0.35021645021645026,52,2.7146153846153847,2.6580769230769232,0.42865384615384616,0.37972527472527473,41,3.5,3.5858536585365854,0.625,0.5122648083623693,15,3.8666666666666667,0.7166666666666667,2.0,52.86,0.5286,20
47-2011.00,Boilermakers,2.0,0.25,10,2.774,3.5,2.713,3.0,0.4435,0.38757142857142857,25,2.5584000000000002,4.0,2.3484,3.88,0.38960000000000006,0.3354857142857143,8,7,0,33,1.9584848484848483,1.6600000000000001,0.23962121212121207,0.23714285714285716,52,2.82,2.6563461538461537,0.45499999999999996,0.37947802197802194,41,2.9721951219512195,2.988780487804878,0.49304878048780487,0.42696864111498256,18,3.6205555555555557,0.6551388888888889,2.0,52.0,0.52,20
47-2021.00,Brickmasons and Blockmasons,2.0,0.25,10,2.675,3.12,2.45,3.38,0.41874999999999996,0.35000000000000003,25,2.2892,3.12,1.9080000000000001,3.12,0.32230000000000003,0.2725714285714286,10,4,0,33,2.0854545454545454,1.7403030303030302,0.27136363636363636,0.2486147186147186,52,2.8313461538461535,2.601153846153846,0.4578365384615384,0.3715934065934066,41,3.177317073170732,3.598292682926829,0.544329268292683,0.5140418118466898,14,3.937857142857143,0.7344642857142858,2.0,70.42,0.7042,20
47-2022.00,Stonemasons,2.0,0.25,10,2.811,3.5,2.55,3.25,0.45275,0.36428571428571427,25,2.4288,3.25,2.0792,3.75,0.35719999999999996,0.2970285714285715,13,6,0,33,2.06969696969697,1.7618181818181817,0.26742424242424245,0.2516883116883117,52,2.8801923076923077,2.651730769230769,0.47004807692307693,0.3788186813186813,41,3.340243902439024,3.4170731707317072,0.585060975609756,0.4881533101045296,16,3.92875,0.7321875,2.0,57.92,0.5792,20
47-2031.00,Carpenters,2.0,0.25,10,2.939,3.38,2.849,3.62,0.48475,0.40700000000000003,25,2.5303999999999998,3.25,2.3552,3.88,0.38259999999999994,0.33645714285714284,16,5,0,33,2.5163636363636366,2.4254545454545458,0.37909090909090915,0.3464935064935065,52,2.901346153846154,2.871923076923077,0.47533653846153845,0.4102747252747253,41,3.3180487804878047,3.5053658536585366,0.5795121951219512,0.5007665505226481,29,3.5027586206896553,0.6256896551724138,2.0,52.4,0.524,20
47-2041.00,Carpet Installers,2.0,0.25,10,2.55,3.12,2.225,3.38,0.38749999999999996,0.3178571428571429,25,2.2647999999999997,3.12,1.89,3.12,0.3161999999999999,0.26999999999999996,15,4,0,33,2.10969696969697,1.7978787878787879,0.27742424242424246,0.2568398268398268,52,2.7017307692307693,2.456923076923077,0.4254326923076923,0.350989010989011,41,2.908536585365854,2.847560975609756,0.47713414634146345,0.406794425087108,17,4.023529411764706,0.7558823529411764,2.0,69.22,0.6922,20
47-2042.00,"Floor Layers, Except Carpet, Wood, and Hard Tiles",2.0,0.25,10,2.5,3.12,2.3129999999999997,3.12,0.375,0.3304285714285714,25,1.9664,2.88,1.4404,3.12,0.24159999999999998,0.20577142857142855,13,2,0,33,2.0363636363636366,1.593939393939394,0.25909090909090915,0.22770562770562772,52,2.3825,2.134807692307692,0.34562499999999996,0.3049725274725274,41,2.949268292682927,3.027073170731707,0.4873170731707317,0.4324390243902439,14,4.4799999999999995,0.8699999999999999,2.0,89.53,0.8953,20
47-2043.00,Floor Sanders and Finishers,2.0,0.25,10,2.398,3.0,2.0140000000000002,2.75,0.34950000000000003,0.28771428571428576,25,2.1296,3.12,1.6652,3.0,0.2824,0.23788571428571428,7,1,0,33,2.146666666666667,1.871212121212121,0.28666666666666674,0.2673160173160173,52,2.5926923076923076,2.2571153846153846,0.3981730769230769,0.32244505494505493,41,3.363414634146342,3.2653658536585364,0.5908536585365854,0.46648083623693376,7,4.3757142857142854,0.8439285714285714,1.0,46.62,0.46619999999999995,20
47-2044.00,Tile and Stone Setters,2.0,0.25,10,2.537,3.12,2.4240000000000004,3.12,0.38425,0.34628571428571436,25,2.214,3.0,1.9107999999999998,3.0,0.3035,0.27297142857142853,10,6,0,33,2.002727272727273,1.603939393939394,0.25068181818181823,0.22913419913419913,52,2.6576923076923076,2.4825,0.4144230769230769,0.35464285714285715,41,2.9007317073170733,2.8965853658536584,0.4751829268292683,0.4137979094076655,25,4.0856,0.7714000000000001,2.0,47.98,0.47979999999999995,20
47-2051.00,Cement Masons and Concrete Finishers,2.0,0.25,10,2.512,3.25,2.002,2.88,0.378,0.286,25,2.26,3.12,1.6787999999999998,3.25,0.31499999999999995,0.23982857142857142,10,0,0,33,2.008787878787879,1.6215151515151514,0.2521969696969697,0.23164502164502163,52,2.7828846153846154,2.4888461538461537,0.44572115384615385,0.35554945054945053,41,3.2382926829268297,3.4985365853658537,0.5595731707317074,0.4997909407665505,26,3.506153846153846,0.6265384615384615,1.0,51.7,0.517,20
47-2053.00,Terrazzo Workers and Finishers,2.0,0.25,10,2.325,2.88,1.948,2.62,0.33125000000000004,0.2782857142857143,25,2.18,3.0,1.6856,3.12,0.29500000000000004,0.2408,8,3,0,33,2.1481818181818184,1.5909090909090908,0.2870454545454546,0.22727272727272727,52,2.641923076923077,2.4873076923076924,0.41048076923076926,0.35532967032967033,41,3.0341463414634147,3.034390243902439,0.5085365853658537,0.43348432055749125,26,3.7911538461538465,0.6977884615384616,2.0,69.89,0.6989,20
47-2061.00,Construction Laborers,2.0,0.25,10,2.448,3.25,2.162,3.0,0.362,0.30885714285714283,25,2.1788,3.12,1.7792000000000001,3.25,0.29469999999999996,0.2541714285714286,7,7,0,33,1.8436363636363635,1.4536363636363636,0.21090909090909088,0.20766233766233766,52,2.7136538461538464,2.5813461538461535,0.4284134615384616,0.3687637362637362,41,3.535853658536585,3.4382926829268294,0.6339634146341463,0.49118466898954705,27,3.6237037037037036,0.6559259259259259,2.0,34.9,0.349,20
47-2071.00,"Paving, Surfacing, and Tamping Equipment Operators",2.0,0.25,10,2.4379999999999997,3.25,2.086,2.88,0.35949999999999993,0.298,25,2.3,3.62,1.9243999999999999,3.12,0.32499999999999996,0.2749142857142857,9,4,0,33,2.0945454545454547,1.9851515151515153,0.2736363636363637,0.2835930735930736,52,2.6421153846153844,2.5100000000000002,0.4105288461538461,0.3585714285714286,41,3.0697560975609757,3.0943902439024393,0.5174390243902439,0.44205574912891993,20,3.6915,0.672875,1.0,40.99,0.40990000000000004,20
47-2072.00,Pile Driver Operators,2.0,0.25,10,2.401,3.25,2.052,3.0,0.35024999999999995,0.29314285714285715,25,2.31,4.12,1.8644,3.75,0.3275,0.26634285714285716,6,1,0,33,2.271818181818182,1.99,0.3179545454545455,0.2842857142857143,52,2.7448076923076923,2.5338461538461536,0.43620192307692307,0.3619780219780219,41,3.1046341463414633,3.2446341463414634,0.5261585365853658,0.4635191637630662,5,4.516,0.879,2.0,52.59,0.5259,20
47-2073.00,Operating Engineers and Other Construction Equipment Operators,2.0,0.25,10,2.526,3.12,2.286,3.0,0.38149999999999995,0.32657142857142857,25,2.4312,4.12,2.1844,4.12,0.3578,0.31205714285714287,6,4,0,33,1.9145454545454546,1.407878787878788,0.22863636363636364,0.20112554112554112,52,2.756730769230769,2.673076923076923,0.43918269230769225,0.38186813186813184,41,3.5304878048780486,3.951463414634146,0.6326219512195121,0.5644947735191638,26,4.098076923076923,0.7745192307692308,2.0,81.72,0.8172,20
47-2081.00,Drywall and Ceiling Tile Installers,2.0,0.25,10,2.387,3.0,2.0620000000000003,2.75,0.34675,0.2945714285714286,25,2.1104,2.88,1.7244,3.12,0.27759999999999996,0.24634285714285714,11,3,0,33,2.166060606060606,1.780909090909091,0.2915151515151515,0.25441558441558443,52,2.691346153846154,2.4553846153846153,0.42283653846153846,0.3507692307692308,41,3.1641463414634146,3.1965853658536587,0.5410365853658536,0.4566550522648084,24,3.67,0.6675,1.0,41.87,0.41869999999999996,20
47-2082.00,Tapers,2.0,0.25,10,2.125,2.88,1.6620000000000001,2.38,0.28125,0.23742857142857146,25,1.8312,2.75,1.2744,2.38,0.20779999999999998,0.18205714285714286,8,2,0,33,2.0966666666666667,1.7718181818181817,0.27416666666666667,0.25311688311688313,52,2.2715384615384617,1.8771153846153845,0.31788461538461543,0.26815934065934066,41,2.8609756097560974,2.937317073170732,0.46524390243902436,0.419616724738676,16,4.073125,0.76828125,2.0,58.79,0.5879,20
47-2111.00,Electricians,3.0,0.5,10,3.0629999999999997,3.38,3.161,3.75,0.5157499999999999,0.45157142857142857,25,2.8851999999999998,4.0,2.9652,4.0,0.47129999999999994,0.4236,30,8,0,33,2.1554545454545453,1.9666666666666668,0.2888636363636363,0.28095238095238095,52,2.974038461538462,2.969038461538461,0.49350961538461546,0.4241483516483516,41,3.664390243902439,3.521951219512195,0.6660975609756098,0.5031358885017422,21,4.097619047619047,0.7744047619047618,3.0,61.71,0.6171,20
47-2121.00,Glaziers,2.0,0.25,10,2.475,3.0,2.362,3.0,0.36875,0.33742857142857147,25,2.246,3.0,1.8304,3.0,0.3115,0.26148571428571427,7,3,0,33,2.0324242424242422,1.59030303030303,0.25810606060606056,0.22718614718614716,52,2.5961538461538463,2.4050000000000002,0.39903846153846156,0.3435714285714286,41,3.18780487804878,3.2251219512195117,0.546951219512195,0.4607317073170731,27,3.8777777777777778,0.7194444444444444,2.0,44.16,0.4416,20
47-2131.00,"Insulation Workers, Floor, Ceiling, and Wall",2.0,0.25,10,2.461,3.0,2.037,2.75,0.36524999999999996,0.291,25,2.27,3.0,1.86,3.0,0.3175,0.26571428571428574,8,4,0,33,1.854848484848485,1.3184848484848484,0.21371212121212124,0.18835497835497833,52,2.6617307692307692,2.4636538461538464,0.4154326923076923,0.3519505494505495,41,2.8470731707317074,2.5724390243902437,0.46176829268292685,0.36749128919860624,10,3.754,0.6885,2.0,68.21,0.6820999999999999,20
47-2132.00,"Insulation Workers, Mechanical",2.0,0.25,10,2.5,3.0,2.3120000000000003,3.0,0.375,0.33028571428571435,25,2.1396,3.0,1.636,3.0,0.28490000000000004,0.2337142857142857,5,0,0,33,2.6693939393939394,2.552727272727273,0.41734848484848486,0.36467532467532476,52,2.5659615384615386,2.325,0.39149038461538466,0.3321428571428572,41,3.036341463414634,2.75,0.5090853658536585,0.39285714285714285,9,4.32,0.8300000000000001,2.0,71.69,0.7169,20
47-2141.00,"Painters, Construction and Maintenance",2.0,0.25,10,2.351,3.0,2.125,3.0,0.33775,0.30357142857142855,25,1.9516,3.0,1.44,2.88,0.2379,0.2057142857142857,12,4,0,33,2.002727272727273,1.5342424242424244,0.25068181818181823,0.2191774891774892,52,2.4284615384615384,2.221346153846154,0.3571153846153846,0.3173351648351649,41,3.2514634146341463,3.419024390243903,0.5628658536585366,0.48843205574912896,17,3.7347058823529413,0.6836764705882353,2.0,48.73,0.48729999999999996,20
47-2142.00,Paperhangers,2.0,0.25,10,2.3259999999999996,3.0,1.94,2.5,0.3314999999999999,0.27714285714285714,25,1.9147999999999998,3.0,1.3448,2.88,0.22869999999999996,0.1921142857142857,10,3,0,33,2.248181818181818,2.0745454545454542,0.3120454545454545,0.29636363636363633,52,2.4426923076923077,2.18,0.36067307692307693,0.31142857142857144,41,2.65390243902439,2.3446341463414635,0.41347560975609754,0.3349477351916376,19,3.2068421052631577,0.5517105263157894,2.0,54.08,0.5408,20
47-2151.00,Pipelayers,2.0,0.25,10,2.362,3.0,2.251,3.0,0.3405,0.32157142857142856,25,2.2748,3.12,1.9956,3.0,0.3187,0.2850857142857143,2,2,0,33,2.266969696969697,2.046666666666667,0.31674242424242427,0.2923809523809524,52,2.543461538461538,2.464807692307692,0.38586538461538455,0.35211538461538455,41,2.8270731707317074,3.0365853658536586,0.45676829268292685,0.4337979094076655,14,4.113571428571428,0.7783928571428571,1.0,65.4,0.654,20
47-2152.00,"Plumbers, Pipefitters, and Steamfitters",3.0,0.5,10,2.75,3.5,2.5620000000000003,3.5,0.4375,0.36600000000000005,25,2.6056,3.25,2.4008,3.12,0.4014,0.34297142857142854,41,5,0,33,2.389393939393939,2.2654545454545456,0.3473484848484848,0.32363636363636367,52,2.8148076923076926,2.675,0.45370192307692314,0.3821428571428571,41,3.1717073170731704,3.1304878048780487,0.5429268292682926,0.44721254355400697,30,3.7613333333333334,0.6903333333333334,3.0,43.26,0.4326,20
47-2152.04,Solar Thermal Installers and Technicians,3.0,0.5,10,2.876,3.38,2.936,3.5,0.469,0.41942857142857143,25,2.7908,4.75,2.7108,4.12,0.4477,0.38725714285714286,19,11,1,33,2.6187878787878787,2.5812121212121215,0.40469696969696967,0.36874458874458876,52,2.7940384615384612,2.765576923076923,0.4485096153846153,0.3950824175824176,41,3.152682926829268,3.354146341463415,0.538170731707317,0.4791637630662021,21,4.198095238095238,0.7995238095238095,2.0,43.24,0.4324,20
47-2161.00,Plasterers and Stucco Masons,2.0,0.25,10,2.487,3.0,2.036,2.62,0.37175,0.29085714285714287,25,2.2948,3.0,1.8148,2.88,0.3237,0.25925714285714285,18,6,0,33,2.087878787878788,1.648787878787879,0.271969696969697,0.23554112554112555,52,2.7038461538461536,2.4899999999999998,0.4259615384615384,0.3557142857142857,41,3.067073170731707,3.2514634146341463,0.5167682926829268,0.46449477351916374,15,4.210666666666667,0.8026666666666666,1.0,67.95,0.6795,20
47-2171.00,Reinforcing Iron and Rebar Workers,2.0,0.25,10,2.388,3.0,1.9629999999999999,2.88,0.347,0.2804285714285714,25,2.1148,3.12,1.6847999999999999,3.25,0.27869999999999995,0.24068571428571425,4,0,0,33,2.2245454545454546,1.9012121212121214,0.30613636363636365,0.2716017316017316,52,2.7367307692307694,2.5240384615384617,0.43418269230769235,0.3605769230769231,41,3.2178048780487805,3.3417073170731704,0.5544512195121951,0.4773867595818815,9,4.092222222222222,0.7730555555555556,2.0,45.05,0.45049999999999996,20
47-2181.00,Roofers,2.0,0.25,10,2.462,3.0,2.225,2.88,0.36550000000000005,0.3178571428571429,25,2.2192000000000003,3.75,1.8092000000000001,3.88,0.30480000000000007,0.2584571428571429,21,4,0,33,2.3266666666666667,2.1045454545454545,0.33166666666666667,0.30064935064935067,52,2.806923076923077,2.674615384615385,0.45173076923076927,0.38208791208791215,41,3.4702439024390244,3.8182926829268293,0.6175609756097561,0.5454703832752613,25,3.9995999999999996,0.7498999999999999,2.0,58.38,0.5838,20
47-2211.00,Sheet Metal Workers,2.0,0.25,10,2.761,3.12,2.5149999999999997,3.12,0.44025000000000003,0.35928571428571426,25,2.4804,3.12,2.2407999999999997,3.12,0.3701,0.3201142857142857,18,5,0,33,2.1978787878787878,1.8281818181818181,0.29946969696969694,0.26116883116883116,52,2.7780769230769233,2.6346153846153846,0.44451923076923083,0.37637362637362637,41,3.67390243902439,3.428292682926829,0.6684756097560975,0.4897560975609756,19,3.82,0.705,2.0,49.0,0.49,20
47-2221.00,Structural Iron and Steel Workers,2.0,0.25,10,2.5509999999999997,3.0,2.412,3.0,0.38774999999999993,0.3445714285714286,25,2.3656,3.5,1.9956,3.12,0.34140000000000004,0.2850857142857143,5,1,0,33,2.250909090909091,2.043939393939394,0.31272727272727274,0.29199134199134197,52,3.06,2.995,0.515,0.4278571428571429,41,3.1336585365853655,3.5687804878048777,0.5334146341463414,0.5098257839721254,20,3.7585,0.689625,2.0,48.45,0.48450000000000004,20
47-2231.00,Solar Photovoltaic Installers,2.0,0.25,10,2.774,3.25,2.775,3.5,0.4435,0.3964285714285714,25,2.6288,3.38,2.4756,3.38,0.4072,0.35365714285714284,8,6,2,33,2.6312121212121213,2.4481818181818182,0.40780303030303033,0.34974025974025974,52,2.67,2.583269230769231,0.4175,0.36903846153846154,41,3.1856097560975614,3.4692682926829272,0.5464024390243903,0.495609756097561,26,4.242692307692308,0.810673076923077,3.0,36.91,0.3691,20
47-3011.00,"Helpers--Brickmasons, Blockmasons, Stonemasons, and Tile and Marble Setters",2.0,0.25,10,2.414,3.0,1.9609999999999999,2.62,0.35350000000000004,0.28014285714285714,25,2.2363999999999997,3.0,1.7808,3.12,0.30909999999999993,0.2544,19,9,0,33,1.8736363636363635,1.2675757575757576,0.21840909090909089,0.1810822510822511,52,2.7075,2.4978846153846153,0.426875,0.35684065934065934,41,3.0058536585365854,2.998292682926829,0.5014634146341463,0.42832752613240416,15,3.7819999999999996,0.6954999999999999,2.0,58.01,0.5801,20
47-3012.00,Helpers--Carpenters,2.0,0.25,10,2.5509999999999997,3.0,2.151,3.0,0.38774999999999993,0.3072857142857143,25,2.3212,3.0,1.8028,3.12,0.33030000000000004,0.25754285714285713,21,14,0,33,2.149090909090909,1.4757575757575758,0.28727272727272724,0.21082251082251083,52,2.6346153846153846,2.4526923076923075,0.40865384615384615,0.35038461538461535,41,2.9539024390243904,2.6504878048780487,0.4884756097560976,0.3786411149825784,19,3.4084210526315792,0.6021052631578948,2.0,60.75,0.6075,20
47-3013.00,Helpers--Electricians,2.0,0.25,10,2.625,3.25,2.237,3.0,0.40625,0.31957142857142856,25,2.3652,3.0,1.92,3.0,0.34130000000000005,0.2742857142857143,5,2,0,33,2.6648484848484846,2.559393939393939,0.41621212121212114,0.3656277056277056,52,2.644807692307692,2.456153846153846,0.41120192307692305,0.3508791208791209,41,3.743170731707317,4.164634146341464,0.6857926829268293,0.5949477351916377,25,3.6608,0.6652,2.0,70.79,0.7079000000000001,20
47-3014.00,"Helpers--Painters, Paperhangers, Plasterers, and Stucco Masons",2.0,0.25,10,2.237,3.0,1.687,2.38,0.30925,0.24100000000000002,25,2.074,3.0,1.5536,2.62,0.26849999999999996,0.22194285714285716,10,2,0,33,1.6496969696969697,0.9348484848484849,0.16242424242424242,0.13354978354978356,52,2.5125,2.1301923076923077,0.37812500000000004,0.3043131868131868,41,3.2678048780487803,2.703658536585366,0.5669512195121951,0.3862369337979094,11,3.2145454545454544,0.5536363636363636,1.0,68.24,0.6823999999999999,20
47-3015.00,"Helpers--Pipelayers, Plumbers, Pipefitters, and Steamfitters",2.0,0.25,10,2.351,2.88,1.802,2.38,0.33775,0.25742857142857145,25,2.12,2.88,1.614,3.0,0.28,0.2305714285714286,3,3,0,33,2.1606060606060606,1.6772727272727272,0.29015151515151516,0.2396103896103896,52,2.4992307692307696,2.1784615384615384,0.3748076923076924,0.3112087912087912,41,3.132195121951219,3.1868292682926826,0.5330487804878048,0.4552613240418118,15,3.886,0.7215,2.0,48.69,0.4869,20
47-3016.00,Helpers--Roofers,2.0,0.25,10,2.261,3.0,1.812,2.5,0.31525000000000003,0.25885714285714284,25,2.0608,2.88,1.662,3.75,0.2652,0.2374285714285714,12,0,0,33,2.8724242424242425,2.897575757575758,0.46810606060606064,0.413939393939394,52,2.6536538461538464,2.4713461538461536,0.4134134615384616,0.3530494505494505,41,2.5660975609756096,2.482439024390244,0.3915243902439024,0.3546341463414634,18,3.9655555555555555,0.7413888888888889,2.0,46.14,0.46140000000000003,20
47-3019.00,"Helpers, Construction Trades, All Other",3.0,0.5,0,0.0,,0.0,,0.0,0.0,0,0.0,,0.0,,0.0,0.0,0,0,0,0,0.0,0.0,0.0,0.0,0,0.0,0.0,0.0,0.0,0,0.0,0.0,0.0,0.0,0,0.0,0.0,Unspecified,0.0,0.0,0
47-4011.00,Construction and Building Inspectors,3.0,0.5,10,3.312,4.0,3.351,4.0,0.578,0.4787142857142857,25,2.3608,3.38,2.03,3.38,0.34019999999999995,0.29,29,10,4,33,2.5715151515151513,2.715757575757576,0.3928787878787878,0.38796536796536796,52,2.581730769230769,2.327115384615385,0.3954326923076923,0.332445054945055,41,3.2934146341463415,3.4948780487804876,0.5733536585365854,0.4992682926829268,19,3.5678947368421055,0.6419736842105264,2.0,36.0,0.36,20
47-4011.01,Energy Auditors,3.0,0.5,10,3.4509999999999996,3.88,3.4899999999999998,3.88,0.6127499999999999,0.49857142857142855,25,2.5303999999999998,3.62,2.4012000000000002,3.75,0.38259999999999994,0.34302857142857146,61,22,8,33,2.5948484848484847,2.6324242424242428,0.3987121212121212,0.3760606060606061,52,2.6903846153846156,2.5938461538461537,0.4225961538461539,0.37054945054945054,41,3.3809756097560975,3.639024390243902,0.5952439024390244,0.5198606271777003,21,3.965238095238095,0.7413095238095238,2.0,34.48,0.3448,20
47-4021.00,Elevator and Escalator Installers and Repairers,3.0,0.5,10,2.862,3.62,2.713,3.25,0.4655,0.38757142857142857,25,2.81,4.0,2.57,4.0,0.4525,0.3671428571428571,8,3,0,33,2.4493939393939392,2.545757575757576,0.3623484848484848,0.3636796536796537,52,2.7757692307692308,2.571923076923077,0.4439423076923077,0.36741758241758243,41,3.2202439024390244,3.341219512195122,0.5550609756097561,0.47731707317073174,20,4.3185,0.8296250000000001,2.0,47.49,0.47490000000000004,20
47-4031.00,Fence Erectors,2.0,0.25,10,2.4370000000000003,3.0,2.087,2.88,0.35925000000000007,0.29814285714285715,25,2.2092,3.0,1.91,3.12,0.3023,0.27285714285714285,6,3,0,33,2.53,2.2654545454545456,0.38249999999999995,0.32363636363636367,52,2.6196153846153845,2.459230769230769,0.4049038461538461,0.3513186813186813,41,2.98,3.076829268292683,0.495,0.4395470383275262,20,4.0375,0.7593749999999999,2.0,47.51,0.47509999999999997,20
47-4041.00,Hazardous Materials Removal Workers,2.0,0.25,10,2.724,3.5,2.663,3.38,0.43100000000000005,0.3804285714285714,25,2.296,3.0,1.9952,3.12,0.32399999999999995,0.28502857142857146,11,7,0,33,2.463939393939394,2.4084848484848487,0.36598484848484847,0.3440692640692641,52,2.728653846153846,2.675192307692308,0.4321634615384615,0.3821703296703297,41,2.86390243902439,3.0551219512195122,0.46597560975609753,0.4364459930313589,19,3.7221052631578946,0.6805263157894736,1.0,45.82,0.4582,20
47-4051.00,Highway Maintenance Workers,2.0,0.25,10,2.4370000000000003,3.12,2.151,2.88,0.35925000000000007,0.3072857142857143,25,2.3404,3.62,1.9487999999999999,3.5,0.33509999999999995,0.2784,7,5,0,33,2.343939393939394,2.2560606060606063,0.33598484848484855,0.32229437229437236,52,2.789615384615385,2.6686538461538465,0.4474038461538462,0.3812362637362638,41,3.423658536585366,3.704634146341463,0.6059146341463415,0.5292334494773518,19,3.896315789473684,0.724078947368421,2.0,88.29,0.8829,20
47-4061.00,Rail-Track Laying and Maintenance Equipment Operators,2.0,0.25,10,2.386,3.0,2.136,3.0,0.34650000000000003,0.30514285714285716,25,2.41,3.75,2.0196,3.12,0.35250000000000004,0.2885142857142857,3,2,0,33,2.497272727272727,2.495454545454545,0.37431818181818177,0.3564935064935065,52,2.8115384615384613,2.709230769230769,0.45288461538461533,0.387032967032967,41,3.370487804878049,3.955853658536585,0.5926219512195122,0.5651219512195121,26,3.766153846153846,0.6915384615384615,2.0,67.84,0.6784,20
47-4071.00,Septic Tank Servicers and Sewer Pipe Cleaners,2.0,0.25,10,2.6,3.12,2.452,3.0,0.4,0.35028571428571426,25,2.5408,3.88,2.23,3.12,0.3852,0.31857142857142856,6,3,0,33,2.2975757575757574,2.0206060606060605,0.32439393939393935,0.28865800865800867,52,2.829038461538462,2.6923076923076925,0.45725961538461546,0.38461538461538464,41,2.8807317073170733,2.4156097560975613,0.4701829268292683,0.3450871080139373,22,3.630909090909091,0.6577272727272727,2.0,40.44,0.4044,20
47-4091.00,Segmental Pavers,2.0,0.25,10,2.662,3.5,2.4,3.0,0.4155,0.34285714285714286,25,2.4396,3.25,2.174,3.75,0.3599,0.31057142857142855,11,4,0,33,1.9575757575757573,1.6312121212121211,0.23939393939393933,0.233030303030303,52,2.7180769230769233,2.5121153846153845,0.4295192307692308,0.35887362637362635,41,3.310243902439024,3.1107317073170733,0.577560975609756,0.44439024390243903,12,3.97,0.7425,2.0,58.91,0.5891,20
47-4099.00,"Construction and Related Workers, All Other",3.0,0.5,0,0.0,,0.0,,0.0,0.0,0,0.0,,0.0,,0.0,0.0,0,0,0,0,0.0,0.0,0.0,0.0,0,0.0,0.0,0.0,0.0,0,0.0,0.0,0.0,0.0,0,0.0,0.0,Unspecified,0.0,0.0,0
47-4099.03,Weatherization Installers and Technicians,2.0,0.25,10,2.913,3.38,2.739,3.25,0.47824999999999995,0.3912857142857143,25,2.7448,3.25,2.4964,3.0,0.43620000000000003,0.3566285714285714,15,9,3,33,2.5509090909090912,2.495454545454545,0.3877272727272728,0.3564935064935065,52,2.742692307692308,2.6388461538461536,0.435673076923077,0.37697802197802194,41,3.4914634146341466,3.649268292682927,0.6228658536585366,0.5213240418118467,20,4.022,0.7555000000000001,2.0,60.87,0.6087,20
47-5011.00,"Derrick Operators, Oil and Gas",2.0,0.25,10,2.827,3.5,2.637,3.5,0.45675,0.3767142857142857,25,2.6208,4.0,2.32,3.88,0.4052,0.3314285714285714,3,3,0,33,2.106060606060606,1.8675757575757577,0.2765151515151515,0.2667965367965368,52,3.0696153846153846,2.9738461538461536,0.5174038461538462,0.4248351648351648,41,3.596341463414634,4.010487804878049,0.6490853658536585,0.5729268292682927,15,4.382000000000001,0.8455000000000001,1.0,68.54,0.6854,20
47-5012.00,"Rotary Drill Operators, Oil and Gas",2.0,0.25,10,2.9379999999999997,3.62,2.664,3.25,0.48449999999999993,0.3805714285714286,25,2.5547999999999997,3.62,2.3804,3.62,0.38869999999999993,0.34005714285714284,12,6,0,33,2.1742424242424243,1.8263636363636364,0.2935606060606061,0.2609090909090909,52,2.8561538461538465,2.742692307692308,0.4640384615384616,0.39181318681318683,41,3.409756097560976,3.8246341463414635,0.602439024390244,0.5463763066202091,21,4.362380952380953,0.8405952380952382,1.0,31.11,0.3111,20
47-5013.00,"Service Unit Operators, Oil and Gas",2.0,0.25,10,2.976,3.75,2.677,3.38,0.494,0.38242857142857145,25,2.73,4.0,2.4444,3.62,0.4325,0.3492,11,6,0,33,2.473030303030303,2.4896969696969697,0.3682575757575758,0.3556709956709957,52,2.9903846153846154,2.7930769230769235,0.49759615384615385,0.3990109890109891,41,3.6231707317073174,4.224146341463414,0.6557926829268294,0.6034494773519163,19,4.003684210526315,0.7509210526315788,2.0,63.0,0.63,20
47-5022.00,"Excavating and Loading Machine and Dragline Operators, Surface Mining",2.0,0.25,10,2.625,3.12,2.4509999999999996,3.0,0.40625,0.3501428571428571,25,2.6104000000000003,4.12,2.3040000000000003,3.62,0.40260000000000007,0.3291428571428572,10,6,0,33,1.8475757575757576,1.4418181818181817,0.2118939393939394,0.20597402597402595,52,2.9755769230769227,2.913269230769231,0.49389423076923067,0.4161813186813187,41,3.296341463414634,3.5685365853658535,0.5740853658536585,0.5097909407665505,16,4.019375,0.75484375,2.0,71.12,0.7112,20
47-5023.00,"Earth Drillers, Except Oil and Gas",2.0,0.25,10,2.637,3.25,2.363,3.12,0.40925,0.3375714285714286,25,2.5668,4.0,2.2736,4.0,0.39170000000000005,0.32480000000000003,4,3,0,33,2.177878787878788,1.8657575757575757,0.29446969696969705,0.2665367965367965,52,2.8034615384615384,2.6350000000000002,0.4508653846153846,0.37642857142857145,41,3.2031707317073175,3.4158536585365855,0.5507926829268294,0.4879790940766551,29,3.988571428571429,0.7471428571428572,2.0,72.77,0.7277,20
47-5032.00,"Explosives Workers, Ordnance Handling Experts, and Blasters",2.0,0.25,10,3.113,3.88,3.038,3.62,0.52825,0.434,25,2.5892,3.62,2.4404,3.5,0.3973,0.3486285714285714,11,7,0,33,2.378787878787879,2.397575757575758,0.3446969696969697,0.34251082251082254,52,2.9621153846153847,2.9201923076923078,0.4905288461538462,0.4171703296703297,41,3.534878048780488,4.117804878048781,0.633719512195122,0.5882578397212544,27,4.2704545454545455,0.8176136363636364,2.0,62.5,0.625,20
47-5041.00,Continuous Mining Machine Operators,2.0,0.25,10,2.5629999999999997,3.25,2.25,3.12,0.39074999999999993,0.32142857142857145,25,2.4907999999999997,3.88,2.22,3.88,0.3726999999999999,0.31714285714285717,8,4,0,33,2.1427272727272726,1.8545454545454547,0.28568181818181815,0.26493506493506497,52,2.879230769230769,2.8123076923076926,0.46980769230769226,0.4017582417582418,41,2.9607317073170734,3.0846341463414633,0.49018292682926834,0.4406620209059233,15,4.36,0.8400000000000001,2.0,81.27,0.8127,20
47-5043.00,"Roof Bolters, Mining",2.0,0.25,10,2.6,3.38,2.363,3.12,0.4,0.3375714285714286,25,2.5052000000000003,3.62,2.1388,3.5,0.3763000000000001,0.3055428571428571,2,0,0,33,2.0587878787878786,1.6436363636363638,0.26469696969696965,0.23480519480519482,52,2.9709615384615384,2.850769230769231,0.4927403846153846,0.4072527472527473,41,3.0017073170731705,3.2829268292682925,0.5004268292682926,0.4689895470383275,14,4.787857142857143,0.9469642857142857,2.0,86.71,0.8671,20
47-5044.00,"Loading and Moving Machine Operators, Underground Mining",2.0,0.25,10,2.4,3.0,2.05,2.88,0.35,0.2928571428571428,25,2.2396000000000003,3.38,1.9192000000000002,3.25,0.30990000000000006,0.2741714285714286,9,4,0,33,1.9372727272727273,1.5684848484848484,0.23431818181818181,0.22406926406926406,52,2.699423076923077,2.582115384615385,0.4248557692307693,0.3688736263736264,41,2.666829268292683,2.582682926829268,0.41670731707317077,0.3689547038327526,25,4.0312,0.7578,2.0,52.59,0.5259,20
47-5049.00,"Underground Mining Machine Operators, All Other",3.0,0.5,0,0.0,,0.0,,0.0,0.0,0,0.0,,0.0,,0.0,0.0,0,0,0,0,0.0,0.0,0.0,0.0,0,0.0,0.0,0.0,0.0,0,0.0,0.0,0.0,0.0,0,0.0,0.0,Unspecified,0.0,0.0,0
47-5051.00,"Rock Splitters, Quarry",2.0,0.25,10,2.3240000000000003,3.0,2.06,2.62,0.33100000000000007,0.2942857142857143,25,2.0444,3.25,1.6144,3.0,0.2611,0.23062857142857143,12,8,0,33,2.253030303030303,1.9696969696969697,0.31325757575757573,0.2813852813852814,52,2.6190384615384614,2.4915384615384615,0.40475961538461536,0.3559340659340659,41,2.51,2.3717073170731706,0.37749999999999995,0.33881533101045297,9,3.678888888888889,0.6697222222222222,1.0,49.54,0.4954,20
47-5071.00,"Roustabouts, Oil and Gas",2.0,0.25,10,2.374,3.12,1.887,2.5,0.3435,0.2695714285714286,25,2.2803999999999998,3.0,1.8396000000000001,3.0,0.32009999999999994,0.26280000000000003,17,8,0,33,1.812121212121212,1.5024242424242424,0.203030303030303,0.21463203463203465,52,2.730384615384615,2.5482692307692307,0.4325961538461538,0.36403846153846153,41,3.2839024390243905,3.4948780487804876,0.5709756097560976,0.4992682926829268,13,3.366153846153846,0.5915384615384615,1.0,64.13,0.6413,20
47-5081.00,Helpers--Extraction Workers,2.0,0.25,10,2.726,3.75,2.337,3.12,0.4315,0.3338571428571429,25,2.4848,3.62,2.06,3.38,0.3712,0.2942857142857143,5,5,0,33,2.1572727272727272,1.7542424242424242,0.2893181818181818,0.2506060606060606,52,2.9636538461538464,2.7792307692307694,0.4909134615384616,0.39703296703296703,41,3.685121951219512,4.125121951219512,0.671280487804878,0.5893031358885017,14,3.850714285714286,0.7126785714285715,2.0,96.59,0.9659,20
47-5099.00,"Extraction Workers, All Other",3.0,0.5,0,0.0,,0.0,,0.0,0.0,0,0.0,,0.0,,0.0,0.0,0,0,0,0,0.0,0.0,0.0,0.0,0,0.0,0.0,0.0,0.0,0,0.0,0.0,0.0,0.0,0,0.0,0.0,Unspecified,0.0,0.0,0
49-1011.00,"First-Line Supervisors of Mechanics, Installers, and Repairers",3.0,0.5,10,3.274,4.0,3.501,4.0,0.5685,0.5001428571428571,25,3.0056,3.88,3.1496,4.0,0.5014,0.44994285714285714,35,13,3,33,2.2824242424242422,2.205151515151515,0.32060606060606056,0.31502164502164504,52,2.8176923076923077,2.815,0.45442307692307693,0.40214285714285714,41,3.648048780487805,3.89609756097561,0.6620121951219512,0.5565853658536586,22,3.6427272727272726,0.6606818181818181,2.0,54.15,0.5415,20
49-2011.00,"Computer, Automated Teller, and Office Machine Repairers",2.0,0.25,10,2.887,3.62,2.723,3.12,0.47175,0.38899999999999996,25,2.7895999999999996,3.62,2.5303999999999998,3.25,0.4473999999999999,0.36148571428571424,41,17,2,33,2.5903030303030303,2.3306060606060606,0.3975757575757576,0.33294372294372293,52,2.5913461538461537,2.331730769230769,0.39783653846153844,0.3331043956043956,41,3.046341463414634,2.5702439024390245,0.5115853658536585,0.36717770034843206,25,3.7636000000000003,0.6909000000000001,2.0,46.46,0.4646,20
49-2021.00,"Radio, Cellular, and Tower Equipment Installers and Repairers",3.0,0.5,10,2.9240000000000004,3.25,2.774,3.12,0.4810000000000001,0.3962857142857143,25,2.7112,3.5,2.5612,3.88,0.42779999999999996,0.36588571428571426,15,7,5,33,2.380606060606061,2.3793939393939394,0.3451515151515152,0.3399134199134199,52,2.7430769230769227,2.6592307692307693,0.4357692307692307,0.3798901098901099,41,3.660731707317073,3.965121951219512,0.6651829268292683,0.5664459930313589,30,4.0616666666666665,0.7654166666666666,2.0,30.71,0.3071,20
49-2022.00,"Telecommunications Equipment Installers and Repairers, Except Line Installers",3.0,0.5,10,2.988,3.75,3.013,3.75,0.497,0.43042857142857144,25,2.8352,3.88,2.6696,3.88,0.4588,0.3813714285714286,16,6,2,33,2.3060606060606057,2.2899999999999996,0.3265151515151514,0.32714285714285707,52,2.93,2.8703846153846153,0.48250000000000004,0.41005494505494505,41,3.2314634146341468,3.5331707317073167,0.5578658536585367,0.5047386759581881,40,3.60625,0.6515625,3.0,41.27,0.4127,20
49-2091.00,Avionics Technicians,3.0,0.5,10,3.075,3.75,3.061,3.75,0.51875,0.4372857142857143,25,2.8612,3.88,2.7584000000000004,4.0,0.46530000000000005,0.39405714285714294,19,12,2,33,2.4372727272727275,2.3333333333333335,0.35931818181818187,0.33333333333333337,52,2.6153846153846154,2.4884615384615385,0.40384615384615385,0.3554945054945055,41,3.350731707317073,3.7307317073170734,0.5876829268292683,0.5329616724738676,13,3.9269230769230767,0.7317307692307692,3.0,49.95,0.49950000000000006,20
49-2092.00,"Electric Motor, Power Tool, and Related Repairers",3.0,0.5,10,2.9,3.75,2.899,3.38,0.475,0.41414285714285715,25,2.8651999999999997,4.12,2.6615999999999995,4.0,0.46629999999999994,0.38022857142857136,12,9,0,33,2.0745454545454547,1.7345454545454546,0.2686363636363637,0.2477922077922078,52,2.848653846153846,2.766730769230769,0.46216346153846155,0.39524725274725275,41,3.4426829268292685,3.6190243902439025,0.6106707317073171,0.5170034843205575,31,3.843225806451613,0.7108064516129032,3.0,39.17,0.3917,20
49-2093.00,"Electrical and Electronics Installers and Repairers, Transportation Equipment",3.0,0.5,10,2.785,3.62,2.725,3.12,0.44625000000000004,0.3892857142857143,25,2.6039999999999996,3.25,2.4096,3.25,0.4009999999999999,0.34422857142857144,18,14,4,33,2.638484848484848,2.6554545454545453,0.40962121212121205,0.3793506493506493,52,2.576923076923077,2.3703846153846153,0.3942307692307693,0.3386263736263736,41,3.2121951219512193,3.5748780487804876,0.5530487804878048,0.5106968641114983,15,3.6473333333333335,0.6618333333333334,3.0,47.69,0.4769,20
49-2094.00,"Electrical and Electronics Repairers, Commercial and Industrial Equipment",3.0,0.5,10,3.061,3.75,3.224,4.0,0.51525,0.4605714285714286,25,2.9208,3.88,2.9856,3.88,0.48019999999999996,0.4265142857142857,13,5,2,33,2.4375757575757575,2.3687878787878787,0.3593939393939394,0.33839826839826836,52,2.7201923076923076,2.740576923076923,0.4300480769230769,0.39151098901098896,41,3.1921951219512192,3.3936585365853653,0.5480487804878048,0.4848083623693379,20,3.9085,0.727125,5.0,45.71,0.4571,20
49-2095.00,"Electrical and Electronics Repairers, Powerhouse, Substation, and Relay",3.0,0.5,10,2.925,3.75,2.8890000000000002,3.5,0.48124999999999996,0.41271428571428576,25,2.7251999999999996,3.62,2.6244,4.0,0.4312999999999999,0.3749142857142857,11,6,3,33,2.483030303030303,2.406969696969697,0.37075757575757573,0.3438528138528139,52,2.7059615384615388,2.579230769230769,0.4264903846153847,0.36846153846153845,41,3.274146341463415,3.4704878048780485,0.5685365853658537,0.4957839721254355,15,4.051333333333333,0.7628333333333333,3.0,50.33,0.5033,20
49-2096.00,"Electronic Equipment Installers and Repairers, Motor Vehicles",3.0,0.5,10,2.814,3.5,2.638,3.12,0.4535,0.37685714285714284,25,2.7596,3.62,2.5256,3.62,0.43989999999999996,0.36079999999999995,12,4,0,33,2.163636363636364,1.7381818181818183,0.290909090909091,0.24831168831168832,52,2.785769230769231,2.615576923076923,0.44644230769230775,0.3736538461538461,41,3.437317073170732,3.476829268292683,0.609329268292683,0.4966898954703833,12,3.8433333333333333,0.7108333333333333,3.0,47.4,0.474,20
49-2097.00,Audiovisual Equipment Installers and Repairers,3.0,0.5,10,2.787,3.38,2.8129999999999997,3.5,0.44675,0.4018571428571428,25,2.7804,3.62,2.5660000000000003,3.5,0.44510000000000005,0.3665714285714286,5,3,0,33,2.2084848484848485,1.8424242424242425,0.3021212121212121,0.2632034632034632,52,2.6459615384615387,2.478269230769231,0.4114903846153847,0.3540384615384616,41,3.257317073170732,3.319268292682927,0.564329268292683,0.47418118466898956,11,3.956363636363636,0.739090909090909,2.0,38.35,0.3835,20
49-2098.00,Security and Fire Alarm Systems Installers,3.0,0.5,10,2.814,3.38,2.762,3.5,0.4535,0.3945714285714286,25,2.5848,3.38,2.346,3.25,0.3962,0.33514285714285713,10,7,2,33,2.124848484848485,1.84030303030303,0.28121212121212125,0.26290043290043286,52,2.6384615384615384,2.4513461538461536,0.4096153846153846,0.35019230769230764,41,3.2404878048780485,2.9829268292682927,0.5601219512195121,0.42613240418118464,16,4.16375,0.7909375000000001,3.0,48.58,0.4858,20
49-3011.00,Aircraft Mechanics and Service Technicians,3.0,0.5,10,3.2619999999999996,4.12,3.2619999999999996,4.12,0.5654999999999999,0.4659999999999999,25,3.0904000000000003,4.88,2.9712,5.38,0.5226000000000001,0.42445714285714287,24,7,1,33,2.3427272727272728,2.1506060606060604,0.3356818181818182,0.3072294372294372,52,3.084230769230769,3.11,0.5210576923076923,0.4442857142857143,41,3.583658536585366,3.9075609756097562,0.6459146341463415,0.5582229965156794,38,3.8297368421052633,0.7074342105263158,3.0,66.17,0.6617000000000001,20
49-3021.00,Automotive Body and Related Repairers,2.0,0.25,10,2.5759999999999996,3.0,2.325,3.0,0.3939999999999999,0.3321428571428572,25,2.5156,3.25,2.3752,3.25,0.3789,0.33931428571428573,16,5,0,33,1.9600000000000002,1.497272727272727,0.24000000000000005,0.21389610389610386,52,2.7209615384615384,2.6469230769230765,0.4302403846153846,0.37813186813186805,41,3.1687804878048778,3.1487804878048777,0.5421951219512194,0.4498257839721254,25,4.0612,0.7653000000000001,2.0,41.99,0.4199,20
49-3022.00,Automotive Glass Installers and Repairers,2.0,0.25,10,2.502,3.0,2.237,2.75,0.37549999999999994,0.31957142857142856,25,2.3556,3.12,1.9896,3.0,0.3389,0.28422857142857144,4,2,0,33,2.0463636363636364,1.5875757575757576,0.2615909090909091,0.2267965367965368,52,2.461730769230769,2.2526923076923078,0.36543269230769226,0.3218131868131868,41,2.518048780487805,2.406829268292683,0.3795121951219512,0.3438327526132404,18,3.956111111111111,0.7390277777777777,2.0,89.5,0.895,20
49-3023.00,Automotive Service Technicians and Mechanics,3.0,0.5,10,2.774,3.5,2.65,3.75,0.4435,0.37857142857142856,25,2.736,3.88,2.506,3.88,0.43400000000000005,0.358,33,9,0,33,2.0042424242424244,1.4281818181818182,0.2510606060606061,0.20402597402597403,52,2.891923076923077,2.8728846153846153,0.47298076923076926,0.4104120879120879,41,3.164390243902439,3.583414634146341,0.5410975609756098,0.5119163763066201,30,4.192666666666667,0.7981666666666667,3.0,32.38,0.32380000000000003,20
49-3031.00,Bus and Truck Mechanics and Diesel Engine Specialists,3.0,0.5,10,2.712,3.25,2.6759999999999997,3.38,0.42800000000000005,0.38228571428571423,25,2.6556,4.0,2.436,3.88,0.41390000000000005,0.348,15,6,0,33,2.446969696969697,2.2445454545454546,0.3617424242424242,0.3206493506493507,52,2.8576923076923078,2.8,0.46442307692307694,0.39999999999999997,41,3.2490243902439024,3.0775609756097557,0.5622560975609756,0.4396515679442508,26,3.9396153846153843,0.7349038461538461,3.0,39.49,0.39490000000000003,20
49-3041.00,Farm Equipment Mechanics and Service Technicians,3.0,0.5,10,2.911,3.5,2.8120000000000003,3.62,0.47775,0.40171428571428575,25,2.8104,4.25,2.4688,4.12,0.4526,0.35268571428571427,8,4,0,33,2.1884848484848485,1.7836363636363637,0.2971212121212121,0.2548051948051948,52,3.026923076923077,2.9015384615384616,0.5067307692307692,0.4145054945054945,41,3.3202439024390245,3.4773170731707315,0.5800609756097561,0.4967595818815331,14,4.151428571428571,0.7878571428571428,3.0,51.53,0.5153,20
49-3042.00,"Mobile Heavy Equipment Mechanics, Except Engines",3.0,0.5,10,2.875,3.25,2.875,3.38,0.46875,0.4107142857142857,25,2.8651999999999997,4.12,2.7748000000000004,4.0,0.46629999999999994,0.39640000000000003,8,4,0,33,2.0587878787878786,1.6775757575757575,0.26469696969696965,0.23965367965367965,52,3.0103846153846154,3.0584615384615383,0.5025961538461539,0.4369230769230769,41,3.444390243902439,3.4902439024390244,0.6110975609756097,0.4986062717770035,20,4.0255,0.756375,3.0,54.58,0.5458,20
49-3043.00,Rail Car Repairers,2.0,0.25,10,2.713,3.25,2.513,3.38,0.42825,0.359,25,2.6452,4.0,2.3144,4.0,0.4113,0.33062857142857144,13,8,1,33,2.1451515151515155,1.7763636363636364,0.28628787878787887,0.25376623376623375,52,2.8846153846153846,2.821730769230769,0.47115384615384615,0.40310439560439554,41,3.0378048780487803,2.928292682926829,0.5094512195121951,0.41832752613240415,20,3.626,0.6565,2.0,61.41,0.6141,20
49-3051.00,Motorboat Mechanics and Service Technicians,3.0,0.5,10,2.626,3.38,2.499,3.12,0.4065,0.35700000000000004,25,2.5692000000000004,4.0,2.1904,4.0,0.3923000000000001,0.3129142857142857,10,5,0,33,2.3621212121212123,2.203939393939394,0.34053030303030307,0.3148484848484849,52,2.733076923076923,2.561153846153846,0.43326923076923074,0.3658791208791209,41,3.037560975609756,3.08,0.509390243902439,0.44,13,3.94,0.735,3.0,53.7,0.537,20
49-3052.00,Motorcycle Mechanics,3.0,0.5,10,2.81,3.12,2.6740000000000004,3.12,0.4525,0.38200000000000006,25,2.6395999999999997,3.88,2.38,3.88,0.40989999999999993,0.33999999999999997,11,5,0,33,2.0551515151515147,1.6912121212121214,0.2637878787878787,0.24160173160173162,52,2.754423076923077,2.5917307692307694,0.4386057692307692,0.3702472527472528,41,3.502439024390244,3.8097560975609754,0.625609756097561,0.5442508710801394,13,4.368461538461538,0.8421153846153846,3.0,59.58,0.5958,20
49-3053.00,Outdoor Power Equipment and Other Small Engine Mechanics,2.0,0.25,10,2.663,3.25,2.411,3.0,0.41574999999999995,0.3444285714285714,25,2.556,3.88,2.1988,3.62,0.389,0.3141142857142857,9,2,0,33,2.4845454545454544,2.1190909090909087,0.3711363636363636,0.3027272727272727,52,2.662692307692308,2.4921153846153845,0.415673076923077,0.3560164835164835,41,3.232926829268293,2.8746341463414633,0.5582317073170733,0.41066202090592335,14,4.331428571428572,0.832857142857143,2.0,48.05,0.4805,20
49-3091.00,Bicycle Repairers,2.0,0.25,10,2.686,3.62,2.4370000000000003,3.0,0.4215,0.3481428571428572,25,2.6452,3.88,2.3292,3.12,0.4113,0.3327428571428572,8,3,0,33,2.5139393939393937,2.249090909090909,0.3784848484848484,0.3212987012987013,52,2.5930769230769233,2.264423076923077,0.3982692307692308,0.323489010989011,41,3.637804878048781,4.027073170731708,0.6594512195121952,0.5752961672473867,18,4.07,0.7675000000000001,2.0,67.93,0.6793,20
49-3092.00,Recreational Vehicle Service Technicians,2.0,0.25,10,2.612,3.0,2.587,3.5,0.403,0.3695714285714286,25,2.6448,4.0,2.4108,4.0,0.4112,0.3444,9,4,0,33,2.357878787878788,1.99,0.339469696969697,0.2842857142857143,52,2.660576923076923,2.5813461538461535,0.4151442307692308,0.3687637362637362,41,2.9341463414634146,3.050731707317073,0.48353658536585364,0.43581881533101047,17,4.065294117647059,0.7663235294117647,1.0,46.26,0.46259999999999996,20
49-3093.00,Tire Repairers and Changers,2.0,0.25,10,2.237,2.88,1.8490000000000002,2.5,0.30925,0.2641428571428572,25,2.1744,3.0,1.8144,2.75,0.29359999999999997,0.2592,5,3,1,33,1.9163636363636365,1.2493939393939395,0.22909090909090912,0.1784848484848485,52,2.5403846153846152,2.2992307692307694,0.3850961538461538,0.32846153846153847,41,2.7953658536585366,2.4278048780487804,0.44884146341463416,0.3468292682926829,25,4.131600000000001,0.7829000000000002,2.0,47.91,0.47909999999999997,20
49-9011.00,Mechanical Door Repairers,2.0,0.25,10,2.6740000000000004,3.25,2.488,3.12,0.4185000000000001,0.3554285714285714,25,2.58,3.38,2.3396,3.38,0.395,0.33422857142857143,9,6,0,33,2.26,1.882121212121212,0.31499999999999995,0.2688744588744589,52,2.7186538461538463,2.5673076923076925,0.4296634615384616,0.3667582417582418,41,3.492926829268293,3.7034146341463416,0.6232317073170732,0.5290592334494774,25,3.9128,0.7282,2.0,80.11,0.8011,20
49-9012.00,"Control and Valve Installers and Repairers, Except Mechanical Door",3.0,0.5,10,2.7990000000000004,3.38,2.6,3.12,0.4497500000000001,0.37142857142857144,25,2.5092000000000003,3.25,2.2403999999999997,3.25,0.3773000000000001,0.3200571428571428,21,13,3,33,2.33,2.310909090909091,0.3325,0.33012987012987016,52,2.6773076923076924,2.5328846153846154,0.4193269230769231,0.36184065934065934,41,3.303170731707317,3.7241463414634146,0.5757926829268293,0.5320209059233449,32,3.743125,0.68578125,2.0,46.98,0.4698,20
49-9021.00,"Heating, Air Conditioning, and Refrigeration Mechanics and Installers",3.0,0.5,10,2.863,3.62,2.762,3.75,0.46575,0.3945714285714286,25,2.824,3.75,2.7539999999999996,4.0,0.45599999999999996,0.39342857142857135,27,8,0,33,2.852121212121212,2.8036363636363637,0.463030303030303,0.40051948051948055,52,2.8003846153846155,2.7998076923076924,0.45009615384615387,0.3999725274725275,41,3.7899999999999996,3.9834146341463414,0.6974999999999999,0.5690592334494774,30,3.9983333333333335,0.7495833333333334,2.0,54.26,0.5426,20
49-9031.00,Home Appliance Repairers,2.0,0.25,10,2.825,3.75,2.55,3.25,0.45625000000000004,0.36428571428571427,25,2.7495999999999996,3.88,2.494,3.88,0.4373999999999999,0.3562857142857143,12,5,0,33,2.26,1.9284848484848485,0.31499999999999995,0.2754978354978355,52,2.7186538461538463,2.525961538461538,0.4296634615384616,0.3608516483516483,41,3.1178048780487804,3.060243902439024,0.5294512195121951,0.437177700348432,29,4.069310344827587,0.7673275862068967,2.0,68.97,0.6897,20
49-9041.00,Industrial Machinery Mechanics,3.0,0.5,10,2.836,3.62,2.837,3.5,0.45899999999999996,0.4052857142857143,25,2.8292,4.0,2.6952,4.12,0.45730000000000004,0.3850285714285714,15,6,0,33,2.1290909090909094,1.7145454545454546,0.28227272727272734,0.24493506493506495,52,2.9067307692307693,2.890576923076923,0.47668269230769234,0.4129395604395604,41,3.158536585365854,3.1053658536585362,0.5396341463414634,0.4436236933797909,16,3.930625,0.73265625,3.0,47.22,0.4722,20
49-9043.00,"Maintenance Workers, Machinery",3.0,0.5,10,2.5629999999999997,3.0,2.325,3.0,0.39074999999999993,0.3321428571428572,25,2.6344,3.75,2.3252,3.75,0.40859999999999996,0.3321714285714286,11,6,0,33,2.026969696969697,1.7872727272727273,0.2567424242424242,0.25532467532467534,52,2.6346153846153846,2.4565384615384613,0.40865384615384615,0.3509340659340659,41,3.0719512195121954,3.2878048780487807,0.5179878048780489,0.46968641114982584,18,3.876111111111111,0.7190277777777777,3.0,54.1,0.541,20
49-9044.00,Millwrights,2.0,0.25,10,2.8609999999999998,3.62,2.662,3.0,0.46524999999999994,0.3802857142857143,25,2.9052,3.75,2.7439999999999998,3.75,0.47629999999999995,0.39199999999999996,7,7,0,33,2.591818181818182,2.81,0.39795454545454545,0.4014285714285714,52,3.006730769230769,2.951923076923077,0.5016826923076922,0.4217032967032967,41,3.5943902439024393,4.178536585365854,0.6485975609756098,0.5969337979094077,23,4.182608695652174,0.7956521739130435,2.0,45.45,0.4545,20
49-9045.00,"Refractory Materials Repairers, Except Brickmasons",2.0,0.25,10,2.439,3.0,2.224,3.0,0.35975,0.3177142857142857,25,2.33,3.25,1.936,3.25,0.3325,0.2765714285714286,7,5,0,33,1.7709090909090908,1.186060606060606,0.1927272727272727,0.16943722943722944,52,2.649807692307692,2.4619230769230773,0.412451923076923,0.35170329670329675,41,2.81,2.6926829268292685,0.4525,0.3846689895470384,10,3.746,0.6865,2.0,74.85,0.7484999999999999,20
49-9051.00,Electrical Power-Line Installers and Repairers,2.0,0.25,10,2.763,3.38,2.651,3.25,0.44075,0.37871428571428567,25,2.6639999999999997,3.38,2.4592,3.38,0.4159999999999999,0.35131428571428575,10,6,0,33,2.249090909090909,2.0427272727272725,0.31227272727272726,0.2918181818181818,52,2.9123076923076923,2.820576923076923,0.47807692307692307,0.4029395604395604,41,3.1236585365853657,3.0985365853658537,0.5309146341463414,0.4426480836236934,23,4.17,0.7925,2.0,50.29,0.5029,20
49-9052.00,Telecommunications Line Installers and Repairers,2.0,0.25,10,2.598,3.12,2.475,3.12,0.39949999999999997,0.3535714285714286,25,2.4452000000000003,3.12,2.2152000000000003,3.25,0.36130000000000007,0.3164571428571429,13,6,0,33,2.662121212121212,2.8515151515151516,0.415530303030303,0.40735930735930737,52,2.6984615384615385,2.619230769230769,0.4246153846153846,0.3741758241758241,41,3.333170731707317,3.1609756097560973,0.5832926829268292,0.45156794425087105,20,3.6744999999999997,0.6686249999999999,2.0,78.28,0.7828,20
49-9061.00,Camera and Photographic Equipment Repairers,3.0,0.5,10,2.836,3.5,2.863,3.5,0.45899999999999996,0.409,25,2.5244,3.88,2.3844,3.88,0.3811,0.3406285714285714,6,3,0,33,2.1272727272727274,1.8845454545454545,0.28181818181818186,0.2692207792207792,52,2.3059615384615384,2.0271153846153847,0.3264903846153846,0.28958791208791207,41,2.66,2.424390243902439,0.41500000000000004,0.3463414634146341,15,3.8546666666666667,0.7136666666666667,2.0,32.31,0.3231,20
49-9062.00,Medical Equipment Repairers,3.0,0.5,10,2.837,3.12,3.012,3.75,0.45925000000000005,0.43028571428571427,25,2.7952,4.25,2.786,4.0,0.4488,0.398,12,7,2,33,2.1999999999999997,1.9139393939393938,0.29999999999999993,0.2734199134199134,52,2.6711538461538464,2.6086538461538464,0.4177884615384616,0.37266483516483523,41,3.159756097560976,3.210731707317073,0.539939024390244,0.45867595818815327,20,3.9735,0.743375,5.0,39.32,0.3932,20
49-9063.00,Musical Instrument Repairers and Tuners,3.0,0.5,10,2.7,3.62,2.6399999999999997,3.62,0.42500000000000004,0.3771428571428571,25,2.6364,3.88,2.3852,3.62,0.4091,0.3407428571428572,10,0,0,33,2.283030303030303,2.154848484848485,0.3207575757575758,0.30783549783549785,52,2.7017307692307693,2.5319230769230767,0.4254326923076923,0.36170329670329665,41,2.8807317073170733,3.029512195121951,0.4701829268292683,0.432787456445993,24,3.954166666666666,0.7385416666666665,3.0,54.55,0.5455,20
49-9064.00,Watch and Clock Repairers,3.0,0.5,10,2.487,3.12,2.325,3.0,0.37175,0.3321428571428572,25,2.4248,3.88,2.0787999999999998,3.5,0.35619999999999996,0.29697142857142855,10,5,0,33,2.1303030303030304,2.02,0.2825757575757576,0.2885714285714286,52,2.3030769230769232,1.9617307692307693,0.3257692307692308,0.28024725274725276,41,2.887560975609756,3.149512195121951,0.47189024390243905,0.44993031358885016,15,4.338666666666667,0.8346666666666667,3.0,45.76,0.4576,20
49-9069.00,"Precision Instrument and Equipment Repairers, All Other",3.0,0.5,0,0.0,,0.0,,0.0,0.0,0,0.0,,0.0,,0.0,0.0,0,0,0,0,0.0,0.0,0.0,0.0,0,0.0,0.0,0.0,0.0,0,0.0,0.0,0.0,0.0,0,0.0,0.0,Unspecified,0.0,0.0,0
49-9071.00,"Maintenance and Repair Workers, General",3.0,0.5,10,2.788,3.25,2.711,3.12,0.44699999999999995,0.3872857142857143,25,2.73,3.88,2.5904000000000003,3.88,0.4325,0.3700571428571429,35,15,1,33,2.0533333333333337,1.6618181818181816,0.2633333333333334,0.23740259740259737,52,2.8225000000000002,2.7094230769230765,0.45562500000000006,0.3870604395604395,41,3.481707317073171,3.659756097560976,0.6204268292682927,0.522822299651568,27,3.6377777777777776,0.6594444444444444,3.0,62.97,0.6297,20
49-9081.00,Wind Turbine Service Technicians,3.0,0.5,10,2.936,3.5,2.923,3.25,0.484,0.4175714285714286,25,2.7784000000000004,4.0,2.5448,4.0,0.4446000000000001,0.3635428571428571,17,9,4,33,2.5230303030303034,2.4854545454545454,0.38075757575757585,0.35506493506493503,52,2.883653846153846,2.894230769230769,0.4709134615384615,0.41346153846153844,41,3.5446341463414637,3.801951219512195,0.6361585365853659,0.5431358885017421,12,4.160833333333334,0.7902083333333334,3.0,34.42,0.3442,20
49-9091.00,"Coin, Vending, and Amusement Machine Servicers and Repairers",2.0,0.25,10,2.5140000000000002,2.88,2.325,3.0,0.37850000000000006,0.3321428571428572,25,2.4663999999999997,3.5,2.094,3.0,0.3665999999999999,0.2991428571428571,7,4,0,33,2.044242424242424,1.8460606060606062,0.261060606060606,0.26372294372294375,52,2.516923076923077,2.238076923076923,0.37923076923076926,0.3197252747252747,41,2.5526829268292683,2.260975609756098,0.3881707317073171,0.32299651567944254,18,3.955,0.73875,2.0,91.61,0.9161,20
49-9092.00,Commercial Divers,3.0,0.5,10,3.024,3.62,3.036,3.75,0.506,0.4337142857142857,25,2.7236000000000002,3.5,2.484,3.5,0.43090000000000006,0.35485714285714287,5,0,0,33,2.5093939393939393,2.7427272727272727,0.3773484848484848,0.3918181818181818,52,2.9973076923076927,2.973269230769231,0.49932692307692317,0.4247527472527473,41,3.5146341463414634,4.008536585365854,0.6286585365853659,0.5726480836236935,24,3.8312500000000003,0.7078125000000001,3.0,67.81,0.6781,20
49-9094.00,Locksmiths and Safe Repairers,2.0,0.25,10,2.661,3.38,2.411,3.12,0.41525,0.3444285714285714,25,2.57,3.5,2.1548,3.12,0.39249999999999996,0.3078285714285714,13,6,0,33,2.4684848484848487,2.356060606060606,0.3671212121212122,0.3365800865800866,52,2.696923076923077,2.4682692307692307,0.4242307692307693,0.3526098901098901,41,3.621219512195122,3.7936585365853657,0.6553048780487805,0.541951219512195,14,4.015714285714286,0.7539285714285715,2.0,61.54,0.6154,20
49-9095.00,Manufactured Building and Mobile Home Installers,2.0,0.25,10,3.075,3.75,2.827,3.38,0.51875,0.40385714285714286,25,2.9492000000000003,3.75,2.7288,3.62,0.48730000000000007,0.38982857142857147,3,1,0,33,2.675757575757576,2.744242424242424,0.41893939393939394,0.392034632034632,52,3.2551923076923077,3.1251923076923074,0.5637980769230769,0.44645604395604394,41,3.8631707317073176,4.867560975609756,0.7157926829268294,0.6953658536585365,14,3.5064285714285717,0.6266071428571429,1.0,59.23,0.5922999999999999,20
49-9096.00,Riggers,2.0,0.25,10,2.5100000000000002,3.12,2.15,3.12,0.37750000000000006,0.3071428571428571,25,2.4148,3.25,2.224,3.25,0.3537,0.3177142857142857,5,4,0,33,2.432121212121212,2.3663636363636367,0.35803030303030303,0.3380519480519481,52,2.7165384615384616,2.629230769230769,0.4291346153846154,0.37560439560439557,41,3.0278048780487805,3.2504878048780492,0.5069512195121951,0.46435540069686415,14,4.147142857142858,0.7867857142857144,2.0,62.85,0.6285000000000001,20
49-9097.00,Signal and Track Switch Repairers,3.0,0.5,10,2.802,3.75,2.6759999999999997,3.38,0.4505,0.38228571428571423,25,2.7244,4.12,2.4248,4.0,0.43110000000000004,0.3464,8,5,0,33,2.0357575757575757,1.8257575757575757,0.2589393939393939,0.2608225108225108,52,2.855192307692308,2.793269230769231,0.46379807692307695,0.39903846153846156,41,2.760975609756098,2.8687804878048784,0.44024390243902445,0.4098257839721255,12,3.953333333333333,0.7383333333333333,1.0,33.98,0.3398,20
49-9098.00,"Helpers--Installation, Maintenance, and Repair Workers",2.0,0.25,10,2.534,3.12,2.098,2.75,0.38349999999999995,0.2997142857142857,25,2.374,3.12,2.0347999999999997,3.25,0.3435,0.29068571428571427,12,7,0,33,2.334545454545455,2.0984848484848486,0.33363636363636373,0.2997835497835498,52,2.6609615384615384,2.5317307692307693,0.4152403846153846,0.36167582417582417,41,3.0934146341463413,2.8241463414634147,0.5233536585365853,0.4034494773519164,16,3.724375,0.68109375,2.0,31.74,0.31739999999999996,20
49-9099.00,"Installation, Maintenance, and Repair Workers, All Other",3.0,0.5,0,0.0,,0.0,,0.0,0.0,0,0.0,,0.0,,0.0,0.0,0,0,0,0,0.0,0.0,0.0,0.0,0,0.0,0.0,0.0,0.0,0,0.0,0.0,0.0,0.0,0,0.0,0.0,Unspecified,0.0,0.0,0
49-9099.01,Geothermal Technicians,2.0,0.25,10,2.936,3.75,2.923,3.62,0.484,0.4175714285714286,25,2.7856,3.88,2.6744,4.0,0.4464,0.3820571428571428,13,6,0,33,2.486969696969697,2.5193939393939395,0.3717424242424242,0.3599134199134199,52,2.823846153846154,2.8459615384615384,0.45596153846153853,0.40656593406593405,41,3.395609756097561,3.613658536585366,0.5989024390243902,0.5162369337979095,24,3.79625,0.6990625,2.0,65.75,0.6575,20
51-1011.00,First-Line Supervisors of Production and Operating Workers,3.0,0.5,10,3.2,3.88,3.249,4.0,0.55,0.46414285714285713,25,2.7792000000000003,3.88,2.7392000000000003,3.88,0.4448000000000001,0.3913142857142858,51,14,5,33,2.438181818181818,2.2793939393939393,0.3595454545454545,0.3256277056277056,52,2.6796153846153845,2.5578846153846153,0.4199038461538461,0.3654120879120879,41,3.5295121951219515,3.4834146341463414,0.6323780487804879,0.49763066202090595,20,3.9549999999999996,0.7387499999999999,2.0,32.83,0.3283,20
51-2011.00,"Aircraft Structure, Surfaces, Rigging, and Systems Assemblers",2.0,0.25,10,2.786,3.12,2.8609999999999998,3.12,0.4465,0.4087142857142857,25,2.6224000000000003,3.38,2.5368,3.75,0.40560000000000007,0.3624,6,5,0,33,2.328181818181818,1.937878787878788,0.33204545454545453,0.27683982683982683,52,2.6996153846153845,2.6732692307692307,0.42490384615384613,0.3818956043956044,41,3.1824390243902436,3.5168292682926827,0.5456097560975609,0.502404181184669,26,4.200769230769231,0.8001923076923076,2.0,54.84,0.5484,20
51-2021.00,"Coil Winders, Tapers, and Finishers",2.0,0.25,10,2.388,3.12,2.089,3.0,0.347,0.29842857142857143,25,1.9804,3.12,1.4340000000000002,3.12,0.24509999999999998,0.20485714285714288,3,0,0,33,2.3984848484848484,2.358181818181818,0.3496212121212121,0.33688311688311684,52,2.3584615384615386,1.9775,0.33961538461538465,0.28250000000000003,41,2.8278048780487803,2.933170731707317,0.4569512195121951,0.4190243902439024,11,4.191818181818181,0.7979545454545454,2.0,57.18,0.5718,20
51-2022.00,Electrical and Electronic Equipment Assemblers,2.0,0.25,10,2.512,3.12,2.5,3.0,0.378,0.35714285714285715,25,2.1092,3.0,1.7592,3.0,0.2773,0.2513142857142857,11,5,0,33,1.6903030303030304,0.8478787878787879,0.1725757575757576,0.12112554112554112,52,2.3723076923076922,2.1326923076923077,0.34307692307692306,0.30467032967032964,41,2.9346341463414634,2.6514634146341463,0.48365853658536584,0.37878048780487805,17,4.034117647058824,0.7585294117647059,2.0,45.95,0.4595,20
51-2023.00,Electromechanical Equipment Assemblers,2.0,0.25,10,2.552,3.0,2.374,3.0,0.388,0.33914285714285713,25,2.2807999999999997,3.25,1.8492000000000002,3.25,0.32019999999999993,0.2641714285714286,7,5,0,33,1.8212121212121213,1.3593939393939394,0.20530303030303032,0.1941991341991342,52,2.4226923076923077,2.0892307692307694,0.3556730769230769,0.2984615384615385,41,2.817560975609756,2.674634146341463,0.454390243902439,0.3820905923344947,14,3.7964285714285713,0.6991071428571428,2.0,52.73,0.5273,20
51-2031.00,Engine and Other Machine Assemblers,2.0,0.25,10,2.5629999999999997,3.12,2.512,3.12,0.39074999999999993,0.3588571428571429,25,2.4356,3.38,2.0648,3.25,0.3589,0.29497142857142855,6,5,0,33,2.0236363636363635,1.6857575757575758,0.25590909090909086,0.24082251082251083,52,2.6196153846153845,2.4738461538461536,0.4049038461538461,0.35340659340659336,41,2.870487804878049,2.696341463414634,0.4676219512195122,0.385191637630662,12,4.229166666666667,0.8072916666666667,2.0,64.05,0.6405,20
51-2041.00,Structural Metal Fabricators and Fitters,2.0,0.25,10,2.5,3.0,2.0740000000000003,3.0,0.375,0.2962857142857143,25,1.9992,2.88,1.5344,2.75,0.24980000000000002,0.2192,8,4,1,33,1.9533333333333331,1.3457575757575757,0.23833333333333329,0.19225108225108226,52,2.4851923076923077,2.2346153846153847,0.3712980769230769,0.31923076923076926,41,3.0678048780487805,3.2202439024390244,0.5169512195121951,0.4600348432055749,23,3.87,0.7175,2.0,76.67,0.7667,20
51-2051.00,Fiberglass Laminators and Fabricators,2.0,0.25,10,2.751,3.12,2.537,3.12,0.43775,0.36242857142857143,25,2.2768,3.12,1.8996000000000002,3.0,0.31920000000000004,0.2713714285714286,2,2,0,33,2.294242424242424,1.9372727272727273,0.323560606060606,0.27675324675324675,52,2.7782692307692307,2.596538461538462,0.4445673076923077,0.37093406593406597,41,2.941219512195122,2.892682926829268,0.48530487804878053,0.4132404181184669,16,4.171875,0.79296875,2.0,45.8,0.45799999999999996,20
51-2061.00,Timing Device Assemblers and Adjusters,2.0,0.25,10,2.488,2.88,2.336,2.88,0.372,0.3337142857142857,25,2.3188,3.38,1.9652,3.12,0.3297,0.2807428571428571,6,1,0,33,1.6930303030303029,1.2466666666666666,0.17325757575757572,0.17809523809523808,52,2.3507692307692305,2.056153846153846,0.3376923076923076,0.29373626373626377,41,2.8085365853658537,2.4514634146341465,0.4521341463414634,0.3502090592334495,17,4.13470588235294,0.7836764705882351,2.0,91.37,0.9137000000000001,20
51-2092.00,Team Assemblers,2.0,0.25,10,2.5620000000000003,3.12,2.338,3.0,0.39050000000000007,0.334,25,2.33,3.12,2.0444,3.25,0.3325,0.29205714285714285,7,7,0,33,2.3312121212121215,2.045757575757576,0.3328030303030304,0.29225108225108226,52,2.506730769230769,2.2909615384615383,0.37668269230769225,0.32728021978021976,41,2.972439024390244,2.7558536585365854,0.493109756097561,0.39369337979094077,11,4.06,0.7649999999999999,2.0,81.47,0.8147,20
51-2099.00,"Assemblers and Fabricators, All Other",3.0,0.5,0,0.0,,0.0,,0.0,0.0,0,0.0,,0.0,,0.0,0.0,0,0,0,0,0.0,0.0,0.0,0.0,0,0.0,0.0,0.0,0.0,0,0.0,0.0,0.0,0.0,0,0.0,0.0,Unspecified,0.0,0.0,0
51-3011.00,Bakers,2.0,0.25,10,2.488,3.0,2.3240000000000003,2.88,0.372,0.332,25,2.03,3.0,1.5488,2.88,0.25749999999999995,0.22125714285714285,23,4,0,33,1.9018181818181819,1.4763636363636363,0.22545454545454546,0.2109090909090909,52,2.360576923076923,2.016923076923077,0.3401442307692307,0.28813186813186814,41,2.558780487804878,2.339268292682927,0.38969512195121947,0.33418118466898955,18,4.237777777777778,0.8094444444444444,2.0,56.94,0.5694,20
51-3021.00,Butchers and Meat Cutters,2.0,0.25,10,2.575,3.12,2.4,3.0,0.39375000000000004,0.34285714285714286,25,2.28,3.0,1.9056,3.0,0.31999999999999995,0.27222857142857143,6,4,0,33,1.8784848484848486,1.3533333333333333,0.21962121212121216,0.19333333333333333,52,2.5840384615384617,2.273846153846154,0.39600961538461543,0.32483516483516484,41,3.1497560975609753,3.0317073170731708,0.5374390243902438,0.4331010452961673,11,4.297272727272727,0.8243181818181817,2.0,69.93,0.6993,20
51-3022.00,"Meat, Poultry, and Fish Cutters and Trimmers",2.0,0.25,10,2.45,3.12,2.112,2.88,0.36250000000000004,0.3017142857142857,25,2.0947999999999998,3.0,1.564,2.38,0.27369999999999994,0.22342857142857145,4,1,1,33,2.689090909090909,2.7666666666666666,0.42227272727272724,0.3952380952380952,52,2.475192307692308,2.1748076923076924,0.368798076923077,0.3106868131868132,41,3.1982926829268292,2.939512195121951,0.5495731707317073,0.4199303135888502,12,4.2299999999999995,0.8074999999999999,1.0,62.44,0.6244,20
51-3023.00,Slaughterers and Meat Packers,2.0,0.25,10,2.038,2.75,1.4140000000000001,2.25,0.25949999999999995,0.202,25,1.736,2.38,1.1543999999999999,2.12,0.184,0.1649142857142857,8,2,0,33,1.9787878787878788,1.5666666666666667,0.2446969696969697,0.22380952380952382,52,2.3125,1.8076923076923077,0.328125,0.25824175824175827,41,2.447560975609756,2.086341463414634,0.36189024390243896,0.2980487804878048,14,4.377142857142857,0.8442857142857143,2.0,60.8,0.608,20
51-3091.00,"Food and Tobacco Roasting, Baking, and Drying Machine Operators and Tenders",2.0,0.25,10,2.6990000000000003,3.5,2.427,3.0,0.42475000000000007,0.3467142857142857,25,2.3436000000000003,3.62,1.9432,3.62,0.3359000000000001,0.2776,2,1,0,33,1.7903030303030303,1.2372727272727273,0.19757575757575757,0.17675324675324675,52,2.516153846153846,2.319423076923077,0.37903846153846155,0.33134615384615385,41,3.194146341463415,3.2936585365853657,0.5485365853658537,0.47052264808362365,19,4.206315789473685,0.8015789473684212,2.0,60.77,0.6077,20
51-3092.00,Food Batchmakers,2.0,0.25,10,2.762,3.12,2.601,3.0,0.4405,0.37157142857142855,25,2.1092,3.25,1.7087999999999999,3.0,0.2773,0.2441142857142857,3,1,0,33,2.496060606060606,2.2306060606060605,0.3740151515151515,0.31865800865800864,52,2.4546153846153844,2.2017307692307693,0.3636538461538461,0.314532967032967,41,3.0573170731707315,2.7617073170731707,0.5143292682926829,0.3945296167247387,25,4.4796,0.8698999999999999,2.0,37.83,0.37829999999999997,20
51-3093.00,Food Cooking Machine Operators and Tenders,2.0,0.25,10,2.623,3.12,2.3649999999999998,3.0,0.40575000000000006,0.3378571428571428,25,2.09,3.5,1.5796000000000001,3.12,0.27249999999999996,0.22565714285714286,1,0,0,33,1.9845454545454544,1.438787878787879,0.2461363636363636,0.20554112554112555,52,2.4257692307692307,2.1157692307692306,0.35644230769230767,0.30225274725274726,41,2.8499999999999996,2.700243902439025,0.4624999999999999,0.3857491289198607,17,4.388823529411765,0.8472058823529411,2.0,85.92,0.8592,20
51-3099.00,"Food Processing Workers, All Other",3.0,0.5,0,0.0,,0.0,,0.0,0.0,0,0.0,,0.0,,0.0,0.0,0,0,0,0,0.0,0.0,0.0,0.0,0,0.0,0.0,0.0,0.0,0,0.0,0.0,0.0,0.0,0,0.0,0.0,Unspecified,0.0,0.0,0
51-4021.00,"Extruding and Drawing Machine Setters, Operators, and Tenders, Metal and Plastic",2.0,0.25,10,2.55,3.25,2.3129999999999997,3.12,0.38749999999999996,0.3304285714285714,25,2.4504,3.88,2.14,3.88,0.36260000000000003,0.3057142857142857,8,6,0,33,1.9993939393939395,1.5481818181818183,0.24984848484848488,0.22116883116883118,52,2.6882692307692304,2.548076923076923,0.4220673076923076,0.364010989010989,41,2.897560975609756,2.9302439024390243,0.474390243902439,0.4186062717770035,16,4.466875,0.86671875,2.0,61.18,0.6118,20
51-4022.00,"Forging Machine Setters, Operators, and Tenders, Metal and Plastic",2.0,0.25,10,2.427,3.12,2.35,3.0,0.35675,0.33571428571428574,25,2.1956,3.38,1.8552000000000002,3.25,0.29890000000000005,0.26502857142857145,3,0,0,33,1.670909090909091,1.0615151515151515,0.16772727272727272,0.15164502164502164,52,2.480384615384615,2.3265384615384614,0.3700961538461538,0.3323626373626373,41,2.955853658536585,3.1741463414634143,0.4889634146341463,0.4534494773519163,12,3.85,0.7125,2.0,82.44,0.8244,20
51-4023.00,"Rolling Machine Setters, Operators, and Tenders, Metal and Plastic",2.0,0.25,10,2.825,3.5,2.5629999999999997,3.0,0.45625000000000004,0.3661428571428571,25,2.6604,4.0,2.396,4.0,0.4151,0.34228571428571425,2,0,0,33,1.943030303030303,1.607878787878788,0.23575757575757578,0.2296969696969697,52,2.8717307692307696,2.7025,0.4679326923076924,0.38607142857142857,41,3.246585365853659,3.5124390243902437,0.5616463414634147,0.5017770034843205,19,4.092631578947368,0.773157894736842,2.0,74.21,0.7421,20
51-4031.00,"Cutting, Punching, and Press Machine Setters, Operators, and Tenders, Metal and Plastic",2.0,0.25,10,2.55,3.0,2.35,3.0,0.38749999999999996,0.33571428571428574,25,2.2407999999999997,3.5,1.9292000000000002,3.62,0.3101999999999999,0.2756,10,6,0,33,1.6148484848484848,0.8333333333333334,0.1537121212121212,0.11904761904761905,52,2.6009615384615383,2.4640384615384616,0.4002403846153846,0.3520054945054945,41,2.6034146341463416,2.2424390243902437,0.4008536585365854,0.3203484320557491,31,3.985161290322581,0.7462903225806452,2.0,63.43,0.6343,20
51-4032.00,"Drilling and Boring Machine Tool Setters, Operators, and Tenders, Metal and Plastic",2.0,0.25,10,2.661,3.12,2.585,3.12,0.41525,0.3692857142857143,25,2.3592,3.62,2.0747999999999998,3.75,0.3398,0.29639999999999994,6,4,0,33,2.246969696969697,1.9303030303030304,0.31174242424242427,0.27575757575757576,52,2.6367307692307693,2.445,0.40918269230769233,0.34928571428571425,41,2.892926829268293,2.73609756097561,0.4732317073170732,0.39087108013937283,17,4.202941176470588,0.8007352941176471,2.0,56.88,0.5688,20
51-4033.00,"Grinding, Lapping, Polishing, and Buffing Machine Tool Setters, Operators, and Tenders, Metal and Plastic",2.0,0.25,10,2.489,3.0,2.261,2.88,0.37224999999999997,0.323,25,2.3796,4.0,1.9852,3.88,0.3449,0.2836,7,5,0,33,1.955151515151515,1.6354545454545455,0.23878787878787877,0.23363636363636364,52,2.6748076923076924,2.4317307692307693,0.4187019230769231,0.3473901098901099,41,2.9960975609756098,3.0153658536585364,0.49902439024390244,0.43076655052264806,18,4.158888888888889,0.7897222222222222,2.0,87.2,0.872,20
51-4034.00,"Lathe and Turning Machine Tool Setters, Operators, and Tenders, Metal and Plastic",2.0,0.25,10,2.4490000000000003,3.0,2.288,3.0,0.36225000000000007,0.32685714285714285,25,2.3552,3.5,1.93,3.25,0.3388,0.2757142857142857,5,0,0,33,2.2818181818181817,2.144848484848485,0.32045454545454544,0.3064069264069264,52,2.5715384615384616,2.3025,0.3928846153846154,0.32892857142857146,41,3.3429268292682925,3.960731707317073,0.5857317073170731,0.5658188153310104,18,3.9694444444444446,0.7423611111111111,2.0,31.64,0.3164,20
51-4035.00,"Milling and Planing Machine Setters, Operators, and Tenders, Metal and Plastic",2.0,0.25,10,2.636,3.12,2.413,3.12,0.40900000000000003,0.3447142857142857,25,2.2748,3.88,1.946,3.88,0.3187,0.27799999999999997,16,6,0,33,2.204242424242424,1.990909090909091,0.30106060606060603,0.2844155844155844,52,2.6075,2.3701923076923075,0.401875,0.33859890109890106,41,2.9790243902439024,2.9319512195121953,0.4947560975609756,0.4188501742160279,15,4.156666666666667,0.7891666666666668,2.0,47.3,0.473,20
51-4041.00,Machinists,3.0,0.5,10,2.6870000000000003,3.12,2.65,3.12,0.42175000000000007,0.37857142857142856,25,2.5256,3.25,2.3748,3.38,0.38139999999999996,0.33925714285714287,33,8,2,33,1.8245454545454545,1.3293939393939394,0.20613636363636362,0.1899134199134199,52,2.6984615384615385,2.633846153846154,0.4246153846153846,0.3762637362637363,41,3.0195121951219512,3.1192682926829267,0.5048780487804878,0.445609756097561,29,4.200689655172414,0.8001724137931034,2.0,35.91,0.3591,20
51-4051.00,Metal-Refining Furnace Operators and Tenders,2.0,0.25,10,2.8,3.62,2.599,3.12,0.44999999999999996,0.37128571428571433,25,2.4652000000000003,3.88,2.1004,3.88,0.36630000000000007,0.30005714285714286,5,2,0,33,2.153030303030303,1.7327272727272727,0.2882575757575757,0.24753246753246752,52,2.834230769230769,2.6496153846153847,0.4585576923076923,0.37851648351648354,41,3.022439024390244,3.010731707317073,0.505609756097561,0.43010452961672474,15,4.36,0.8400000000000001,2.0,64.14,0.6414,20
51-4052.00,"Pourers and Casters, Metal",2.0,0.25,10,2.488,3.0,2.2990000000000004,3.0,0.372,0.32842857142857146,25,2.2152000000000003,3.12,1.83,3.12,0.30380000000000007,0.26142857142857145,5,4,0,33,1.5936363636363637,0.8824242424242424,0.14840909090909093,0.12606060606060607,52,2.5507692307692307,2.411153846153846,0.38769230769230767,0.3444505494505495,41,2.8514634146341464,2.6795121951219514,0.4628658536585366,0.38278745644599305,16,4.405625,0.8514062499999999,2.0,79.96,0.7996,20
51-4061.00,"Model Makers, Metal and Plastic",3.0,0.5,10,2.5740000000000003,3.25,2.525,3.25,0.39350000000000007,0.3607142857142857,25,2.3904,3.62,2.08,3.5,0.3476,0.29714285714285715,5,3,0,33,1.9721212121212122,1.5003030303030302,0.24303030303030304,0.2143290043290043,52,2.759807692307692,2.550576923076923,0.439951923076923,0.36436813186813183,41,2.745365853658537,2.7017073170731707,0.4363414634146342,0.3859581881533101,16,3.835625,0.70890625,2.0,41.0,0.41,20
51-4062.00,"Patternmakers, Metal and Plastic",3.0,0.5,10,2.585,3.12,2.413,3.0,0.39625,0.3447142857142857,25,2.2640000000000002,3.25,2.0296000000000003,3.12,0.31600000000000006,0.28994285714285717,6,3,0,33,2.0584848484848486,1.7984848484848486,0.26462121212121215,0.25692640692640695,52,2.566346153846154,2.3798076923076925,0.39158653846153846,0.3399725274725275,41,3.3278048780487803,3.611951219512195,0.5819512195121951,0.515993031358885,15,3.9526666666666666,0.7381666666666666,2.0,33.31,0.3331,20
51-4071.00,Foundry Mold and Coremakers,2.0,0.25,10,2.3259999999999996,3.0,1.862,2.62,0.3314999999999999,0.266,25,2.0496,3.0,1.51,2.5,0.26239999999999997,0.21571428571428572,6,2,0,33,2.4393939393939394,2.2381818181818183,0.35984848484848486,0.31974025974025977,52,2.571923076923077,2.2159615384615385,0.3929807692307693,0.3165659340659341,41,2.6958536585365853,2.4143902439024387,0.42396341463414633,0.3449128919860627,13,4.490769230769231,0.8726923076923077,2.0,64.37,0.6437,20
51-4072.00,"Molding, Coremaking, and Casting Machine Setters, Operators, and Tenders, Metal and Plastic",2.0,0.25,10,2.661,3.25,2.337,3.0,0.41525,0.3338571428571429,25,2.3304,3.38,1.9784,3.88,0.3326,0.2826285714285714,10,5,0,33,1.7875757575757576,1.2533333333333334,0.1968939393939394,0.17904761904761907,52,2.7175000000000002,2.5065384615384616,0.42937500000000006,0.35807692307692307,41,2.778536585365854,2.5412195121951218,0.4446341463414635,0.3630313588850174,29,3.79551724137931,0.6988793103448275,2.0,56.98,0.5698,20
51-4081.00,"Multiple Machine Tool Setters, Operators, and Tenders, Metal and Plastic",2.0,0.25,10,2.663,3.12,2.588,3.12,0.41574999999999995,0.3697142857142857,25,2.6108,4.0,2.4052000000000002,4.0,0.40269999999999995,0.3436,8,7,0,33,2.043939393939394,1.6284848484848484,0.2609848484848485,0.23264069264069262,52,2.7211538461538463,2.540769230769231,0.43028846153846156,0.362967032967033,41,3.4634146341463414,3.7626829268292687,0.6158536585365854,0.5375261324041812,21,3.9776190476190476,0.7444047619047619,2.0,81.65,0.8165,20
51-4111.00,Tool and Die Makers,3.0,0.5,10,2.6870000000000003,3.12,2.686,3.12,0.42175000000000007,0.38371428571428573,25,2.5152,3.25,2.2452,3.75,0.3788,0.32074285714285716,32,10,0,33,1.8872727272727272,1.4527272727272726,0.2218181818181818,0.2075324675324675,52,2.5957692307692306,2.512307692307692,0.39894230769230765,0.35890109890109884,41,2.908048780487805,2.975609756097561,0.47701219512195125,0.4250871080139373,17,3.9905882352941178,0.7476470588235294,3.0,40.85,0.40850000000000003,20
51-4121.00,"Welders, Cutters, Solderers, and Brazers",2.0,0.25,10,2.336,3.0,2.0,2.75,0.33399999999999996,0.2857142857142857,25,2.1048,3.12,1.6796,3.0,0.2762,0.23994285714285715,12,5,0,33,1.9075757575757577,1.2763636363636364,0.22689393939393943,0.18233766233766233,52,2.495,2.363076923076923,0.37375,0.3375824175824175,41,2.457560975609756,2.012926829268293,0.364390243902439,0.28756097560975613,30,3.886896551724138,0.7217241379310345,2.0,53.55,0.5355,20
51-4122.00,"Welding, Soldering, and Brazing Machine Setters, Operators, and Tenders",2.0,0.25,10,2.5740000000000003,3.0,2.3649999999999998,3.0,0.39350000000000007,0.3378571428571428,25,2.2036000000000002,3.38,1.9043999999999999,3.12,0.30090000000000006,0.27205714285714283,10,8,0,33,1.9545454545454546,1.592121212121212,0.23863636363636365,0.22744588744588742,52,2.602692307692308,2.3509615384615383,0.40067307692307697,0.3358516483516483,41,3.061951219512195,3.060487804878049,0.5154878048780488,0.43721254355400696,29,3.8113793103448277,0.7028448275862069,3.0,35.82,0.3582,20
51-4191.00,"Heat Treating Equipment Setters, Operators, and Tenders, Metal and Plastic",2.0,0.25,10,2.837,3.12,2.6870000000000003,3.38,0.45925000000000005,0.3838571428571429,25,2.41,3.75,2.1948,3.88,0.35250000000000004,0.3135428571428571,5,5,1,33,1.9436363636363636,1.5054545454545454,0.2359090909090909,0.21506493506493504,52,2.831153846153846,2.6490384615384617,0.45778846153846153,0.378434065934066,41,2.871219512195122,2.651219512195122,0.46780487804878046,0.37874564459930316,23,4.279565217391304,0.819891304347826,2.0,69.85,0.6984999999999999,20
51-4192.00,"Layout Workers, Metal and Plastic",2.0,0.25,10,2.65,3.12,2.538,3.12,0.4125,0.36257142857142854,25,2.2496,3.0,1.9504,3.0,0.3124,0.2786285714285714,8,5,0,33,2.229090909090909,2.0033333333333334,0.30727272727272725,0.2861904761904762,52,2.650961538461538,2.4490384615384615,0.41274038461538454,0.34986263736263734,41,3.25,3.6592682926829267,0.5625,0.5227526132404181,14,4.094285714285714,0.7735714285714286,2.0,60.01,0.6001,20
51-4193.00,"Plating Machine Setters, Operators, and Tenders, Metal and Plastic",2.0,0.25,10,2.648,3.12,2.45,3.0,0.41200000000000003,0.35000000000000003,25,2.2704,3.25,1.9036000000000002,3.12,0.3176,0.27194285714285715,6,4,0,33,2.4993939393939395,2.058181818181818,0.3748484848484849,0.294025974025974,52,2.521153846153846,2.3315384615384613,0.3802884615384615,0.33307692307692305,41,2.9309756097560977,2.80609756097561,0.48274390243902443,0.40087108013937284,33,3.9927272727272722,0.7481818181818181,1.0,49.2,0.49200000000000005,20
51-4194.00,"Tool Grinders, Filers, and Sharpeners",2.0,0.25,10,2.5759999999999996,3.12,2.3649999999999998,2.88,0.3939999999999999,0.3378571428571428,25,2.378,3.88,2.0987999999999998,3.75,0.34450000000000003,0.2998285714285714,6,2,0,33,1.9048484848484848,1.664848484848485,0.2262121212121212,0.23783549783549787,52,2.634230769230769,2.4282692307692306,0.40855769230769223,0.34689560439560435,41,2.8370731707317076,2.7509756097560976,0.4592682926829269,0.3929965156794425,18,3.9499999999999997,0.7374999999999999,2.0,64.12,0.6412,20
51-4199.00,"Metal Workers and Plastic Workers, All Other",3.0,0.5,0,0.0,,0.0,,0.0,0.0,0,0.0,,0.0,,0.0,0.0,0,0,0,0,0.0,0.0,0.0,0.0,0,0.0,0.0,0.0,0.0,0,0.0,0.0,0.0,0.0,0,0.0,0.0,Unspecified,0.0,0.0,0
51-5111.00,Prepress Technicians and Workers,3.0,0.5,10,2.724,3.12,2.613,3.12,0.43100000000000005,0.3732857142857143,25,2.3896,3.12,2.0107999999999997,3.0,0.34740000000000004,0.2872571428571428,26,10,6,33,1.9769696969696968,1.660909090909091,0.2442424242424242,0.23727272727272727,52,2.2015384615384614,1.8680769230769232,0.30038461538461536,0.2668681318681319,41,3.0521951219512196,2.939512195121951,0.5130487804878049,0.4199303135888502,15,4.243333333333333,0.8108333333333333,2.0,39.34,0.3934,20
51-5112.00,Printing Press Operators,2.0,0.25,10,2.623,3.25,2.511,3.25,0.40575000000000006,0.3587142857142857,25,2.498,3.88,2.294,3.62,0.37450000000000006,0.32771428571428574,28,9,0,33,1.669090909090909,1.0857575757575757,0.16727272727272724,0.1551082251082251,52,2.569230769230769,2.4221153846153847,0.39230769230769225,0.3460164835164835,41,3.43390243902439,3.785609756097561,0.6084756097560975,0.540801393728223,23,4.318695652173913,0.8296739130434783,2.0,73.17,0.7317,20
51-5113.00,Print Binding and Finishing Workers,2.0,0.25,10,2.636,3.25,2.463,3.0,0.40900000000000003,0.35185714285714287,25,2.4548,3.38,2.2048,3.12,0.3637,0.31497142857142857,11,4,0,33,1.889090909090909,1.3115151515151515,0.22227272727272723,0.18735930735930736,52,2.6711538461538464,2.5409615384615383,0.4177884615384616,0.36299450549450546,41,3.029268292682927,2.8665853658536586,0.5073170731707317,0.40951219512195125,25,4.2536000000000005,0.8134000000000001,2.0,87.93,0.8793000000000001,20
51-6011.00,Laundry and Dry-Cleaning Workers,2.0,0.25,10,2.238,2.88,1.8009999999999997,2.38,0.3095,0.25728571428571423,25,1.9612,2.88,1.4344,2.38,0.2403,0.2049142857142857,11,4,0,33,1.6542424242424243,1.053939393939394,0.16356060606060607,0.15056277056277056,52,2.2334615384615386,1.8559615384615387,0.30836538461538465,0.26513736263736265,41,2.8197560975609757,2.841951219512195,0.4549390243902439,0.405993031358885,32,3.2303125,0.557578125,2.0,73.52,0.7352,20
51-6021.00,"Pressers, Textile, Garment, and Related Materials",2.0,0.25,10,1.9240000000000002,2.5,1.487,2.25,0.23100000000000004,0.21242857142857144,25,1.8647999999999998,3.0,1.21,2.25,0.21619999999999995,0.17285714285714285,3,2,0,33,1.893939393939394,1.1084848484848484,0.2234848484848485,0.15835497835497833,52,2.2376923076923076,1.8242307692307693,0.3094230769230769,0.26060439560439563,41,2.5170731707317073,2.2258536585365856,0.37926829268292683,0.3179790940766551,28,4.238571428571428,0.8096428571428571,1.0,59.18,0.5918,20
51-6031.00,Sewing Machine Operators,2.0,0.25,10,2.2600000000000002,3.12,1.85,2.5,0.31500000000000006,0.2642857142857143,25,1.9852,2.75,1.3892000000000002,2.62,0.24630000000000002,0.1984571428571429,6,4,0,33,1.5296969696969698,0.7703030303030303,0.13242424242424244,0.11004329004329004,52,2.3796153846153847,2.023076923076923,0.34490384615384617,0.289010989010989,41,2.462439024390244,2.147560975609756,0.36560975609756097,0.306794425087108,26,4.039615384615384,0.7599038461538461,1.0,52.93,0.5293,20
51-6041.00,Shoe and Leather Workers and Repairers,2.0,0.25,10,2.388,3.0,1.9,2.88,0.347,0.2714285714285714,25,2.0712,2.88,1.51,2.38,0.26780000000000004,0.21571428571428572,5,1,0,33,1.634848484848485,1.073939393939394,0.15871212121212125,0.15341991341991343,52,2.3728846153846153,2.0215384615384617,0.3432211538461538,0.28879120879120884,41,2.8843902439024394,2.5904878048780486,0.47109756097560984,0.3700696864111498,26,4.284230769230769,0.8210576923076922,2.0,56.39,0.5639,20
51-6042.00,Shoe Machine Operators and Tenders,2.0,0.25,10,2.435,3.12,2.1149999999999998,2.88,0.35875,0.3021428571428571,25,2.244,3.0,1.8268,3.0,0.31100000000000005,0.2609714285714286,8,6,0,33,1.8748484848484848,1.4093939393939394,0.2187121212121212,0.20134199134199135,52,2.4467307692307694,2.2046153846153844,0.36168269230769234,0.3149450549450549,41,3.1621951219512194,2.0778048780487803,0.5405487804878049,0.2968292682926829,19,4.252631578947368,0.8131578947368421,1.0,46.4,0.46399999999999997,20
51-6051.00,"Sewers, Hand",2.0,0.25,10,2.212,2.62,1.875,2.38,0.30300000000000005,0.26785714285714285,25,1.8803999999999998,2.88,1.3707999999999998,2.38,0.22009999999999996,0.1958285714285714,11,5,0,33,1.7030303030303031,1.0072727272727273,0.17575757575757578,0.1438961038961039,52,2.2328846153846156,1.8825,0.3082211538461539,0.26892857142857146,41,2.439268292682927,1.9782926829268292,0.35981707317073175,0.28261324041811847,11,4.491818181818181,0.8729545454545453,1.0,82.18,0.8218000000000001,20
51-6052.00,"Tailors, Dressmakers, and Custom Sewers",2.0,0.25,10,2.4370000000000003,3.0,2.2359999999999998,3.0,0.35925000000000007,0.3194285714285714,25,2.1436,3.12,1.7704,2.88,0.28590000000000004,0.2529142857142857,9,4,0,33,2.0493939393939393,1.6509090909090909,0.26234848484848483,0.23584415584415583,52,2.3776923076923078,2.043653846153846,0.34442307692307694,0.29195054945054943,41,2.473658536585366,2.1946341463414636,0.36841463414634146,0.3135191637630662,22,4.086818181818182,0.7717045454545455,2.0,57.66,0.5766,20
51-6061.00,Textile Bleaching and Dyeing Machine Operators and Tenders,2.0,0.25,10,2.538,3.0,2.35,2.88,0.38449999999999995,0.33571428571428574,25,2.324,3.75,1.9147999999999998,3.75,0.33099999999999996,0.27354285714285714,8,7,0,33,1.6096969696969696,0.9163636363636364,0.1524242424242424,0.13090909090909092,52,2.6215384615384614,2.3405769230769233,0.40538461538461534,0.3343681318681319,41,2.765121951219512,2.739024390243902,0.44128048780487805,0.39128919860627176,23,4.324347826086957,0.8310869565217391,2.0,55.98,0.5598,20
51-6062.00,"Textile Cutting Machine Setters, Operators, and Tenders",2.0,0.25,10,2.499,3.12,2.161,3.25,0.37475,0.3087142857142857,25,2.4463999999999997,3.75,2.178,3.75,0.3615999999999999,0.3111428571428571,8,7,0,33,1.7172727272727273,1.1481818181818182,0.17931818181818182,0.16402597402597402,52,2.6123076923076924,2.5,0.4030769230769231,0.35714285714285715,41,2.9292682926829268,2.3,0.4823170731707317,0.32857142857142857,18,4.122222222222223,0.7805555555555557,2.0,67.69,0.6769,20
51-6063.00,"Textile Knitting and Weaving Machine Setters, Operators, and Tenders",2.0,0.25,10,2.413,3.12,1.9,3.0,0.35324999999999995,0.2714285714285714,25,2.1496,3.38,1.6643999999999999,3.12,0.2874,0.23777142857142855,5,5,0,33,1.7024242424242424,0.933939393939394,0.1756060606060606,0.1334199134199134,52,2.476153846153846,2.1078846153846156,0.36903846153846154,0.3011263736263737,41,2.9526829268292683,2.622682926829268,0.48817073170731706,0.3746689895470383,19,4.273157894736842,0.8182894736842106,2.0,94.68,0.9468000000000001,20
51-6064.00,"Textile Winding, Twisting, and Drawing Out Machine Setters, Operators, and Tenders",2.0,0.25,10,2.476,3.12,2.112,3.0,0.369,0.3017142857142857,25,2.3,3.62,2.0096000000000003,3.88,0.32499999999999996,0.28708571428571433,4,4,0,33,2.0224242424242425,1.6275757575757577,0.2556060606060606,0.23251082251082253,52,2.6228846153846153,2.4525,0.4057211538461538,0.35035714285714287,41,2.598048780487805,2.260975609756098,0.39951219512195124,0.32299651567944254,23,4.135217391304348,0.783804347826087,1.0,53.84,0.5384,20
51-6091.00,"Extruding and Forming Machine Setters, Operators, and Tenders, Synthetic and Glass Fibers",2.0,0.25,10,2.613,3.5,2.461,3.12,0.40325,0.35157142857142853,25,2.4292000000000002,4.0,2.1144,3.88,0.35730000000000006,0.30205714285714286,9,5,0,33,2.1542424242424243,1.6009090909090908,0.2885606060606061,0.22870129870129868,52,2.691730769230769,2.5425,0.42293269230769226,0.3632142857142857,41,3.0314634146341466,2.969268292682927,0.5078658536585366,0.4241811846689895,17,3.9452941176470584,0.7363235294117646,2.0,74.09,0.7409,20
51-6092.00,Fabric and Apparel Patternmakers,3.0,0.5,10,2.9850000000000003,3.75,2.8259999999999996,3.38,0.4962500000000001,0.40371428571428564,25,2.4148,3.25,2.1496,3.12,0.3537,0.3070857142857143,11,9,5,33,2.09969696969697,1.6957575757575758,0.2749242424242425,0.24225108225108224,52,2.6165384615384615,2.3742307692307696,0.40413461538461537,0.3391758241758242,41,2.996829268292683,2.8531707317073174,0.4992073170731708,0.4075958188153311,16,4.29625,0.8240624999999999,2.0,40.66,0.40659999999999996,20
51-6093.00,Upholsterers,2.0,0.25,10,2.774,3.5,2.601,3.12,0.4435,0.37157142857142855,25,2.4056,3.0,2.1408,3.0,0.35140000000000005,0.30582857142857145,8,7,0,33,1.7742424242424242,1.2106060606060607,0.19356060606060604,0.17294372294372296,52,2.8028846153846154,2.644615384615385,0.45072115384615385,0.3778021978021978,41,2.987560975609756,3.029512195121951,0.49689024390243897,0.432787456445993,22,4.084545454545455,0.7711363636363637,2.0,56.18,0.5618,20
51-6099.00,"Textile, Apparel, and Furnishings Workers, All Other",3.0,0.5,0,0.0,,0.0,,0.0,0.0,0,0.0,,0.0,,0.0,0.0,0,0,0,0,0.0,0.0,0.0,0.0,0,0.0,0.0,0.0,0.0,0,0.0,0.0,0.0,0.0,0,0.0,0.0,Unspecified,0.0,0.0,0
51-7011.00,Cabinetmakers and Bench Carpenters,2.0,0.25,10,2.501,3.0,2.414,3.0,0.37525,0.34485714285714286,25,2.4888,3.38,2.2692,3.5,0.3722,0.3241714285714286,6,4,0,33,1.8018181818181818,1.1693939393939394,0.20045454545454544,0.16705627705627707,52,2.822307692307692,2.623653846153846,0.455576923076923,0.3748076923076923,41,2.9695121951219514,2.8,0.49237804878048785,0.39999999999999997,20,4.134,0.7835000000000001,2.0,76.39,0.7639,20
51-7021.00,Furniture Finishers,2.0,0.25,10,2.586,3.12,2.325,3.12,0.39649999999999996,0.3321428571428572,25,2.3852,3.0,2.114,3.0,0.34630000000000005,0.302,5,2,0,33,1.9421212121212121,1.3903030303030304,0.23553030303030303,0.19861471861471863,52,2.6944230769230773,2.5048076923076925,0.4236057692307693,0.35782967032967034,41,3.018780487804878,2.912682926829268,0.5046951219512195,0.41609756097560974,22,4.012727272727273,0.7531818181818182,2.0,61.21,0.6121,20
51-7031.00,"Model Makers, Wood",3.0,0.5,10,2.662,3.12,2.45,3.0,0.4155,0.35000000000000003,25,2.2196000000000002,3.12,1.8812,3.0,0.30490000000000006,0.2687428571428571,6,4,0,33,2.1224242424242425,1.913939393939394,0.28060606060606064,0.27341991341991345,52,2.6526923076923077,2.4713461538461536,0.4131730769230769,0.3530494505494505,41,3.031219512195122,2.7282926829268295,0.5078048780487805,0.3897560975609756,14,3.952142857142857,0.7380357142857142,3.0,30.84,0.3084,20
51-7032.00,"Patternmakers, Wood",3.0,0.5,10,2.7359999999999998,3.12,2.512,3.12,0.43399999999999994,0.3588571428571429,25,2.4048,3.12,2.1844,3.12,0.35119999999999996,0.31205714285714287,7,4,0,33,2.18030303030303,1.9554545454545456,0.29507575757575755,0.27935064935064935,52,2.721538461538462,2.6240384615384613,0.4303846153846155,0.3748626373626373,41,3.0102439024390244,3.0673170731707318,0.5025609756097561,0.4381881533101045,20,4.101,0.77525,2.0,57.25,0.5725,20
51-7041.00,"Sawing Machine Setters, Operators, and Tenders, Wood",2.0,0.25,10,2.287,3.0,1.988,2.88,0.32175,0.284,25,2.2248,3.12,1.8296000000000001,3.12,0.3062,0.2613714285714286,7,5,0,33,1.5999999999999999,0.8821212121212121,0.14999999999999997,0.126017316017316,52,2.5486538461538464,2.3153846153846156,0.3871634615384616,0.3307692307692308,41,2.591707317073171,2.288048780487805,0.3979268292682927,0.32686411149825784,22,4.209545454545455,0.8023863636363637,2.0,59.25,0.5925,20
51-7042.00,"Woodworking Machine Setters, Operators, and Tenders, Except Sawing",2.0,0.25,10,2.526,3.12,2.275,2.88,0.38149999999999995,0.325,25,2.3516,3.62,1.9744,3.5,0.3379,0.28205714285714284,23,15,0,33,1.6857575757575758,1.1557575757575758,0.17143939393939395,0.16510822510822512,52,2.689230769230769,2.5336538461538463,0.4223076923076923,0.36195054945054944,41,2.4648780487804878,2.1460975609756097,0.36621951219512194,0.30658536585365853,25,4.0888,0.7722,2.0,73.06,0.7306,20
51-7099.00,"Woodworkers, All Other",3.0,0.5,0,0.0,,0.0,,0.0,0.0,0,0.0,,0.0,,0.0,0.0,0,0,0,0,0.0,0.0,0.0,0.0,0,0.0,0.0,0.0,0.0,0,0.0,0.0,0.0,0.0,0,0.0,0.0,Unspecified,0.0,0.0,0
51-8011.00,Nuclear Power Reactor Operators,3.0,0.5,10,3.401,4.0,3.3880000000000003,4.0,0.60025,0.48400000000000004,25,2.596,4.0,2.2407999999999997,3.88,0.399,0.3201142857142857,12,9,1,33,2.153939393939394,1.9778787878787878,0.28848484848484846,0.28255411255411256,52,2.575,2.2811538461538463,0.39375000000000004,0.3258791208791209,41,3.131463414634146,3.521951219512195,0.5328658536585364,0.5031358885017422,19,4.416315789473684,0.8540789473684209,2.0,50.09,0.5009,20
51-8012.00,Power Distributors and Dispatchers,3.0,0.5,10,3.148,3.62,3.075,3.75,0.537,0.43928571428571433,25,2.404,3.25,2.2148,3.38,0.351,0.31639999999999996,29,7,0,33,2.31939393939394,2.1366666666666667,0.32984848484848495,0.30523809523809525,52,2.3484615384615384,2.0288461538461537,0.3371153846153846,0.2898351648351648,41,3.0729268292682925,3.354146341463415,0.5182317073170731,0.4791637630662021,14,4.454285714285715,0.8635714285714287,3.0,40.32,0.4032,20
51-8013.00,Power Plant Operators,2.0,0.25,10,2.901,3.75,2.774,3.75,0.47524999999999995,0.3962857142857143,25,2.5751999999999997,4.0,2.364,4.0,0.39379999999999993,0.3377142857142857,26,7,4,33,2.1990909090909088,1.751818181818182,0.2997727272727272,0.2502597402597403,52,2.6748076923076924,2.620576923076923,0.4187019230769231,0.3743681318681319,41,3.0773170731707316,3.4809756097560975,0.5193292682926829,0.4972822299651568,30,4.288181818181818,0.8220454545454545,2.0,59.81,0.5981000000000001,20
51-8013.03,Biomass Plant Technicians,2.0,0.25,10,2.95,3.38,2.874,3.25,0.48750000000000004,0.4105714285714286,25,2.6496,4.0,2.3704,3.88,0.4124,0.33862857142857145,8,4,0,33,2.193636363636364,2.0051515151515154,0.29840909090909096,0.28645021645021645,52,2.740192307692308,2.665769230769231,0.435048076923077,0.3808241758241758,41,3.2414634146341466,3.6141463414634147,0.5603658536585366,0.5163066202090593,18,4.165,0.79125,2.0,46.51,0.46509999999999996,20
51-8013.04,Hydroelectric Plant Technicians,3.0,0.5,10,3.099,3.88,3.023,3.75,0.52475,0.4318571428571429,25,2.7152,3.88,2.6056,3.88,0.42879999999999996,0.3722285714285714,9,4,0,33,2.958787878787879,2.9363636363636365,0.48969696969696974,0.4194805194805195,52,2.8646153846153846,2.848076923076923,0.46615384615384614,0.40686813186813187,41,3.1621951219512194,3.518292682926829,0.5405487804878049,0.5026132404181184,21,4.109523809523809,0.7773809523809523,5.0,34.02,0.34020000000000006,20
51-8021.00,Stationary Engineers and Boiler Operators,3.0,0.5,10,2.823,3.25,2.7960000000000003,3.12,0.45575,0.39942857142857147,25,2.6195999999999997,4.0,2.42,3.88,0.4048999999999999,0.3457142857142857,15,7,0,33,2.245454545454545,2.1066666666666665,0.3113636363636363,0.3009523809523809,52,2.662115384615385,2.545,0.4155288461538462,0.36357142857142855,41,3.473414634146341,3.9073170731707316,0.6183536585365853,0.5581881533101045,25,4.0484,0.7621,3.0,47.15,0.4715,20
51-8031.00,Water and Wastewater Treatment Plant and System Operators,2.0,0.25,10,2.961,3.62,2.901,3.62,0.49024999999999996,0.4144285714285714,25,2.5688,4.0,2.294,4.12,0.3922,0.32771428571428574,15,5,3,33,2.534242424242424,2.7287878787878785,0.38356060606060605,0.3898268398268398,52,2.6290384615384617,2.538846153846154,0.4072596153846154,0.3626923076923077,41,3.5058536585365854,3.96609756097561,0.6264634146341463,0.5665853658536586,8,4.405,0.8512500000000001,2.0,50.0,0.5,20
51-8091.00,Chemical Plant and System Operators,2.0,0.25,10,3.085,3.75,3.125,3.75,0.52125,0.44642857142857145,25,2.6092,4.25,2.3356,4.38,0.4023,0.3336571428571428,7,3,2,33,2.207878787878788,1.7615151515151517,0.301969696969697,0.25164502164502167,52,2.769038461538462,2.637307692307692,0.44225961538461545,0.3767582417582417,41,3.764878048780488,4.398292682926829,0.691219512195122,0.6283275261324042,19,4.454210526315789,0.8635526315789472,2.0,68.13,0.6812999999999999,20
51-8092.00,Gas Plant Operators,2.0,0.25,10,2.975,3.62,2.912,3.5,0.49375,0.416,25,2.6351999999999998,4.12,2.4548,4.38,0.40879999999999994,0.3506857142857143,12,7,4,33,2.4184848484848485,2.4260606060606063,0.3546212121212121,0.3465800865800866,52,2.7203846153846154,2.707307692307692,0.43009615384615385,0.38675824175824175,41,3.273170731707317,3.4541463414634146,0.5682926829268292,0.49344947735191635,19,4.163157894736842,0.7907894736842105,2.0,58.44,0.5844,20
51-8093.00,"Petroleum Pump System Operators, Refinery Operators, and Gaugers",2.0,0.25,10,2.974,3.62,2.976,3.5,0.49350000000000005,0.42514285714285716,25,2.536,4.0,2.4307999999999996,4.62,0.384,0.3472571428571428,7,3,0,33,2.1557575757575758,1.9254545454545455,0.28893939393939394,0.27506493506493507,52,2.8125,2.7813461538461537,0.453125,0.3973351648351648,41,2.947560975609756,2.7434146341463417,0.48689024390243896,0.39191637630662024,24,3.877916666666667,0.7194791666666668,2.0,97.02,0.9702,20
51-8099.00,"Plant and System Operators, All Other",3.0,0.5,0,0.0,,0.0,,0.0,0.0,0,0.0,,0.0,,0.0,0.0,0,0,0,0,0.0,0.0,0.0,0.0,0,0.0,0.0,0.0,0.0,0,0.0,0.0,0.0,0.0,0,0.0,0.0,Unspecified,0.0,0.0,0
51-8099.01,Biofuels Processing Technicians,2.0,0.25,10,3.0759999999999996,3.5,3.088,3.75,0.5189999999999999,0.44114285714285717,25,2.696,3.88,2.5303999999999998,3.75,0.42400000000000004,0.36148571428571424,11,6,0,33,2.271515151515152,2.01969696969697,0.317878787878788,0.2885281385281386,52,2.911538461538462,2.8846153846153846,0.47788461538461546,0.41208791208791207,41,3.308780487804878,3.4160975609756097,0.5771951219512195,0.48801393728222997,19,4.316842105263158,0.8292105263157894,2.0,71.18,0.7118000000000001,20
51-9011.00,Chemical Equipment Operators and Tenders,2.0,0.25,10,2.9240000000000004,3.62,2.8120000000000003,3.12,0.4810000000000001,0.40171428571428575,25,2.4004,3.88,2.1448,3.88,0.35009999999999997,0.3064,8,6,4,33,2.0409090909090906,1.5287878787878788,0.26022727272727264,0.2183982683982684,52,2.7296153846153848,2.6248076923076926,0.4324038461538462,0.3749725274725275,41,2.802439024390244,2.421951219512195,0.45060975609756104,0.345993031358885,24,4.1025,0.775625,2.0,88.9,0.889,20
51-9012.00,"Separating, Filtering, Clarifying, Precipitating, and Still Machine Setters, Operators, and Tenders",2.0,0.25,10,2.875,3.12,2.814,3.12,0.46875,0.402,25,2.5507999999999997,3.75,2.2696,3.75,0.38769999999999993,0.3242285714285714,7,6,1,33,2.2806060606060607,2.0006060606060605,0.3201515151515152,0.2858008658008658,52,2.768653846153846,2.660769230769231,0.44216346153846153,0.38010989010989016,41,2.793658536585366,2.752682926829268,0.44841463414634153,0.3932404181184669,20,4.4555,0.863875,2.0,83.44,0.8344,20
51-9021.00,"Crushing, Grinding, and Polishing Machine Setters, Operators, and Tenders",2.0,0.25,10,2.739,3.12,2.6759999999999997,3.0,0.43474999999999997,0.38228571428571423,25,2.4859999999999998,3.88,2.2603999999999997,4.0,0.37149999999999994,0.32291428571428565,5,4,0,33,2.0527272727272727,1.737878787878788,0.2631818181818182,0.24826839826839828,52,2.761346153846154,2.6550000000000002,0.44033653846153853,0.37928571428571434,41,2.752682926829268,2.591463414634146,0.438170731707317,0.37020905923344943,21,3.8319047619047617,0.7079761904761904,2.0,61.72,0.6172,20
51-9022.00,"Grinding and Polishing Workers, Hand",2.0,0.25,10,2.4259999999999997,2.88,2.162,2.75,0.35649999999999993,0.30885714285714283,25,2.384,3.38,2.02,3.25,0.346,0.2885714285714286,2,2,0,33,1.8912121212121211,1.1036363636363637,0.22280303030303028,0.15766233766233767,52,2.691730769230769,2.3990384615384617,0.42293269230769226,0.3427197802197802,41,3.6502439024390245,4.384878048780488,0.6625609756097561,0.6264111498257839,17,3.949411764705882,0.7373529411764705,2.0,37.33,0.37329999999999997,20
51-9023.00,"Mixing and Blending Machine Setters, Operators, and Tenders",2.0,0.25,10,2.762,3.12,2.613,3.12,0.4405,0.3732857142857143,25,2.358,3.62,2.0,3.25,0.3395,0.2857142857142857,8,6,0,33,1.8733333333333333,1.4093939393939394,0.21833333333333332,0.20134199134199135,52,2.636346153846154,2.4698076923076924,0.40908653846153853,0.35282967032967033,41,3.0407317073170734,2.899512195121951,0.5101829268292684,0.41421602787456446,20,4.342499999999999,0.8356249999999998,2.0,80.32,0.8031999999999999,20
51-9031.00,"Cutters and Trimmers, Hand",2.0,0.25,10,2.3120000000000003,2.88,1.922,2.88,0.32800000000000007,0.2745714285714286,25,1.8744,2.88,1.3388,2.75,0.21860000000000002,0.19125714285714285,3,3,0,33,1.4984848484848485,0.6251515151515151,0.12462121212121213,0.08930735930735931,52,2.331730769230769,1.9925,0.3329326923076923,0.28464285714285714,41,2.748048780487805,2.4007317073170733,0.4370121951219512,0.3429616724738676,18,4.054444444444445,0.7636111111111112,1.0,72.8,0.728,20
51-9032.00,"Cutting and Slicing Machine Setters, Operators, and Tenders",2.0,0.25,10,2.538,3.12,2.25,3.0,0.38449999999999995,0.32142857142857145,25,2.4903999999999997,4.0,2.1904,4.0,0.37259999999999993,0.3129142857142857,4,4,0,33,2.4451515151515153,2.516969696969697,0.3612878787878788,0.3595670995670996,52,2.773653846153846,2.503653846153846,0.4434134615384615,0.35766483516483516,41,3.4460975609756095,3.399024390243903,0.6115243902439024,0.4855749128919861,28,3.843571428571429,0.7108928571428572,2.0,91.95,0.9195,20
51-9041.00,"Extruding, Forming, Pressing, and Compacting Machine Setters, Operators, and Tenders",2.0,0.25,10,2.686,3.38,2.3,3.12,0.4215,0.32857142857142857,25,2.4052000000000002,3.75,2.0140000000000002,3.75,0.35130000000000006,0.28771428571428576,7,5,0,33,2.2315151515151515,1.7912121212121213,0.30787878787878786,0.2558874458874459,52,2.770769230769231,2.5271153846153847,0.4426923076923077,0.3610164835164835,41,3.0490243902439027,2.863414634146342,0.5122560975609757,0.4090592334494774,26,4.176153846153846,0.7940384615384615,2.0,78.21,0.7820999999999999,20
51-9051.00,"Furnace, Kiln, Oven, Drier, and Kettle Operators and Tenders",2.0,0.25,10,2.685,3.12,2.4859999999999998,3.12,0.42125,0.3551428571428571,25,2.0696,3.88,1.5996000000000001,3.5,0.26739999999999997,0.22851428571428573,4,2,0,33,2.173030303030303,1.8093939393939393,0.2932575757575757,0.2584848484848485,52,2.4848076923076925,2.2859615384615384,0.3712019230769231,0.32656593406593404,41,3.0148780487804876,2.9270731707317075,0.5037195121951219,0.41815331010452966,17,3.998823529411765,0.7497058823529412,2.0,55.94,0.5594,20
51-9061.00,"Inspectors, Testers, Sorters, Samplers, and Weighers",2.0,0.25,10,2.748,3.25,2.661,3.25,0.43700000000000006,0.38014285714285717,25,2.2748,3.75,1.9396,3.38,0.3187,0.27708571428571427,42,18,5,33,2.131515151515152,1.8472727272727274,0.28287878787878795,0.2638961038961039,52,2.4996153846153844,2.2834615384615384,0.3749038461538461,0.3262087912087912,41,3.111951219512195,3.134390243902439,0.5279878048780487,0.44777003484320554,31,4.124516129032258,0.7811290322580644,2.0,69.81,0.6981,20
51-9071.00,Jewelers and Precious Stone and Metal Workers,3.0,0.5,10,2.5,3.12,2.5149999999999997,3.5,0.375,0.35928571428571426,25,2.0904,2.88,1.8007999999999997,3.0,0.27259999999999995,0.2572571428571428,13,6,0,33,2.529090909090909,2.751212121212121,0.3822727272727272,0.393030303030303,52,2.2934615384615387,2.081346153846154,0.32336538461538467,0.29733516483516487,41,3.0885365853658535,3.1482926829268294,0.5221341463414634,0.4497560975609756,30,3.838,0.7095,2.0,25.34,0.2534,20
51-9071.06,Gem and Diamond Workers,3.0,0.5,10,2.724,3.12,2.613,3.12,0.43100000000000005,0.3732857142857143,25,2.2052,3.38,1.96,4.0,0.3013,0.27999999999999997,7,0,0,33,2.0636363636363635,1.9206060606060606,0.2659090909090909,0.2743722943722944,52,2.3001923076923076,2.1003846153846153,0.3250480769230769,0.30005494505494507,41,3.1541463414634143,3.6570731707317075,0.5385365853658536,0.5224390243902439,22,3.7677272727272726,0.6919318181818181,3.0,20.74,0.20739999999999997,20
51-9081.00,Dental Laboratory Technicians,2.0,0.25,10,2.851,3.38,2.789,3.38,0.46275,0.39842857142857147,25,2.3616,3.25,2.1352,3.0,0.34040000000000004,0.3050285714285715,24,7,0,33,2.243636363636363,1.9372727272727273,0.3109090909090908,0.27675324675324675,52,2.4665384615384616,2.1428846153846153,0.3666346153846154,0.3061263736263736,41,3.3446341463414635,3.4951219512195126,0.5861585365853659,0.4993031358885018,17,4.4541176470588235,0.8635294117647059,2.0,51.74,0.5174,20
51-9082.00,Medical Appliance Technicians,2.0,0.25,10,3.098,3.75,3.0759999999999996,3.75,0.5245,0.4394285714285714,25,2.6848,3.75,2.52,3.88,0.4212,0.36,12,5,0,33,2.315757575757576,2.116060606060606,0.328939393939394,0.30229437229437234,52,2.6544230769230768,2.4476923076923076,0.4136057692307692,0.3496703296703297,41,3.440975609756098,2.9763414634146343,0.6102439024390245,0.42519163763066203,16,4.196875,0.7992187500000001,2.0,70.5,0.705,20
51-9083.00,Ophthalmic Laboratory Technicians,2.0,0.25,10,2.663,3.0,2.477,2.88,0.41574999999999995,0.3538571428571428,25,2.3680000000000003,3.25,2.0044,3.38,0.3420000000000001,0.2863428571428571,8,6,0,33,2.0854545454545454,1.4696969696969697,0.27136363636363636,0.20995670995670995,52,2.4565384615384613,2.206923076923077,0.36413461538461533,0.3152747252747253,41,2.6958536585365853,2.545121951219512,0.42396341463414633,0.363588850174216,18,4.417222222222223,0.8543055555555557,2.0,56.4,0.564,20
51-9111.00,Packaging and Filling Machine Operators and Tenders,2.0,0.25,10,2.487,3.12,2.163,2.88,0.37175,0.309,25,2.2556,3.25,1.8388,3.25,0.31389999999999996,0.2626857142857143,8,6,0,33,2.285151515151515,2.0336363636363637,0.3212878787878788,0.2905194805194805,52,2.600192307692308,2.538269230769231,0.400048076923077,0.36260989010989014,41,3.0517073170731708,2.8178048780487805,0.5129268292682927,0.4025435540069687,20,4.284000000000001,0.8210000000000002,2.0,79.69,0.7968999999999999,20
51-9123.00,"Painting, Coating, and Decorating Workers",2.0,0.25,10,2.3259999999999996,2.88,1.9240000000000002,2.62,0.3314999999999999,0.27485714285714286,25,1.9240000000000002,2.88,1.454,2.75,0.23100000000000004,0.2077142857142857,5,3,0,33,1.7087878787878787,0.9942424242424243,0.1771969696969697,0.14203463203463204,52,2.2211538461538463,1.8725,0.30528846153846156,0.2675,41,2.6304878048780487,2.239268292682927,0.40762195121951217,0.31989547038327526,9,4.2155555555555555,0.8038888888888889,1.0,59.01,0.5901,20
51-9124.00,"Coating, Painting, and Spraying Machine Setters, Operators, and Tenders",2.0,0.25,10,2.4219999999999997,3.12,2.138,3.0,0.3554999999999999,0.30542857142857144,25,2.3552,3.62,2.0,3.5,0.3388,0.2857142857142857,11,4,0,33,1.5375757575757576,0.8057575757575758,0.1343939393939394,0.11510822510822512,52,2.6773076923076924,2.550576923076923,0.4193269230769231,0.36436813186813183,41,3.0370731707317074,3.2860975609756093,0.5092682926829268,0.46944250871080134,29,4.099130434782609,0.7747826086956522,2.0,62.67,0.6267,20
51-9141.00,Semiconductor Processing Technicians,2.0,0.25,10,2.7399999999999998,3.38,2.489,3.38,0.43499999999999994,0.35557142857142854,25,2.3856,3.62,2.0956,3.5,0.34640000000000004,0.29937142857142857,11,6,5,33,2.116060606060606,1.3493939393939394,0.27901515151515155,0.19277056277056276,52,2.516923076923077,2.3225,0.37923076923076926,0.33178571428571424,41,3.3839024390243906,3.3490243902439025,0.5959756097560976,0.47843205574912895,17,4.314117647058824,0.828529411764706,2.0,83.85,0.8384999999999999,20
51-9151.00,Photographic Process Workers and Processing Machine Operators,2.0,0.25,10,2.787,3.38,2.789,3.38,0.44675,0.39842857142857147,25,2.6460000000000004,3.5,2.4096,3.12,0.4115000000000001,0.34422857142857144,25,19,3,33,1.8557575757575757,1.339090909090909,0.21393939393939393,0.1912987012987013,52,2.5353846153846153,2.3025,0.38384615384615384,0.32892857142857146,41,3.0168292682926827,2.6982926829268292,0.5042073170731707,0.38547038327526134,27,3.998518518518519,0.7496296296296298,2.0,84.07,0.8406999999999999,20
51-9161.00,Computer Numerically Controlled Tool Operators,2.0,0.25,10,2.873,3.62,2.913,3.62,0.46825000000000006,0.4161428571428571,25,2.67,4.12,2.4716,3.88,0.4175,0.3530857142857143,58,9,1,33,2.1942424242424243,1.8842424242424243,0.2985606060606061,0.2691774891774892,52,2.8528846153846152,2.836730769230769,0.4632211538461538,0.4052472527472527,41,3.0690243902439023,2.868292682926829,0.5172560975609756,0.4097560975609756,27,4.262962962962963,0.8157407407407407,2.0,48.24,0.4824,20
51-9162.00,Computer Numerically Controlled Tool Programmers,2.0,0.25,10,2.888,3.5,3.05,3.62,0.472,0.43571428571428567,25,2.5584000000000002,3.75,2.5036,4.0,0.38960000000000006,0.35765714285714284,78,9,6,33,2.257878787878788,1.9566666666666666,0.31446969696969695,0.2795238095238095,52,2.5796153846153844,2.4421153846153847,0.3949038461538461,0.3488736263736264,41,3.18390243902439,3.173170731707317,0.5459756097560975,0.4533101045296167,16,4.003125,0.75078125,2.0,32.77,0.32770000000000005,20
51-9191.00,Adhesive Bonding Machine Operators and Tenders,2.0,0.25,10,2.686,3.12,2.337,3.12,0.4215,0.3338571428571429,25,2.4148,3.88,2.14,4.0,0.3537,0.3057142857142857,5,5,0,33,2.0815151515151515,1.696969696969697,0.2703787878787879,0.24242424242424243,52,2.8123076923076926,2.5473076923076925,0.45307692307692315,0.36390109890109895,41,2.9614634146341463,2.5543902439024393,0.4903658536585366,0.36491289198606275,16,4.23,0.8075000000000001,2.0,72.61,0.7261,20
51-9192.00,"Cleaning, Washing, and Metal Pickling Equipment Operators and Tenders",2.0,0.25,10,2.439,2.88,2.036,3.0,0.35975,0.29085714285714287,25,2.0848,3.25,1.5944,3.0,0.2712,0.22777142857142857,2,2,0,33,1.760909090909091,1.1912121212121214,0.19022727272727274,0.1701731601731602,52,2.4257692307692307,2.164230769230769,0.35644230769230767,0.3091758241758242,41,3.1573170731707316,2.8407317073170733,0.5393292682926829,0.40581881533101044,11,3.960909090909091,0.7402272727272727,2.0,59.82,0.5982,20
51-9193.00,Cooling and Freezing Equipment Operators and Tenders,2.0,0.25,10,2.875,3.62,2.715,3.38,0.46875,0.38785714285714284,25,2.6351999999999998,3.88,2.3596,3.88,0.40879999999999994,0.33708571428571427,5,4,0,33,2.1751515151515153,1.7757575757575759,0.2937878787878788,0.25367965367965367,52,2.6848076923076927,2.5359615384615384,0.42120192307692317,0.3622802197802198,41,3.2178048780487805,3.2414634146341466,0.5544512195121951,0.46306620209059235,18,3.8955555555555557,0.7238888888888889,1.0,51.44,0.5144,20
51-9194.00,Etchers and Engravers,2.0,0.25,10,2.524,3.12,2.3,3.12,0.381,0.32857142857142857,25,2.294,3.12,1.8892000000000002,3.0,0.3235,0.26988571428571434,8,3,1,33,1.9790909090909092,1.6139393939393938,0.2447727272727273,0.23056277056277055,52,2.503846153846154,2.266730769230769,0.37596153846153846,0.3238186813186813,41,3.050731707317073,2.856585365853659,0.5126829268292683,0.40808362369337986,26,4.17576923076923,0.7939423076923076,2.0,53.86,0.5386,20
51-9195.00,"Molders, Shapers, and Casters, Except Metal and Plastic",2.0,0.25,10,2.387,2.88,2.087,2.62,0.34675,0.29814285714285715,25,2.1444,3.0,1.7564,2.88,0.2861,0.2509142857142857,8,5,0,33,1.9024242424242424,1.4084848484848485,0.2256060606060606,0.2012121212121212,52,2.5969230769230767,2.393653846153846,0.39923076923076917,0.3419505494505494,41,2.8221951219512196,2.651951219512195,0.4555487804878049,0.37885017421602785,24,3.8240909090909088,0.7060227272727272,Unspecified,0.0,0.0,20
51-9195.03,"Stone Cutters and Carvers, Manufacturing",2.0,0.25,10,2.527,3.0,2.2009999999999996,2.88,0.38175000000000003,0.3144285714285714,25,2.174,3.0,1.6696,2.5,0.2935,0.2385142857142857,5,2,0,33,2.244242424242424,1.7560606060606059,0.31106060606060604,0.25086580086580085,52,2.5998076923076923,2.2642307692307693,0.39995192307692307,0.32346153846153847,41,3.631951219512195,3.2451219512195126,0.6579878048780488,0.4635888501742161,14,4.0321428571428575,0.7580357142857144,2.0,65.55,0.6555,20
51-9195.04,"Glass Blowers, Molders, Benders, and Finishers",2.0,0.25,10,2.713,3.12,2.55,3.0,0.42825,0.36428571428571427,25,2.3052,3.12,2.0044,3.12,0.32630000000000003,0.2863428571428571,4,2,0,33,2.14030303030303,2.131818181818182,0.28507575757575754,0.30454545454545456,52,2.678653846153846,2.5053846153846155,0.41966346153846146,0.35791208791208795,41,2.92,3.3107317073170734,0.48,0.4729616724738676,19,4.00421052631579,0.7510526315789474,2.0,27.27,0.2727,20
51-9195.05,"Potters, Manufacturing",3.0,0.5,10,2.4379999999999997,3.0,2.325,3.12,0.35949999999999993,0.3321428571428572,25,2.104,3.25,1.6844,3.12,0.276,0.24062857142857141,3,2,0,33,2.333030303030303,2.204848484848485,0.33325757575757575,0.314978354978355,52,2.6275,2.4663461538461537,0.406875,0.3523351648351648,41,2.6665853658536585,2.5817073170731706,0.4166463414634146,0.36881533101045294,23,4.186521739130435,0.7966304347826088,4.0,30.9,0.309,20
51-9196.00,"Paper Goods Machine Setters, Operators, and Tenders",2.0,0.25,10,2.5,3.0,2.212,3.0,0.375,0.316,25,2.406,3.62,2.0536000000000003,3.12,0.35150000000000003,0.2933714285714286,10,7,0,33,1.9445454545454546,1.2345454545454546,0.23613636363636364,0.17636363636363636,52,2.512307692307692,2.2675,0.378076923076923,0.32392857142857145,41,3.135365853658537,2.7897560975609754,0.5338414634146342,0.3985365853658536,14,4.192857142857142,0.7982142857142855,2.0,69.35,0.6934999999999999,20
51-9197.00,Tire Builders,2.0,0.25,10,2.275,3.0,1.887,2.88,0.31875,0.2695714285714286,25,2.02,3.25,1.4544,3.38,0.255,0.20777142857142855,10,7,0,33,1.9833333333333334,1.437878787878788,0.24583333333333335,0.20541125541125543,52,2.6173076923076923,2.3073076923076923,0.4043269230769231,0.3296153846153846,41,3.1658536585365855,2.8980487804878052,0.5414634146341464,0.414006968641115,20,4.396,0.849,2.0,66.45,0.6645,20
51-9198.00,Helpers--Production Workers,2.0,0.25,10,2.248,2.75,1.736,2.12,0.31200000000000006,0.248,25,1.9836,2.75,1.3992000000000002,2.62,0.2459,0.1998857142857143,11,10,0,33,2.074242424242424,1.8366666666666667,0.26856060606060606,0.2623809523809524,52,2.518653846153846,2.250192307692308,0.37966346153846153,0.321456043956044,41,3.158536585365854,3.1324390243902442,0.5396341463414634,0.4474912891986063,34,3.689117647058824,0.672279411764706,1.0,34.56,0.3456,20
51-9199.00,"Production Workers, All Other",3.0,0.5,0,0.0,,0.0,,0.0,0.0,0,0.0,,0.0,,0.0,0.0,0,0,0,0,0.0,0.0,0.0,0.0,0,0.0,0.0,0.0,0.0,0,0.0,0.0,0.0,0.0,0,0.0,0.0,Unspecified,0.0,0.0,0
53-1041.00,Aircraft Cargo Handling Supervisors,2.0,0.25,10,3.198,3.75,2.963,3.88,0.5495,0.4232857142857143,25,2.5644,3.75,2.2748,3.75,0.3911,0.3249714285714286,8,5,0,33,2.694545454545455,2.6666666666666665,0.4236363636363637,0.38095238095238093,52,2.9130769230769227,2.7761538461538464,0.47826923076923067,0.39659340659340664,41,3.5124390243902437,3.8041463414634147,0.6281097560975609,0.5434494773519164,6,4.498333333333333,0.8745833333333333,2.0,64.06,0.6406000000000001,20
53-1042.00,"First-Line Supervisors of Helpers, Laborers, and Material Movers, Hand",2.0,0.25,10,2.95,3.62,3.011,3.75,0.48750000000000004,0.43014285714285716,25,2.4548,3.75,2.2652,3.75,0.3637,0.3236,15,8,8,33,2.259090909090909,2.055454545454545,0.3147727272727272,0.2936363636363636,52,2.5807692307692305,2.4065384615384615,0.3951923076923076,0.3437912087912088,41,3.3458536585365857,3.7043902439024388,0.5864634146341464,0.529198606271777,24,3.9945833333333334,0.7486458333333333,2.0,35.2,0.35200000000000004,20
53-1042.01,Recycling Coordinators,2.0,0.25,10,3.1109999999999998,3.88,2.9240000000000004,3.5,0.5277499999999999,0.41771428571428576,25,2.4004,3.75,2.13,3.62,0.35009999999999997,0.30428571428571427,11,7,4,33,2.439090909090909,2.3006060606060608,0.35977272727272724,0.3286580086580087,52,2.3846153846153846,2.016153846153846,0.34615384615384615,0.28802197802197804,41,3.634390243902439,3.914390243902439,0.6585975609756097,0.559198606271777,23,3.6599999999999997,0.6649999999999999,2.0,47.06,0.4706,20
53-1043.00,First-Line Supervisors of Material-Moving Machine and Vehicle Operators,3.0,0.5,10,3.224,4.0,3.124,3.88,0.556,0.4462857142857143,25,2.6648,4.0,2.4212000000000002,3.88,0.4162,0.3458857142857143,34,7,5,33,2.9,3.2127272727272724,0.475,0.4589610389610389,52,2.5936538461538463,2.3771153846153847,0.3984134615384616,0.3395879120879121,41,3.6102439024390245,3.7912195121951218,0.6525609756097561,0.541602787456446,22,3.9463157894736844,0.7365789473684211,2.0,29.86,0.2986,20
53-1044.00,First-Line Supervisors of Passenger Attendants,3.0,0.5,10,3.225,3.88,3.124,3.88,0.55625,0.4462857142857143,25,2.61,3.88,2.24,3.62,0.40249999999999997,0.32,15,7,4,33,2.705151515151515,2.7154545454545453,0.42628787878787877,0.3879220779220779,52,2.6717307692307695,2.374615384615385,0.41793269230769237,0.3392307692307693,41,4.055609756097561,4.719268292682927,0.7639024390243903,0.6741811846689896,19,4.192631578947368,0.798157894736842,2.0,32.89,0.3289,20
53-1049.00,"First-Line Supervisors of Transportation Workers, All Other",3.0,0.5,0,0.0,,0.0,,0.0,0.0,0,0.0,,0.0,,0.0,0.0,0,0,0,0,0.0,0.0,0.0,0.0,0,0.0,0.0,0.0,0.0,0,0.0,0.0,0.0,0.0,0,0.0,0.0,Unspecified,0.0,0.0,0
53-2011.00,"Airline Pilots, Copilots, and Flight Engineers",4.0,0.75,10,3.5730000000000004,4.12,3.7230000000000003,4.25,0.6432500000000001,0.5318571428571429,25,2.734,4.88,2.574,5.62,0.4335,0.3677142857142857,25,7,1,33,2.291212121212121,2.0578787878787876,0.32280303030303026,0.29398268398268396,52,3.3888461538461536,3.5,0.5972115384615384,0.5,41,3.2170731707317075,3.3397560975609757,0.5542682926829269,0.47710801393728225,24,4.28375,0.8209375000000001,6.0,61.02,0.6102000000000001,20
53-2012.00,Commercial Pilots,3.0,0.5,10,3.461,4.12,3.6119999999999997,4.12,0.61525,0.5159999999999999,25,2.6351999999999998,4.75,2.4252000000000002,5.25,0.40879999999999994,0.3464571428571429,33,2,0,33,2.2648484848484847,2.0006060606060605,0.31621212121212117,0.2858008658008658,52,3.18,3.2296153846153848,0.545,0.4613736263736264,41,3.8360975609756096,4.864390243902439,0.7090243902439024,0.6949128919860627,24,4.40875,0.8521875000000001,3.0,36.44,0.3644,20
53-2021.00,Air Traffic Controllers,3.0,0.5,10,3.5119999999999996,4.38,3.5,4.25,0.6279999999999999,0.5,25,2.5896,4.12,2.2856,4.5,0.3974,0.3265142857142857,19,8,4,33,2.2269696969696966,2.0915151515151513,0.30674242424242415,0.29878787878787877,52,2.785576923076923,2.553076923076923,0.4463942307692308,0.36472527472527466,41,2.9778048780487807,3.316829268292683,0.4944512195121952,0.4738327526132404,23,4.391304347826087,0.8478260869565217,2.0,36.14,0.3614,20
53-2022.00,Airfield Operations Specialists,3.0,0.5,10,3.2619999999999996,4.0,3.2369999999999997,4.12,0.5654999999999999,0.46242857142857136,25,2.4296,3.75,2.1404,4.0,0.35740000000000005,0.3057714285714286,23,14,2,33,2.5884848484848484,2.3315151515151515,0.3971212121212121,0.3330735930735931,52,2.694807692307692,2.443846153846154,0.423701923076923,0.34912087912087914,41,3.507317073170732,3.8182926829268293,0.626829268292683,0.5454703832752613,27,4.045925925925926,0.7614814814814814,6.0,50.86,0.5085999999999999,20
53-2031.00,Flight Attendants,2.0,0.25,10,3.037,4.12,2.8009999999999997,3.75,0.50925,0.4001428571428571,25,2.2556,3.75,1.78,3.62,0.31389999999999996,0.2542857142857143,12,6,4,33,2.577878787878788,2.3293939393939396,0.394469696969697,0.33277056277056277,52,2.6173076923076923,2.379423076923077,0.4043269230769231,0.3399175824175824,41,2.998048780487805,2.94609756097561,0.4995121951219512,0.42087108013937286,25,4.0308,0.7577,2.0,70.27,0.7027,20
53-3011.00,"Ambulance Drivers and Attendants, Except Emergency Medical Technicians",2.0,0.25,10,2.862,3.5,2.738,3.38,0.4655,0.3911428571428571,25,2.22,3.38,1.8692000000000002,3.12,0.30500000000000005,0.26702857142857145,6,4,0,33,2.567575757575758,2.271818181818182,0.39189393939393946,0.3245454545454546,52,2.8159615384615386,2.709230769230769,0.45399038461538466,0.387032967032967,41,3.607317073170732,3.8846341463414635,0.651829268292683,0.5549477351916376,11,4.4363636363636365,0.8590909090909091,3.0,36.47,0.36469999999999997,20
53-3031.00,Driver/Sales Workers,2.0,0.25,10,2.749,3.75,2.376,3.38,0.43725,0.3394285714285714,25,2.1048,3.12,1.672,3.0,0.2762,0.23885714285714285,11,2,0,33,2.0506060606060608,1.4812121212121212,0.2626515151515152,0.2116017316017316,52,2.583846153846154,2.4275,0.3959615384615385,0.3467857142857143,41,2.7304878048780488,2.3334146341463415,0.4326219512195122,0.33334494773519163,11,3.880909090909091,0.7202272727272727,2.0,64.02,0.6402,20
53-3032.00,Heavy and Tractor-Trailer Truck Drivers,2.0,0.25,10,2.525,3.12,2.3129999999999997,3.0,0.38125,0.3304285714285714,25,2.3508,3.75,2.0307999999999997,3.62,0.3377,0.29011428571428566,20,6,0,33,2.1633333333333336,1.7996969696969698,0.2908333333333334,0.2570995670995671,52,2.8996153846153847,2.8013461538461537,0.4749038461538462,0.4001923076923077,41,2.7939024390243903,2.6809756097560977,0.44847560975609757,0.38299651567944254,29,4.340344827586207,0.8350862068965517,2.0,54.34,0.5434,20
53-3033.00,Light Truck Drivers,2.0,0.25,10,2.572,3.12,2.262,3.0,0.393,0.3231428571428571,25,2.1036,3.12,1.6,2.88,0.27590000000000003,0.2285714285714286,13,4,0,33,2.0263636363636364,1.5081818181818183,0.2565909090909091,0.21545454545454548,52,2.713461538461538,2.4976923076923074,0.42836538461538454,0.3568131868131868,41,3.1809756097560973,3.107073170731707,0.5452439024390243,0.4438675958188153,13,4.41,0.8525,2.0,73.97,0.7397,20
53-3051.00,"Bus Drivers, School",2.0,0.25,10,2.651,3.38,2.35,3.25,0.41274999999999995,0.33571428571428574,25,2.0707999999999998,3.25,1.5696,3.0,0.26769999999999994,0.22422857142857144,3,1,0,33,2.1084848484848484,1.5651515151515152,0.2771212121212121,0.2235930735930736,52,2.771346153846154,2.5715384615384616,0.4428365384615385,0.36736263736263736,41,2.8285365853658537,2.800975609756098,0.45713414634146343,0.40013937282229967,17,4.521764705882354,0.8804411764705884,2.0,59.27,0.5927,20
53-3052.00,"Bus Drivers, Transit and Intercity",2.0,0.25,10,2.523,3.12,2.025,2.75,0.38075000000000003,0.28928571428571426,25,2.1696,3.88,1.4896,3.12,0.2924,0.21280000000000002,4,1,0,33,2.2245454545454546,1.7303030303030305,0.30613636363636365,0.2471861471861472,52,2.798076923076923,2.3413461538461537,0.4495192307692307,0.33447802197802196,41,2.9280487804878046,2.78390243902439,0.48201219512195115,0.3977003484320557,14,4.2542857142857144,0.8135714285714286,2.0,83.83,0.8382999999999999,20
53-3053.00,Shuttle Drivers and Chauffeurs,2.0,0.25,10,2.613,3.38,2.3129999999999997,3.12,0.40325,0.3304285714285714,25,2.1752000000000002,3.25,1.7212,3.0,0.29380000000000006,0.2458857142857143,18,4,0,33,2.943636363636364,2.8421212121212123,0.48590909090909096,0.40601731601731605,52,2.751923076923077,2.5140384615384614,0.43798076923076923,0.3591483516483516,41,3.0375609756097557,2.7851219512195122,0.5093902439024389,0.3978745644599303,26,4.383846153846154,0.8459615384615384,2.0,56.23,0.5623,20
53-3054.00,Taxi Drivers,2.0,0.25,0,0.0,,0.0,,0.0,0.0,0,0.0,,0.0,,0.0,0.0,15,4,0,0,0.0,0.0,0.0,0.0,0,0.0,0.0,0.0,0.0,0,0.0,0.0,0.0,0.0,16,0.0,0.0,Unspecified,0.0,0.0,20
53-3099.00,"Motor Vehicle Operators, All Other",3.0,0.5,0,0.0,,0.0,,0.0,0.0,0,0.0,,0.0,,0.0,0.0,0,0,0,0,0.0,0.0,0.0,0.0,0,0.0,0.0,0.0,0.0,0,0.0,0.0,0.0,0.0,0,0.0,0.0,Unspecified,0.0,0.0,0
53-4011.00,Locomotive Engineers,2.0,0.25,10,2.962,3.88,2.788,4.0,0.49050000000000005,0.39828571428571424,25,2.3244,4.25,2.0052000000000003,4.25,0.33109999999999995,0.2864571428571429,5,2,0,33,2.1084848484848484,1.8606060606060606,0.2771212121212121,0.2658008658008658,52,3.0,2.913653846153846,0.5,0.4162362637362637,41,3.219024390243902,3.1507317073170733,0.5547560975609755,0.45010452961672476,15,4.328666666666667,0.8321666666666667,2.0,64.24,0.6424,20
53-4013.00,"Rail Yard Engineers, Dinkey Operators, and Hostlers",2.0,0.25,10,2.9379999999999997,3.62,2.561,3.12,0.48449999999999993,0.3658571428571428,25,2.5795999999999997,3.75,2.15,3.62,0.3948999999999999,0.3071428571428571,8,0,0,33,2.0745454545454547,1.667878787878788,0.2686363636363637,0.23826839826839827,52,2.958653846153846,2.852692307692308,0.4896634615384615,0.40752747252747257,41,3.395609756097561,4.063658536585366,0.5989024390243902,0.5805226480836236,23,4.204782608695653,0.8011956521739132,2.0,82.54,0.8254,20
53-4022.00,"Railroad Brake, Signal, and Switch Operators and Locomotive Firers",2.0,0.25,10,2.502,3.38,2.087,3.12,0.37549999999999994,0.29814285714285715,25,2.2092,3.5,1.7644,3.12,0.3023,0.25205714285714287,8,4,2,33,1.982727272727273,1.7333333333333334,0.24568181818181822,0.24761904761904763,52,2.7986538461538464,2.5317307692307693,0.4496634615384616,0.36167582417582417,41,2.9682926829268292,3.1151219512195123,0.4920731707317073,0.44501742160278746,25,4.3660000000000005,0.8415000000000001,2.0,86.98,0.8698,20
53-4031.00,Railroad Conductors and Yardmasters,2.0,0.25,10,3.024,3.75,2.886,4.0,0.506,0.4122857142857143,25,2.4612,3.75,2.1044,3.88,0.36529999999999996,0.3006285714285714,14,5,1,33,2.3057575757575757,1.9857575757575758,0.3264393939393939,0.2836796536796537,52,2.8075,2.7305769230769235,0.451875,0.39008241758241763,41,2.84390243902439,2.770487804878049,0.4609756097560975,0.39578397212543553,20,4.1935,0.7983750000000001,2.0,85.64,0.8564,20
53-4041.00,Subway and Streetcar Operators,2.0,0.25,10,2.8120000000000003,3.62,2.536,3.25,0.45300000000000007,0.36228571428571427,25,2.4044,3.88,2.0,3.88,0.35109999999999997,0.2857142857142857,1,1,0,33,1.9948484848484849,1.444242424242424,0.24871212121212122,0.2063203463203463,52,2.9590384615384617,2.740769230769231,0.48975961538461543,0.39153846153846156,41,2.9314634146341465,2.9702439024390244,0.4828658536585366,0.4243205574912892,10,4.564,0.891,2.0,86.52,0.8652,20
53-4099.00,"Rail Transportation Workers, All Other",3.0,0.5,0,0.0,,0.0,,0.0,0.0,0,0.0,,0.0,,0.0,0.0,0,0,0,0,0.0,0.0,0.0,0.0,0,0.0,0.0,0.0,0.0,0,0.0,0.0,0.0,0.0,0,0.0,0.0,Unspecified,0.0,0.0,0
53-5011.00,Sailors and Marine Oilers,2.0,0.25,10,2.725,3.5,2.599,3.25,0.43125,0.37128571428571433,25,2.45,3.75,2.2324,3.88,0.36250000000000004,0.31891428571428576,10,6,0,33,1.8942424242424243,1.5796969696969698,0.22356060606060607,0.2256709956709957,52,3.0378846153846153,3.0936538461538463,0.5094711538461538,0.44195054945054946,41,3.166341463414634,3.311219512195122,0.5415853658536585,0.4730313588850174,24,3.7120833333333336,0.6780208333333334,2.0,37.17,0.37170000000000003,20
53-5021.00,"Captains, Mates, and Pilots of Water Vessels",3.0,0.5,10,3.039,3.5,2.989,3.38,0.50975,0.427,25,2.8196,3.62,2.7784000000000004,4.0,0.45489999999999997,0.3969142857142858,18,7,1,33,2.4842424242424244,2.505757575757576,0.3710606060606061,0.357965367965368,52,3.1028846153846152,3.0932692307692307,0.5257211538461538,0.4418956043956044,41,3.3858536585365853,3.8131707317073174,0.5964634146341463,0.5447386759581881,30,4.3389655172413795,0.8347413793103449,2.0,41.98,0.41979999999999995,20
53-5022.00,Motorboat Operators,2.0,0.25,10,2.726,3.38,2.614,3.38,0.4315,0.3734285714285714,25,2.6408,3.88,2.376,4.0,0.4102,0.3394285714285714,8,0,0,33,2.464242424242424,2.396060606060606,0.366060606060606,0.34229437229437226,52,2.936153846153846,2.8798076923076925,0.48403846153846153,0.41140109890109894,41,3.0160975609756098,3.1053658536585362,0.5040243902439024,0.4436236933797909,16,4.254375,0.8135937499999999,2.0,39.74,0.39740000000000003,20
53-5031.00,Ship Engineers,3.0,0.5,10,3.1,3.88,3.089,3.88,0.525,0.4412857142857143,25,2.8056,3.88,2.6952,3.88,0.4514,0.3850285714285714,19,11,0,33,2.372121212121212,2.31969696969697,0.343030303030303,0.3313852813852814,52,2.8932692307692305,2.876923076923077,0.4733173076923076,0.41098901098901097,41,3.5160975609756098,3.8302439024390242,0.6290243902439024,0.547177700348432,17,4.333529411764706,0.8333823529411766,2.0,47.95,0.47950000000000004,20
53-6011.00,Bridge and Lock Tenders,2.0,0.25,10,2.601,3.25,2.3259999999999996,3.0,0.40025,0.33228571428571424,25,2.1344,3.0,1.6632,3.0,0.28359999999999996,0.2376,8,6,0,33,1.9984848484848485,1.6527272727272726,0.24962121212121213,0.2361038961038961,52,2.564230769230769,2.4928846153846154,0.3910576923076923,0.3561263736263736,41,2.747560975609756,2.470731707317073,0.436890243902439,0.3529616724738676,18,4.566111111111111,0.8915277777777777,2.0,65.0,0.65,20
53-6021.00,Parking Attendants,2.0,0.25,10,2.575,3.5,2.0140000000000002,2.75,0.39375000000000004,0.28771428571428576,25,1.98,3.38,1.3456000000000001,2.5,0.245,0.19222857142857144,8,4,0,33,1.9157575757575758,1.3936363636363638,0.22893939393939394,0.19909090909090912,52,2.6326923076923077,2.316923076923077,0.4081730769230769,0.33098901098901096,41,2.5724390243902437,2.0634146341463415,0.39310975609756094,0.2947735191637631,15,3.95,0.7375,2.0,60.75,0.6075,20
53-6031.00,Automotive and Watercraft Service Attendants,2.0,0.25,10,2.587,3.12,2.165,2.88,0.39675000000000005,0.3092857142857143,25,2.4436,3.12,1.9336000000000002,3.0,0.3609,0.27622857142857143,10,6,4,33,2.2627272727272727,1.997272727272727,0.3156818181818182,0.2853246753246753,52,2.6634615384615383,2.4071153846153845,0.4158653846153846,0.34387362637362634,41,3.1063414634146342,3.153170731707317,0.5265853658536586,0.4504529616724739,14,3.9314285714285715,0.7328571428571429,2.0,58.62,0.5861999999999999,20
53-6032.00,Aircraft Service Attendants,2.0,0.25,10,2.6879999999999997,3.25,2.337,2.88,0.42199999999999993,0.3338571428571429,25,2.1704,3.0,1.786,2.88,0.29259999999999997,0.25514285714285717,12,4,0,33,1.973030303030303,1.5572727272727274,0.24325757575757573,0.22246753246753248,52,2.696153846153846,2.5028846153846156,0.4240384615384615,0.35755494505494506,41,3.2382926829268297,3.428292682926829,0.5595731707317074,0.4897560975609756,11,4.386363636363637,0.8465909090909092,2.0,76.55,0.7655,20
53-6041.00,Traffic Technicians,3.0,0.5,10,3.086,3.62,3.287,4.0,0.5215,0.4695714285714286,25,2.5608,3.25,2.3452,3.62,0.3902,0.33502857142857145,28,18,2,33,2.4442424242424243,2.336969696969697,0.3610606060606061,0.33385281385281385,52,2.520769230769231,2.31,0.3801923076923077,0.33,41,3.2980487804878047,3.5470731707317076,0.5745121951219512,0.5067247386759582,22,3.63,0.6575,2.0,42.94,0.4294,20
53-6051.00,Transportation Inspectors,4.0,0.75,10,3.073,3.62,2.9490000000000003,3.62,0.51825,0.4212857142857143,25,2.3287999999999998,3.38,1.99,3.25,0.33219999999999994,0.2842857142857143,8,6,4,33,2.308181818181818,2.3296969696969696,0.32704545454545453,0.3328138528138528,52,2.6153846153846154,2.389615384615385,0.40384615384615385,0.3413736263736264,41,3.1109756097560974,3.3536585365853657,0.5277439024390244,0.47909407665505227,17,4.094285714285714,0.7735714285714286,Unspecified,0.0,0.0,20
53-6051.01,Aviation Inspectors,3.0,0.5,10,3.377,4.0,3.3519999999999994,4.0,0.59425,0.47885714285714276,25,2.7264,3.75,2.6104000000000003,4.0,0.4316,0.37291428571428575,16,12,3,33,2.9672727272727273,3.3575757575757574,0.4918181818181818,0.4796536796536796,52,2.7834615384615384,2.695576923076923,0.4458653846153846,0.38508241758241757,41,3.583170731707317,4.111219512195122,0.6457926829268292,0.5873170731707317,13,4.2846153846153845,0.8211538461538461,5.0,33.65,0.33649999999999997,20
53-6051.07,"Transportation Vehicle, Equipment and Systems Inspectors, Except Aviation",2.0,0.25,10,2.675,3.12,2.54,3.12,0.41874999999999996,0.3628571428571429,25,2.254,3.5,1.9507999999999999,3.25,0.3135,0.27868571428571426,14,6,3,33,2.0569696969696967,1.7633333333333332,0.26424242424242417,0.2519047619047619,52,2.5250000000000004,2.38,0.3812500000000001,0.33999999999999997,41,3.362195121951219,3.4292682926829268,0.5905487804878048,0.48989547038327524,20,3.5445,0.636125,2.0,57.78,0.5778,20
53-6061.00,Passenger Attendants,2.0,0.25,10,2.725,3.75,2.364,3.38,0.43125,0.3377142857142857,25,2.0444,3.62,1.5252000000000001,3.62,0.2611,0.2178857142857143,6,3,0,33,1.81,1.0236363636363637,0.2025,0.14623376623376624,52,2.418076923076923,2.0932692307692307,0.35451923076923075,0.29903846153846153,41,3.1236585365853657,2.7107317073170734,0.5309146341463414,0.3872473867595819,12,4.426666666666667,0.8566666666666667,2.0,50.14,0.5014,20
53-6099.00,"Transportation Workers, All Other",3.0,0.5,0,0.0,,0.0,,0.0,0.0,0,0.0,,0.0,,0.0,0.0,0,0,0,0,0.0,0.0,0.0,0.0,0,0.0,0.0,0.0,0.0,0,0.0,0.0,0.0,0.0,0,0.0,0.0,Unspecified,0.0,0.0,0
53-7011.00,Conveyor Operators and Tenders,2.0,0.25,10,2.675,3.38,2.5509999999999997,3.12,0.41874999999999996,0.3644285714285714,25,2.5004,4.0,2.2196000000000002,4.0,0.3751,0.3170857142857143,7,3,0,33,1.6248484848484848,0.9175757575757576,0.1562121212121212,0.13108225108225108,52,2.711346153846154,2.5673076923076925,0.42783653846153846,0.3667582417582418,41,2.7351219512195124,2.5926829268292684,0.4337804878048781,0.37038327526132403,23,3.6717391304347826,0.6679347826086957,1.0,70.04,0.7004,20
53-7021.00,Crane and Tower Operators,3.0,0.5,10,2.698,3.25,2.413,3.0,0.4245,0.3447142857142857,25,2.3552,3.88,2.01,3.5,0.3388,0.2871428571428571,6,4,0,33,1.9987878787878786,1.766969696969697,0.24969696969696964,0.25242424242424244,52,2.882307692307692,2.710384615384615,0.470576923076923,0.38719780219780214,41,3.567073170731707,4.2543902439024395,0.6417682926829268,0.6077700348432057,11,4.3545454545454545,0.8386363636363636,3.0,60.63,0.6063000000000001,20
53-7031.00,Dredge Operators,2.0,0.25,10,2.439,3.0,2.164,2.88,0.35975,0.30914285714285716,25,2.3848,3.75,2.086,3.62,0.34619999999999995,0.298,6,0,0,33,1.9075757575757575,1.42,0.22689393939393937,0.20285714285714285,52,2.6398076923076923,2.433076923076923,0.4099519230769231,0.3475824175824176,41,2.801219512195122,2.1702439024390245,0.4503048780487805,0.31003484320557495,6,4.276666666666666,0.8191666666666666,2.0,79.97,0.7997,20
53-7041.00,Hoist and Winch Operators,2.0,0.25,10,2.8120000000000003,3.75,2.15,2.62,0.45300000000000007,0.3071428571428571,25,2.5492000000000004,3.62,2.0096000000000003,3.38,0.3873000000000001,0.28708571428571433,2,2,0,33,2.0542424242424246,1.778181818181818,0.26356060606060616,0.254025974025974,52,2.8850000000000002,2.498076923076923,0.47125000000000006,0.3568681318681319,41,3.0407317073170734,3.2424390243902437,0.5101829268292684,0.46320557491289194,13,4.162307692307692,0.7905769230769231,2.0,65.41,0.6541,20
53-7051.00,Industrial Truck and Tractor Operators,2.0,0.25,10,2.412,2.88,1.975,2.62,0.353,0.28214285714285714,25,2.2444,3.88,1.7247999999999999,3.0,0.31110000000000004,0.24639999999999998,17,6,1,33,1.7745454545454546,1.0960606060606062,0.19363636363636366,0.1565800865800866,52,2.7396153846153846,2.586346153846154,0.43490384615384614,0.369478021978022,41,3.3378048780487806,3.4570731707317077,0.5844512195121951,0.4938675958188154,9,4.276666666666667,0.8191666666666668,2.0,73.41,0.7341,20
53-7061.00,Cleaners of Vehicles and Equipment,2.0,0.25,10,2.1,2.75,1.4629999999999999,2.25,0.275,0.209,25,2.0704,3.0,1.4752,3.0,0.26759999999999995,0.21074285714285715,6,1,0,33,2.1360606060606058,1.13,0.28401515151515144,0.16142857142857142,52,2.3390384615384616,1.8819230769230768,0.3347596153846154,0.26884615384615385,41,3.0553658536585364,3.2978048780487805,0.5138414634146341,0.47111498257839723,20,3.6670000000000003,0.6667500000000001,2.0,54.02,0.5402,20
53-7062.00,"Laborers and Freight, Stock, and Material Movers, Hand",2.0,0.25,10,2.3,2.88,1.823,2.12,0.32499999999999996,0.2604285714285714,25,1.96,3.0,1.5152,2.75,0.24,0.21645714285714288,20,11,1,33,1.9415151515151514,1.365151515151515,0.23537878787878785,0.195021645021645,52,2.576923076923077,2.418653846153846,0.3942307692307693,0.345521978021978,41,2.7873170731707315,1.92,0.4468292682926829,0.2742857142857143,13,3.82,0.705,2.0,88.86,0.8886,20
53-7062.04,Recycling and Reclamation Workers,2.0,0.25,10,2.4240000000000004,3.12,2.214,2.88,0.3560000000000001,0.3162857142857143,25,2.1548,3.25,1.7548,2.75,0.28869999999999996,0.2506857142857143,4,3,0,33,2.244545454545454,2.0354545454545456,0.31113636363636354,0.2907792207792208,52,2.6675,2.4765384615384614,0.416875,0.3537912087912088,41,2.956829268292683,3.004146341463415,0.4892073170731708,0.42916376306620213,14,3.992857142857143,0.7482142857142857,2.0,74.12,0.7412000000000001,20
53-7063.00,Machine Feeders and Offbearers,2.0,0.25,10,2.35,3.0,2.137,2.88,0.3375,0.30528571428571427,25,2.0004,3.38,1.5064,3.38,0.2501,0.2152,5,3,0,33,1.9984848484848485,1.543030303030303,0.24962121212121213,0.22043290043290042,52,2.5076923076923077,2.3009615384615385,0.3769230769230769,0.3287087912087912,41,2.4617073170731705,2.1399999999999997,0.3654268292682926,0.30571428571428566,13,4.075384615384616,0.768846153846154,2.0,72.98,0.7298,20
53-7064.00,"Packers and Packagers, Hand",2.0,0.25,10,2.286,3.0,1.5370000000000001,2.12,0.3215,0.21957142857142858,25,1.7492,2.62,1.0248,2.12,0.18730000000000002,0.1464,6,5,0,33,2.123333333333333,1.583030303030303,0.28083333333333327,0.22614718614718615,52,2.2811538461538463,1.833653846153846,0.3202884615384616,0.26195054945054946,41,3.1697560975609758,3.053170731707317,0.5424390243902439,0.4361672473867596,12,4.128333333333333,0.7820833333333332,2.0,53.78,0.5378000000000001,20
53-7065.00,Stockers and Order Fillers,2.0,0.25,10,2.398,3.12,2.1870000000000003,3.0,0.34950000000000003,0.31242857142857144,25,1.9196,2.75,1.4112,2.5,0.2299,0.2016,23,11,0,33,2.0560606060606057,1.4184848484848485,0.2640151515151514,0.20264069264069265,52,2.5307692307692307,2.2521153846153847,0.38269230769230766,0.32173076923076926,41,3.0546341463414635,2.870731707317073,0.5136585365853659,0.4101045296167247,30,3.851,0.71275,2.0,78.01,0.7801,20
53-7071.00,Gas Compressor and Gas Pumping Station Operators,2.0,0.25,10,2.8240000000000003,3.62,2.613,3.12,0.45600000000000007,0.3732857142857143,25,2.4796,4.0,2.184,3.88,0.3699,0.312,6,4,0,33,2.4478787878787878,2.1312121212121213,0.36196969696969694,0.3044588744588745,52,2.7425,2.5307692307692307,0.43562500000000004,0.36153846153846153,41,3.4092682926829267,3.4717073170731707,0.6023170731707317,0.4959581881533101,13,3.9853846153846155,0.7463461538461539,2.0,64.6,0.6459999999999999,20
53-7072.00,"Pump Operators, Except Wellhead Pumpers",2.0,0.25,10,2.8240000000000003,3.5,2.726,3.38,0.45600000000000007,0.3894285714285714,25,2.5416,3.88,2.214,3.75,0.38539999999999996,0.3162857142857143,7,4,3,33,2.122121212121212,2.0203030303030305,0.280530303030303,0.28861471861471866,52,2.823846153846154,2.6771153846153846,0.45596153846153853,0.38244505494505493,41,3.4485365853658534,3.453658536585366,0.6121341463414633,0.49337979094076656,14,4.162142857142857,0.7905357142857143,2.0,60.86,0.6086,20
53-7073.00,Wellhead Pumpers,2.0,0.25,10,2.512,3.12,2.224,3.25,0.378,0.3177142857142857,25,2.3247999999999998,4.0,1.9316,3.88,0.33119999999999994,0.27594285714285716,8,5,0,33,2.027878787878788,1.711818181818182,0.25696969696969696,0.24454545454545457,52,2.5665384615384617,2.411153846153846,0.3916346153846154,0.3444505494505495,41,3.327560975609756,3.408536585365854,0.581890243902439,0.48693379790940766,14,4.058571428571429,0.7646428571428572,2.0,80.46,0.8046,20
53-7081.00,Refuse and Recyclable Material Collectors,2.0,0.25,10,2.1759999999999997,2.88,1.512,2.62,0.29399999999999993,0.216,25,1.9707999999999999,3.0,1.4452,2.88,0.24269999999999997,0.20645714285714287,10,0,0,33,1.68,1.0815151515151515,0.16999999999999998,0.1545021645021645,52,2.526730769230769,2.1415384615384614,0.38168269230769225,0.3059340659340659,41,2.2180487804878046,1.93,0.30451219512195116,0.2757142857142857,14,3.975,0.74375,2.0,81.47,0.8147,20
53-7121.00,"Tank Car, Truck, and Ship Loaders",2.0,0.25,10,2.75,3.25,2.575,3.12,0.4375,0.3678571428571429,25,2.4252000000000002,3.75,2.1152,3.38,0.35630000000000006,0.3021714285714286,7,4,1,33,1.9436363636363636,1.4042424242424243,0.2359090909090909,0.20060606060606062,52,2.939230769230769,2.7930769230769235,0.4848076923076923,0.3990109890109891,41,3.4021951219512196,3.6029268292682928,0.6005487804878049,0.5147038327526132,19,4.287894736842105,0.8219736842105263,2.0,81.42,0.8142,20
53-7199.00,"Material Moving Workers, All Other",3.0,0.5,0,0.0,,0.0,,0.0,0.0,0,0.0,,0.0,,0.0,0.0,0,0,0,0,0.0,0.0,0.0,0.0,0,0.0,0.0,0.0,0.0,0,0.0,0.0,0.0,0.0,0,0.0,0.0,Unspecified,0.0,0.0,0
55-1011.00,Air Crew Officers,3.0,0.5,0,0.0,,0.0,,0.0,0.0,0,0.0,,0.0,,0.0,0.0,0,0,0,0,0.0,0.0,0.0,0.0,0,0.0,0.0,0.0,0.0,0,0.0,0.0,0.0,0.0,0,0.0,0.0,Unspecified,0.0,0.0,0
55-1012.00,Aircraft Launch and Recovery Officers,3.0,0.5,0,0.0,,0.0,,0.0,0.0,0,0.0,,0.0,,0.0,0.0,0,0,0,0,0.0,0.0,0.0,0.0,0,0.0,0.0,0.0,0.0,0,0.0,0.0,0.0,0.0,0,0.0,0.0,Unspecified,0.0,0.0,0
55-1013.00,Armored Assault Vehicle Officers,3.0,0.5,0,0.0,,0.0,,0.0,0.0,0,0.0,,0.0,,0.0,0.0,0,0,0,0,0.0,0.0,0.0,0.0,0,0.0,0.0,0.0,0.0,0,0.0,0.0,0.0,0.0,0,0.0,0.0,Unspecified,0.0,0.0,0
55-1014.00,Artillery and Missile Officers,3.0,0.5,0,0.0,,0.0,,0.0,0.0,0,0.0,,0.0,,0.0,0.0,0,0,0,0,0.0,0.0,0.0,0.0,0,0.0,0.0,0.0,0.0,0,0.0,0.0,0.0,0.0,0,0.0,0.0,Unspecified,0.0,0.0,0
55-1015.00,Command and Control Center Officers,3.0,0.5,0,0.0,,0.0,,0.0,0.0,0,0.0,,0.0,,0.0,0.0,0,0,0,0,0.0,0.0,0.0,0.0,0,0.0,0.0,0.0,0.0,0,0.0,0.0,0.0,0.0,0,0.0,0.0,Unspecified,0.0,0.0,0
55-1016.00,Infantry Officers,3.0,0.5,0,0.0,,0.0,,0.0,0.0,0,0.0,,0.0,,0.0,0.0,0,0,0,0,0.0,0.0,0.0,0.0,0,0.0,0.0,0.0,0.0,0,0.0,0.0,0.0,0.0,0,0.0,0.0,Unspecified,0.0,0.0,0
55-1017.00,Special Forces Officers,3.0,0.5,0,0.0,,0.0,,0.0,0.0,0,0.0,,0.0,,0.0,0.0,0,0,0,0,0.0,0.0,0.0,0.0,0,0.0,0.0,0.0,0.0,0,0.0,0.0,0.0,0.0,0,0.0,0.0,Unspecified,0.0,0.0,0
55-1019.00,"Military Officer Special and Tactical Operations Leaders, All Other",3.0,0.5,0,0.0,,0.0,,0.0,0.0,0,0.0,,0.0,,0.0,0.0,0,0,0,0,0.0,0.0,0.0,0.0,0,0.0,0.0,0.0,0.0,0,0.0,0.0,0.0,0.0,0,0.0,0.0,Unspecified,0.0,0.0,0
55-2011.00,First-Line Supervisors of Air Crew Members,3.0,0.5,0,0.0,,0.0,,0.0,0.0,0,0.0,,0.0,,0.0,0.0,0,0,0,0,0.0,0.0,0.0,0.0,0,0.0,0.0,0.0,0.0,0,0.0,0.0,0.0,0.0,0,0.0,0.0,Unspecified,0.0,0.0,0
55-2012.00,First-Line Supervisors of Weapons Specialists/Crew Members,3.0,0.5,0,0.0,,0.0,,0.0,0.0,0,0.0,,0.0,,0.0,0.0,0,0,0,0,0.0,0.0,0.0,0.0,0,0.0,0.0,0.0,0.0,0,0.0,0.0,0.0,0.0,0,0.0,0.0,Unspecified,0.0,0.0,0
55-2013.00,First-Line Supervisors of All Other Tactical Operations Specialists,3.0,0.5,0,0.0,,0.0,,0.0,0.0,0,0.0,,0.0,,0.0,0.0,0,0,0,0,0.0,0.0,0.0,0.0,0,0.0,0.0,0.0,0.0,0,0.0,0.0,0.0,0.0,0,0.0,0.0,Unspecified,0.0,0.0,0
55-3011.00,Air Crew Members,3.0,0.5,0,0.0,,0.0,,0.0,0.0,0,0.0,,0.0,,0.0,0.0,0,0,0,0,0.0,0.0,0.0,0.0,0,0.0,0.0,0.0,0.0,0,0.0,0.0,0.0,0.0,0,0.0,0.0,Unspecified,0.0,0.0,0
55-3012.00,Aircraft Launch and Recovery Specialists,3.0,0.5,0,0.0,,0.0,,0.0,0.0,0,0.0,,0.0,,0.0,0.0,0,0,0,0,0.0,0.0,0.0,0.0,0,0.0,0.0,0.0,0.0,0,0.0,0.0,0.0,0.0,0,0.0,0.0,Unspecified,0.0,0.0,0
55-3013.00,Armored Assault Vehicle Crew Members,3.0,0.5,0,0.0,,0.0,,0.0,0.0,0,0.0,,0.0,,0.0,0.0,0,0,0,0,0.0,0.0,0.0,0.0,0,0.0,0.0,0.0,0.0,0,0.0,0.0,0.0,0.0,0,0.0,0.0,Unspecified,0.0,0.0,0
55-3014.00,Artillery and Missile Crew Members,3.0,0.5,0,0.0,,0.0,,0.0,0.0,0,0.0,,0.0,,0.0,0.0,0,0,0,0,0.0,0.0,0.0,0.0,0,0.0,0.0,0.0,0.0,0,0.0,0.0,0.0,0.0,0,0.0,0.0,Unspecified,0.0,0.0,0
55-3015.00,Command and Control Center Specialists,3.0,0.5,0,0.0,,0.0,,0.0,0.0,0,0.0,,0.0,,0.0,0.0,0,0,0,0,0.0,0.0,0.0,0.0,0,0.0,0.0,0.0,0.0,0,0.0,0.0,0.0,0.0,0,0.0,0.0,Unspecified,0.0,0.0,0
55-3016.00,Infantry,3.0,0.5,0,0.0,,0.0,,0.0,0.0,0,0.0,,0.0,,0.0,0.0,0,0,0,0,0.0,0.0,0.0,0.0,0,0.0,0.0,0.0,0.0,0,0.0,0.0,0.0,0.0,0,0.0,0.0,Unspecified,0.0,0.0,0
55-3018.00,Special Forces,3.0,0.5,0,0.0,,0.0,,0.0,0.0,0,0.0,,0.0,,0.0,0.0,0,0,0,0,0.0,0.0,0.0,0.0,0,0.0,0.0,0.0,0.0,0,0.0,0.0,0.0,0.0,0,0.0,0.0,Unspecified,0.0,0.0,0
55-3019.00,"Military Enlisted Tactical Operations and Air/Weapons Specialists and Crew Members, All Other",3.0,0.5,0,0.0,,0.0,,0.0,0.0,0,0.0,,0.0,,0.0,0.0,0,0,0,0,0.0,0.0,0.0,0.0,0,0.0,0.0,0.0,0.0,0,0.0,0.0,0.0,0.0,0,0.0,0.0,Unspecified,0.0,0.0,0
