resume_id,category,mapped_soc_code,mapped_occupation_title,is_category_mapped,raw_char_length,clean_word_count,num_extracted_skills,num_software_skills,num_essential_skills,num_transferable_skills,num_hot_technologies,extracted_skills,skill_category_overlap,onet_skill_importance_mean,onet_skill_importance_max,onet_skill_level_mean,onet_skill_level_max
16852973,HR,13-1071.00,Human Resources Specialists,1,5442,674,4,2,0,2,2,Programming; Time Management; Facebook; Swift,0.75,0.5435,0.75,0.4593,0.6429
22323967,HR,13-1071.00,Human Resources Specialists,1,5572,708,1,1,0,0,1,Adobe Photoshop,1.0,0.75,0.75,0.6429,0.6429
33176873,HR,13-1071.00,Human Resources Specialists,1,7720,1017,3,1,2,0,0,Science; Monitoring; Microsoft Publisher,1.0,0.4367,0.5774,0.3951,0.5
27018550,HR,13-1071.00,Human Resources Specialists,1,2855,379,5,4,1,0,4,Monitoring; Microsoft Excel; Microsoft Outlook; Microsoft PowerPoint; Microsoft Word,1.0,0.7155,0.75,0.6109,0.6429
17812897,HR,13-1071.00,Human Resources Specialists,1,9172,1206,1,1,0,0,0,Ada,0.0,0.5,0.5,0.5,0.5
11592605,HR,13-1071.00,Human Resources Specialists,1,5480,666,1,0,0,1,0,Time Management,1.0,0.5236,0.5236,0.4337,0.4337
25824789,HR,13-1071.00,Human Resources Specialists,1,5250,637,4,1,2,1,0,Writing; Science; Coordination; Ada,0.75,0.4529,0.5483,0.4062,0.5
15375009,HR,13-1071.00,Human Resources Specialists,1,9033,1106,1,0,1,0,0,Science,1.0,0.2327,0.2327,0.2023,0.2023
11847784,HR,13-1071.00,Human Resources Specialists,1,6720,796,2,1,0,1,0,Negotiation; Ada,0.5,0.4499,0.5,0.4318,0.5
32896934,HR,13-1071.00,Human Resources Specialists,1,5978,716,1,0,0,1,0,Coordination,1.0,0.5305,0.5305,0.4487,0.4487
29149998,HR,13-1071.00,Human Resources Specialists,1,5356,679,1,0,1,0,0,Science,1.0,0.2327,0.2327,0.2023,0.2023
11480899,HR,13-1071.00,Human Resources Specialists,1,8718,1123,3,1,2,0,1,Speaking; Monitoring; TypeScript,0.6667,0.6539,0.75,0.5407,0.6429
23155093,HR,13-1071.00,Human Resources Specialists,1,5766,732,7,7,0,0,6,Microsoft Access; Microsoft Excel; Microsoft Outlook; Microsoft PowerPoint; Microsoft Publisher; Microsoft Visio; Microsoft Word,1.0,0.7143,0.75,0.6224,0.6429
11763983,HR,13-1071.00,Human Resources Specialists,1,5662,715,1,0,1,0,0,Writing,1.0,0.5483,0.5483,0.4737,0.4737
27490876,HR,13-1071.00,Human Resources Specialists,1,6163,724,1,0,0,1,0,Coordination,1.0,0.5305,0.5305,0.4487,0.4487
32977530,HR,13-1071.00,Human Resources Specialists,1,6007,750,1,0,1,0,0,Active Listening,1.0,0.649,0.649,0.5086,0.5086
93002334,HR,13-1071.00,Human Resources Specialists,1,5458,701,1,0,1,0,0,Monitoring,1.0,0.5774,0.5774,0.483,0.483
24184357,HR,13-1071.00,Human Resources Specialists,1,9115,1123,1,0,1,0,0,Writing,1.0,0.5483,0.5483,0.4737,0.4737
73077810,HR,13-1071.00,Human Resources Specialists,1,5220,642,2,0,1,1,0,Science; Coordination,1.0,0.3816,0.5305,0.3255,0.4487
13879043,HR,13-1071.00,Human Resources Specialists,1,6287,802,0,0,0,0,0,,0.0,0.0,0.0,0.0,0.0
30163002,HR,13-1071.00,Human Resources Specialists,1,4938,620,0,0,0,0,0,,0.0,0.0,0.0,0.0,0.0
18827609,HR,13-1071.00,Human Resources Specialists,1,8512,1108,3,1,2,0,0,Speaking; Science; LexisNexis,1.0,0.4556,0.6342,0.3995,0.5
25676643,HR,13-1071.00,Human Resources Specialists,1,11326,1510,3,2,1,0,1,Writing; Facebook; Twitter,0.6667,0.5994,0.75,0.5388,0.6429
12786012,HR,13-1071.00,Human Resources Specialists,1,5213,628,1,1,0,0,1,Microsoft Excel,1.0,0.75,0.75,0.6429,0.6429
87968870,HR,13-1071.00,Human Resources Specialists,1,6195,757,2,1,1,0,0,Science; Ada,0.5,0.3663,0.5,0.3512,0.5
46258701,HR,13-1071.00,Human Resources Specialists,1,4543,612,1,1,0,0,1,Microsoft SharePoint,1.0,0.75,0.75,0.6429,0.6429
14225422,HR,13-1071.00,Human Resources Specialists,1,6249,798,3,0,2,1,0,Science; Monitoring; Coordination,1.0,0.4469,0.5774,0.378,0.483
29297973,HR,13-1071.00,Human Resources Specialists,1,5754,706,1,1,0,0,0,Ada,0.0,0.5,0.5,0.5,0.5
18334783,HR,13-1071.00,Human Resources Specialists,1,5134,643,1,0,0,1,0,Coordination,1.0,0.5305,0.5305,0.4487,0.4487
19717385,HR,13-1071.00,Human Resources Specialists,1,7530,941,3,1,1,1,1,Science; Time Management; Microsoft Excel,1.0,0.5021,0.75,0.4263,0.6429
49937469,HR,13-1071.00,Human Resources Specialists,1,6349,794,2,0,2,0,0,Speaking; Critical Thinking,1.0,0.6318,0.6342,0.5039,0.5116
18316239,HR,13-1071.00,Human Resources Specialists,1,6236,776,2,0,2,0,0,Writing; Science,1.0,0.3905,0.5483,0.338,0.4737
17855844,HR,13-1071.00,Human Resources Specialists,1,6922,906,2,2,0,0,1,Ada; Adobe Illustrator,0.5,0.625,0.75,0.5714,0.6429
57667857,HR,13-1071.00,Human Resources Specialists,1,12715,1552,1,1,0,0,0,Ada,0.0,0.5,0.5,0.5,0.5
17422560,HR,13-1071.00,Human Resources Specialists,1,5658,729,1,1,0,0,1,Microsoft Word,1.0,0.75,0.75,0.6429,0.6429
32947778,HR,13-1071.00,Human Resources Specialists,1,8163,1015,1,0,1,0,0,Monitoring,1.0,0.5774,0.5774,0.483,0.483
23914451,HR,13-1071.00,Human Resources Specialists,1,5406,638,2,0,1,1,0,Science; Time Management,1.0,0.3781,0.5236,0.318,0.4337
21265194,HR,13-1071.00,Human Resources Specialists,1,9383,1213,2,1,1,0,0,Science; Ada,0.5,0.3663,0.5,0.3512,0.5
51769822,HR,13-1071.00,Human Resources Specialists,1,5088,623,3,0,2,1,0,Writing; Speaking; Time Management,1.0,0.5687,0.6342,0.4679,0.4962
19616406,HR,13-1071.00,Human Resources Specialists,1,6439,765,1,0,0,1,0,Installation,1.0,0.0608,0.0608,0.0514,0.0514
41523474,HR,13-1071.00,Human Resources Specialists,1,5504,724,3,0,3,0,0,Writing; Science; Monitoring,1.0,0.4528,0.5774,0.3863,0.483
59962788,HR,13-1071.00,Human Resources Specialists,1,5761,748,4,3,1,0,3,Science; C++; SQL; Java,0.25,0.4913,0.75,0.4226,0.6429
86184722,HR,13-1071.00,Human Resources Specialists,1,6681,859,2,0,1,1,0,Critical Thinking; Coordination,1.0,0.58,0.6295,0.4801,0.5116
28419173,HR,13-1071.00,Human Resources Specialists,1,6460,840,3,1,1,1,1,Critical Thinking; Troubleshooting; Microsoft Word,1.0,0.5454,0.75,0.4578,0.6429
18155310,HR,13-1071.00,Human Resources Specialists,1,6781,813,1,0,0,1,0,Troubleshooting,1.0,0.2568,0.2568,0.2188,0.2188
26780935,HR,13-1071.00,Human Resources Specialists,1,4589,581,2,0,0,2,0,Instructing; Troubleshooting,1.0,0.357,0.4573,0.3163,0.4137
34554248,HR,13-1071.00,Human Resources Specialists,1,7102,896,2,1,1,0,0,Monitoring; Ada,0.5,0.5387,0.5774,0.4915,0.5
26202430,HR,13-1071.00,Human Resources Specialists,1,8303,1102,2,1,0,1,1,Troubleshooting; Microsoft Project,1.0,0.5034,0.75,0.4308,0.6429
19867922,HR,13-1071.00,Human Resources Specialists,1,5813,659,1,0,1,0,0,Monitoring,1.0,0.5774,0.5774,0.483,0.483
91930382,HR,13-1071.00,Human Resources Specialists,1,3307,421,5,3,1,1,1,Science; Negotiation; GitHub; Google; LinkedIn,1.0,0.489,0.75,0.4489,0.6429
30646367,HR,13-1071.00,Human Resources Specialists,1,7695,913,1,1,0,0,1,Microsoft Word,1.0,0.75,0.75,0.6429,0.6429
39650734,HR,13-1071.00,Human Resources Specialists,1,7297,917,3,1,2,0,0,Writing; Science; Google,1.0,0.4478,0.5625,0.4039,0.5357
72231872,HR,13-1071.00,Human Resources Specialists,1,9162,1177,5,3,2,0,1,Science; Monitoring; Tableau; Ada; LinkedIn,0.8,0.512,0.75,0.4656,0.6429
13520837,HR,13-1071.00,Human Resources Specialists,1,6579,825,3,0,1,2,0,Science; Coordination; Time Management,1.0,0.4289,0.5305,0.3615,0.4487
18422164,HR,13-1071.00,Human Resources Specialists,1,6635,828,1,0,1,0,0,Writing,1.0,0.5483,0.5483,0.4737,0.4737
30862904,HR,13-1071.00,Human Resources Specialists,1,6889,826,3,1,1,1,0,Science; Negotiation; Ada,0.6667,0.3775,0.5,0.3553,0.5
52979663,HR,13-1071.00,Human Resources Specialists,1,5904,750,3,1,1,1,0,Science; Negotiation; Ada,0.6667,0.3775,0.5,0.3553,0.5
28828844,HR,13-1071.00,Human Resources Specialists,1,6559,828,0,0,0,0,0,,0.0,0.0,0.0,0.0,0.0
21830565,HR,13-1071.00,Human Resources Specialists,1,8400,1066,0,0,0,0,0,,0.0,0.0,0.0,0.0,0.0
27523575,HR,13-1071.00,Human Resources Specialists,1,5305,706,2,0,1,1,0,Critical Thinking; Time Management,1.0,0.5765,0.6295,0.4726,0.5116
39081840,HR,13-1071.00,Human Resources Specialists,1,7652,979,5,3,2,0,2,Science; Monitoring; Ada; Microsoft Access; Microsoft PowerPoint,0.8,0.562,0.75,0.4942,0.6429
20925036,HR,13-1071.00,Human Resources Specialists,1,7975,1038,4,2,1,1,0,Science; Coordination; Google; LinkedIn,1.0,0.4564,0.5625,0.4217,0.5357
15576950,HR,13-1071.00,Human Resources Specialists,1,5372,700,0,0,0,0,0,,0.0,0.0,0.0,0.0,0.0
29564653,HR,13-1071.00,Human Resources Specialists,1,5531,714,2,2,0,0,2,Adobe Acrobat; Microsoft SharePoint,1.0,0.75,0.75,0.6429,0.6429
14886205,HR,13-1071.00,Human Resources Specialists,1,5595,687,4,2,1,1,0,Writing; Persuasion; Google; Google Drive,1.0,0.5112,0.5625,0.4757,0.5357
17412079,HR,13-1071.00,Human Resources Specialists,1,6586,851,0,0,0,0,0,,0.0,0.0,0.0,0.0,0.0
16861758,HR,13-1071.00,Human Resources Specialists,1,5706,748,2,0,2,0,0,Active Listening; Monitoring,1.0,0.6132,0.649,0.4958,0.5086
93112113,HR,13-1071.00,Human Resources Specialists,1,7282,891,1,0,1,0,0,Monitoring,1.0,0.5774,0.5774,0.483,0.483
15041689,HR,13-1071.00,Human Resources Specialists,1,5179,662,2,0,2,0,0,Mathematics; Science,1.0,0.3104,0.3882,0.2832,0.3641
80162314,HR,13-1071.00,Human Resources Specialists,1,5546,713,1,0,0,1,0,Troubleshooting,1.0,0.2568,0.2568,0.2188,0.2188
20993320,HR,13-1071.00,Human Resources Specialists,1,5716,726,1,0,1,0,0,Science,1.0,0.2327,0.2327,0.2023,0.2023
14640322,HR,13-1071.00,Human Resources Specialists,1,5241,717,2,0,2,0,0,Writing; Science,1.0,0.3905,0.5483,0.338,0.4737
26289308,HR,13-1071.00,Human Resources Specialists,1,5392,670,2,1,0,1,0,Coordination; Skype,1.0,0.5152,0.5305,0.4743,0.5
23408537,HR,13-1071.00,Human Resources Specialists,1,5393,653,4,0,2,2,0,Writing; Science; Coordination; Time Management,1.0,0.4588,0.5483,0.3896,0.4737
28808263,HR,13-1071.00,Human Resources Specialists,1,5874,713,2,0,1,1,0,Speaking; Time Management,1.0,0.5789,0.6342,0.465,0.4962
18084150,HR,13-1071.00,Human Resources Specialists,1,5909,734,2,0,2,0,0,Science; Monitoring,1.0,0.405,0.5774,0.3426,0.483
26671167,HR,13-1071.00,Human Resources Specialists,1,5496,670,0,0,0,0,0,,0.0,0.0,0.0,0.0,0.0
44476983,HR,13-1071.00,Human Resources Specialists,1,6073,759,2,1,0,1,0,Time Management; Ada,0.5,0.5118,0.5236,0.4668,0.5
16877897,HR,13-1071.00,Human Resources Specialists,1,8029,1065,8,5,2,1,3,Science; Monitoring; Time Management; SQL; JavaScript; TypeScript; LinkedIn; Scheme,0.5,0.5477,0.75,0.4864,0.6429
29091445,HR,13-1071.00,Human Resources Specialists,1,5227,686,1,0,1,0,0,Writing,1.0,0.5483,0.5483,0.4737,0.4737
25724495,HR,13-1071.00,Human Resources Specialists,1,6969,914,3,0,2,1,0,Writing; Science; Negotiation,1.0,0.3936,0.5483,0.3466,0.4737
24508725,HR,13-1071.00,Human Resources Specialists,1,17242,2302,5,2,1,2,1,Science; Coordination; Time Management; LinkedIn; Microsoft Office software,1.0,0.5074,0.75,0.4455,0.6429
11698189,HR,13-1071.00,Human Resources Specialists,1,4168,511,3,0,3,0,0,Writing; Science; Critical Thinking,1.0,0.4701,0.6295,0.3959,0.5116
27165830,HR,13-1071.00,Human Resources Specialists,1,8009,1002,2,1,1,0,0,Science; Ada,0.5,0.3663,0.5,0.3512,0.5
47470864,HR,13-1071.00,Human Resources Specialists,1,6527,814,2,0,0,2,0,Troubleshooting; Time Management,1.0,0.3902,0.5236,0.3262,0.4337
34740556,HR,13-1071.00,Human Resources Specialists,1,5446,674,3,1,2,0,0,Writing; Science; Ada,0.6667,0.427,0.5483,0.392,0.5
18557164,HR,13-1071.00,Human Resources Specialists,1,5202,662,6,5,0,1,5,Coordination; Microsoft Access; Microsoft Excel; Microsoft PowerPoint; Microsoft Word; Swift,0.8333,0.7134,0.75,0.6105,0.6429
19179079,HR,13-1071.00,Human Resources Specialists,1,13958,1761,7,4,1,2,0,Science; Coordination; Negotiation; ADP Workforce Now; LinkedIn; Microsoft Dynamics; Microsoft Dynamics AX,0.8571,0.4532,0.5305,0.4315,0.5055
13376919,HR,13-1071.00,Human Resources Specialists,1,5051,660,0,0,0,0,0,,0.0,0.0,0.0,0.0,0.0
26048718,HR,13-1071.00,Human Resources Specialists,1,13218,1652,6,1,4,1,1,Writing; Speaking; Science; Critical Thinking; Coordination; Microsoft Word,1.0,0.5542,0.75,0.4626,0.6429
17150707,HR,13-1071.00,Human Resources Specialists,1,5038,648,0,0,0,0,0,,0.0,0.0,0.0,0.0,0.0
18297650,HR,13-1071.00,Human Resources Specialists,1,10434,1318,5,5,0,0,5,C++; SQL; Linux; Unix; Java,0.0,0.75,0.75,0.6429,0.6429
23510685,HR,13-1071.00,Human Resources Specialists,1,6618,846,2,2,0,0,2,Adobe Acrobat; Microsoft Word,1.0,0.75,0.75,0.6429,0.6429
39970711,HR,13-1071.00,Human Resources Specialists,1,4997,632,4,2,2,0,1,Science; Monitoring; Ada; Microsoft Access,0.75,0.515,0.75,0.457,0.6429
20806155,HR,13-1071.00,Human Resources Specialists,1,24834,3119,6,4,0,2,4,Installation; Troubleshooting; Microsoft Access; Microsoft Excel; Microsoft SharePoint; SAP software,1.0,0.5529,0.75,0.4736,0.6429
28640735,HR,13-1071.00,Human Resources Specialists,1,8226,1054,1,0,0,1,0,Equipment Maintenance,1.0,0.1744,0.1744,0.1487,0.1487
15575117,HR,13-1071.00,Human Resources Specialists,1,9304,1197,3,0,2,1,0,Science; Monitoring; Coordination,1.0,0.4469,0.5774,0.378,0.483
27496514,HR,13-1071.00,Human Resources Specialists,1,4954,641,0,0,0,0,0,,0.0,0.0,0.0,0.0,0.0
14256329,HR,13-1071.00,Human Resources Specialists,1,5018,683,1,1,0,0,1,Microsoft Word,1.0,0.75,0.75,0.6429,0.6429
19336728,HR,13-1071.00,Human Resources Specialists,1,2077,254,2,1,1,0,1,Writing; Microsoft Excel,1.0,0.6491,0.75,0.5583,0.6429
10694288,HR,13-1071.00,Human Resources Specialists,1,5107,647,2,0,1,1,0,Science; Coordination,1.0,0.3816,0.5305,0.3255,0.4487
28175164,HR,13-1071.00,Human Resources Specialists,1,7089,910,1,0,1,0,0,Science,1.0,0.2327,0.2327,0.2023,0.2023
10399912,HR,13-1071.00,Human Resources Specialists,1,5599,720,4,1,2,1,1,Science; Monitoring; Equipment Maintenance; Microsoft Word,1.0,0.4336,0.75,0.3692,0.6429
20417897,HR,13-1071.00,Human Resources Specialists,1,5661,676,3,0,2,1,0,Science; Monitoring; Coordination,1.0,0.4469,0.5774,0.378,0.483
18731098,HR,13-1071.00,Human Resources Specialists,1,7582,919,4,0,3,1,0,Science; Critical Thinking; Monitoring; Time Management,1.0,0.4908,0.6295,0.4076,0.5116
30563572,HR,13-1071.00,Human Resources Specialists,1,5604,665,0,0,0,0,0,,0.0,0.0,0.0,0.0,0.0
24402267,HR,13-1071.00,Human Resources Specialists,1,6118,807,2,0,1,1,0,Monitoring; Coordination,1.0,0.5539,0.5774,0.4658,0.483
32308556,HR,13-1071.00,Human Resources Specialists,1,5654,716,0,0,0,0,0,,0.0,0.0,0.0,0.0,0.0
27847081,HR,13-1071.00,Human Resources Specialists,1,6403,760,4,1,2,1,1,Writing; Science; Time Management; Microsoft Excel,1.0,0.5136,0.75,0.4381,0.6429
25150191,HR,13-1071.00,Human Resources Specialists,1,5350,661,3,1,0,2,0,Coordination; Time Management; LinkedIn,1.0,0.518,0.5305,0.4608,0.5
37058472,DESIGNER,27-1024.00,Graphic Designers,1,4633,582,2,1,0,1,1,Coordination; Adobe Photoshop,1.0,0.6402,0.75,0.5458,0.6429
68240723,DESIGNER,27-1024.00,Graphic Designers,1,4280,565,4,1,1,2,0,Science; Social Perceptiveness; Time Management; Oracle E-Business Suite,0.75,0.4493,0.5409,0.3953,0.5
76010167,DESIGNER,27-1024.00,Graphic Designers,1,1990,245,1,0,0,1,0,Time Management,1.0,0.5236,0.5236,0.4337,0.4337
19164410,DESIGNER,27-1024.00,Graphic Designers,1,5436,755,5,3,1,1,3,Science; Time Management; Adobe Illustrator; Adobe Photoshop; Microsoft Excel,1.0,0.6013,0.75,0.5129,0.6429
29147100,DESIGNER,27-1024.00,Graphic Designers,1,1974,247,7,6,0,1,6,Troubleshooting; Adobe After Effects; Adobe Illustrator; Adobe InDesign; Adobe Photoshop; Microsoft PowerPoint; Microsoft Word,1.0,0.6795,0.75,0.5823,0.6429
25061645,DESIGNER,27-1024.00,Graphic Designers,1,2772,362,0,0,0,0,0,,0.0,0.0,0.0,0.0,0.0
11919526,DESIGNER,27-1024.00,Graphic Designers,1,7133,909,11,8,3,0,3,Writing; Speaking; Science; SQL; Unix; JavaScript; Apple iMovie; Google; Skype; VMware; YouTube,0.5455,0.5478,0.75,0.4994,0.6429
81011612,DESIGNER,27-1024.00,Graphic Designers,1,2473,315,3,1,2,0,1,Mathematics; Science; SQL,0.6667,0.3104,0.3882,0.2832,0.3641
11722421,DESIGNER,27-1024.00,Graphic Designers,1,5095,643,0,0,0,0,0,,0.0,0.0,0.0,0.0,0.0
13774329,DESIGNER,27-1024.00,Graphic Designers,1,7310,940,1,0,1,0,0,Science,1.0,0.2327,0.2327,0.2023,0.2023
35990852,DESIGNER,27-1024.00,Graphic Designers,1,10603,1548,17,16,0,1,12,Programming; C#; .NET; Angular; SQL; JavaScript; Adobe Photoshop; Atlassian JIRA; Forth; Mapping software; Microsoft Access; Microsoft SQL Server; MySQL; PHP; Testing software; Unit testing software; jQuery,0.3529,0.6358,0.75,0.5646,0.6429
36269672,DESIGNER,27-1024.00,Graphic Designers,1,2706,417,0,0,0,0,0,,0.0,0.0,0.0,0.0,0.0
90066849,DESIGNER,27-1024.00,Graphic Designers,1,8406,1091,0,0,0,0,0,,0.0,0.0,0.0,0.0,0.0
27529455,DESIGNER,27-1024.00,Graphic Designers,1,8607,1065,14,12,2,0,8,Writing; Science; Adobe Acrobat; Adobe Captivate; Adobe Dreamweaver; Adobe InDesign; Adobe Photoshop; Microsoft Access; Microsoft Excel; Microsoft Outlook; Microsoft PowerPoint; Microsoft Publisher; Microsoft Word; Moodle,0.8571,0.6272,0.75,0.5585,0.6429
85101052,DESIGNER,27-1024.00,Graphic Designers,1,5942,826,8,6,1,1,6,Science; Programming; SQL; Git; Java; Bootstrap; MySQL; jQuery,0.375,0.5639,0.75,0.482,0.6429
22567495,DESIGNER,27-1024.00,Graphic Designers,1,6992,881,2,1,1,0,0,Science; Blackboard software,0.5,0.3663,0.5,0.3512,0.5
10751444,DESIGNER,27-1024.00,Graphic Designers,1,9259,1132,6,2,2,2,2,Speaking; Science; Complex Problem Solving; Installation; Linux; Python,0.6667,0.4967,0.75,0.4145,0.6429
11807040,DESIGNER,27-1024.00,Graphic Designers,1,10153,1295,3,1,2,0,0,Science; Monitoring; QuarkXPress,1.0,0.4367,0.5774,0.3951,0.5
12415691,DESIGNER,27-1024.00,Graphic Designers,1,5406,711,17,14,3,0,13,Mathematics; Science; Monitoring; C++; C#; SQL; Linux; Unix; Python; Java; Bash; MySQL; Nagios; Oracle Database; PHP; Perl; Red Hat Enterprise Linux,0.2353,0.6632,0.75,0.5747,0.6429
38565119,DESIGNER,27-1024.00,Graphic Designers,1,6886,826,5,1,1,3,0,Science; Coordination; Installation; Programming; Ada,0.8,0.2949,0.5305,0.2641,0.5
21705160,DESIGNER,27-1024.00,Graphic Designers,1,985,131,0,0,0,0,0,,0.0,0.0,0.0,0.0,0.0
26496059,DESIGNER,27-1024.00,Graphic Designers,1,10221,1348,12,9,0,3,6,Negotiation; Installation; Troubleshooting; Adobe Dreamweaver; Adobe Illustrator; Adobe InDesign; Adobe Photoshop; Adobe Premiere Pro; Google; Google Sheets; Microsoft Word; Puppet,0.75,0.5733,0.75,0.507,0.6429
29524570,DESIGNER,27-1024.00,Graphic Designers,1,5249,711,9,6,2,1,6,Science; Monitoring; Programming; C++; C#; C; .NET; SQL; Adobe Acrobat,0.4444,0.5658,0.75,0.4821,0.6429
15936656,DESIGNER,27-1024.00,Graphic Designers,1,2377,289,0,0,0,0,0,,0.0,0.0,0.0,0.0,0.0
13557622,DESIGNER,27-1024.00,Graphic Designers,1,1464,200,0,0,0,0,0,,0.0,0.0,0.0,0.0,0.0
41506705,DESIGNER,27-1024.00,Graphic Designers,1,5553,692,4,2,1,1,1,Science; Programming; Linux; Autodesk Inventor,0.5,0.4153,0.75,0.3698,0.6429
32954522,DESIGNER,27-1024.00,Graphic Designers,1,3577,491,0,0,0,0,0,,0.0,0.0,0.0,0.0,0.0
44185767,DESIGNER,27-1024.00,Graphic Designers,1,9181,1101,4,1,1,2,0,Science; Installation; Troubleshooting; ERP software,0.75,0.2626,0.5,0.2431,0.5
14014749,DESIGNER,27-1024.00,Graphic Designers,1,6016,826,3,1,0,2,1,Instructing; Time Management; Adobe Photoshop,1.0,0.577,0.75,0.4967,0.6429
34349255,DESIGNER,27-1024.00,Graphic Designers,1,2680,338,1,0,0,1,0,Installation,1.0,0.0608,0.0608,0.0514,0.0514
16288901,DESIGNER,27-1024.00,Graphic Designers,1,2612,335,2,2,0,0,2,Adobe InDesign; Adobe Photoshop,1.0,0.75,0.75,0.6429,0.6429
25422388,DESIGNER,27-1024.00,Graphic Designers,1,6322,763,7,5,1,1,4,Science; Time Management; Adobe Acrobat; Adobe Illustrator; Adobe InDesign; Adobe Photoshop; QuarkXPress,1.0,0.608,0.75,0.5296,0.6429
22496394,DESIGNER,27-1024.00,Graphic Designers,1,6136,726,3,0,2,1,0,Writing; Critical Thinking; Troubleshooting,1.0,0.4782,0.6295,0.4014,0.5116
38744475,DESIGNER,27-1024.00,Graphic Designers,1,3688,456,0,0,0,0,0,,0.0,0.0,0.0,0.0,0.0
67582956,DESIGNER,27-1024.00,Graphic Designers,1,4964,591,2,1,1,0,1,Science; Microsoft Word,1.0,0.4913,0.75,0.4226,0.6429
26676567,DESIGNER,27-1024.00,Graphic Designers,1,12148,1666,3,2,0,1,2,Time Management; .NET; Linux,0.3333,0.6368,0.75,0.5383,0.6429
14724186,DESIGNER,27-1024.00,Graphic Designers,1,2706,359,2,0,1,1,0,Writing; Installation,1.0,0.3045,0.5483,0.2625,0.4737
10748989,DESIGNER,27-1024.00,Graphic Designers,1,6685,722,4,1,1,2,1,Science; Complex Problem Solving; Installation; Adobe InDesign,1.0,0.399,0.75,0.337,0.6429
26924514,DESIGNER,27-1024.00,Graphic Designers,1,9856,1201,6,3,3,0,3,Writing; Speaking; Science; Adobe Acrobat; Microsoft Excel; Microsoft Word,1.0,0.6109,0.75,0.5168,0.6429
12674307,DESIGNER,27-1024.00,Graphic Designers,1,3314,430,3,1,0,2,1,Coordination; Programming; Microsoft Excel,1.0,0.477,0.75,0.4032,0.6429
23951429,DESIGNER,27-1024.00,Graphic Designers,1,2436,286,1,1,0,0,1,Microsoft Word,1.0,0.75,0.75,0.6429,0.6429
26046064,DESIGNER,27-1024.00,Graphic Designers,1,1962,252,6,5,0,1,4,Time Management; Adobe Acrobat; Adobe Illustrator; Adobe InDesign; Adobe Photoshop; Social media sites,1.0,0.6706,0.75,0.5842,0.6429
28326441,DESIGNER,27-1024.00,Graphic Designers,1,6319,843,2,0,0,2,0,Installation; Time Management,1.0,0.2922,0.5236,0.2425,0.4337
78149576,DESIGNER,27-1024.00,Graphic Designers,1,1181,134,0,0,0,0,0,,0.0,0.0,0.0,0.0,0.0
17555081,DESIGNER,27-1024.00,Graphic Designers,1,5952,710,2,0,2,0,0,Writing; Science,1.0,0.3905,0.5483,0.338,0.4737
39776400,DESIGNER,27-1024.00,Graphic Designers,1,6428,860,5,3,1,1,1,Science; Negotiation; AWS; Autodesk Inventor; Drawing software,0.4,0.4151,0.5278,0.3955,0.5159
37263609,DESIGNER,27-1024.00,Graphic Designers,1,4706,606,3,0,2,1,0,Writing; Science; Coordination,1.0,0.4371,0.5483,0.3749,0.4737
13518263,DESIGNER,27-1024.00,Graphic Designers,1,2561,318,0,0,0,0,0,,0.0,0.0,0.0,0.0,0.0
11155153,DESIGNER,27-1024.00,Graphic Designers,1,17154,2284,6,1,2,3,0,Science; Monitoring; Coordination; Installation; Troubleshooting; Autodesk Inventor,0.8333,0.3643,0.5774,0.32,0.5159
54201930,DESIGNER,27-1024.00,Graphic Designers,1,7079,914,2,0,1,1,0,Writing; Coordination,1.0,0.5394,0.5483,0.4612,0.4737
10466583,DESIGNER,27-1024.00,Graphic Designers,1,1915,253,0,0,0,0,0,,0.0,0.0,0.0,0.0,0.0
26790545,DESIGNER,27-1024.00,Graphic Designers,1,5693,754,7,5,1,1,4,Science; Time Management; Adobe Dreamweaver; Adobe Illustrator; Adobe Photoshop; Microsoft SharePoint; jQuery,0.8571,0.608,0.75,0.5296,0.6429
11958994,DESIGNER,27-1024.00,Graphic Designers,1,5873,735,0,0,0,0,0,,0.0,0.0,0.0,0.0,0.0
30968749,DESIGNER,27-1024.00,Graphic Designers,1,6621,815,7,5,1,1,4,Science; Programming; SQL; Adobe Photoshop; Microsoft Visual Basic; Minitab; The MathWorks MATLAB,0.4286,0.5222,0.75,0.4581,0.6429
20932019,DESIGNER,27-1024.00,Graphic Designers,1,3154,426,2,0,2,0,0,Mathematics; Science,1.0,0.3104,0.3882,0.2832,0.3641
51681660,DESIGNER,27-1024.00,Graphic Designers,1,7133,1143,2,1,1,0,0,Science; Google,0.5,0.3976,0.5625,0.369,0.5357
34657584,DESIGNER,27-1024.00,Graphic Designers,1,6319,801,1,0,1,0,0,Monitoring,1.0,0.5774,0.5774,0.483,0.483
15471999,DESIGNER,27-1024.00,Graphic Designers,1,5826,770,1,0,0,1,0,Time Management,1.0,0.5236,0.5236,0.4337,0.4337
18979238,DESIGNER,27-1024.00,Graphic Designers,1,6203,957,1,0,1,0,0,Science,1.0,0.2327,0.2327,0.2023,0.2023
26622051,DESIGNER,27-1024.00,Graphic Designers,1,4076,532,4,1,2,1,1,Speaking; Science; Troubleshooting; Adobe Photoshop,1.0,0.4684,0.75,0.3901,0.6429
22675694,DESIGNER,27-1024.00,Graphic Designers,1,5695,901,3,0,2,1,0,Active Listening; Writing; Time Management,1.0,0.5736,0.649,0.472,0.5086
25023614,DESIGNER,27-1024.00,Graphic Designers,1,4973,714,3,0,1,2,0,Critical Thinking; Programming; Time Management,1.0,0.4345,0.6295,0.3544,0.5116
20390397,DESIGNER,27-1024.00,Graphic Designers,1,3938,482,4,1,1,2,1,Writing; Installation; Troubleshooting; Microsoft Excel,1.0,0.404,0.75,0.3467,0.6429
17199951,DESIGNER,27-1024.00,Graphic Designers,1,3805,477,2,1,0,1,1,Coordination; Adobe Illustrator,1.0,0.6402,0.75,0.5458,0.6429
14743911,DESIGNER,27-1024.00,Graphic Designers,1,5786,787,3,1,1,1,0,Speaking; Troubleshooting; Articulate Storyline,0.6667,0.547,0.75,0.4526,0.6429
24455357,DESIGNER,27-1024.00,Graphic Designers,1,4287,565,2,0,2,0,0,Writing; Mathematics,1.0,0.4682,0.5483,0.4189,0.4737
91153752,DESIGNER,27-1024.00,Graphic Designers,1,2902,375,0,0,0,0,0,,0.0,0.0,0.0,0.0,0.0
14528265,DESIGNER,27-1024.00,Graphic Designers,1,2630,307,2,1,0,1,1,Installation; AWS,0.5,0.0608,0.0608,0.0514,0.0514
18460045,DESIGNER,27-1024.00,Graphic Designers,1,2052,242,2,2,0,0,2,Adobe Photoshop; Microsoft Windows,1.0,0.75,0.75,0.6429,0.6429
20986595,DESIGNER,27-1024.00,Graphic Designers,1,5488,706,7,3,3,1,1,Writing; Speaking; Science; Persuasion; Adobe Audition; Google; Google Analytics,0.5714,0.5264,0.75,0.4653,0.6429
20748926,DESIGNER,27-1024.00,Graphic Designers,1,6312,782,2,0,0,2,0,Coordination; Time Management,1.0,0.527,0.5305,0.4412,0.4487
32532982,DESIGNER,27-1024.00,Graphic Designers,1,5921,814,2,1,0,1,1,Installation; Microsoft Word,1.0,0.4054,0.75,0.3471,0.6429
34317538,DESIGNER,27-1024.00,Graphic Designers,1,16001,2268,6,3,2,1,2,Writing; Science; Programming; SQL; Artificial Intelligence; Data visualization software,0.5,0.3579,0.5483,0.3235,0.5
19195747,DESIGNER,27-1024.00,Graphic Designers,1,7813,1090,2,0,1,1,0,Writing; Installation,1.0,0.3045,0.5483,0.2625,0.4737
12547982,DESIGNER,27-1024.00,Graphic Designers,1,8975,1099,5,3,0,2,3,Programming; Time Management; Microsoft Excel; Microsoft Project; Microsoft Word,1.0,0.5848,0.75,0.496,0.6429
94417768,DESIGNER,27-1024.00,Graphic Designers,1,5562,649,2,0,1,1,0,Mathematics; Complex Problem Solving,1.0,0.4703,0.5525,0.4077,0.4512
24655918,DESIGNER,27-1024.00,Graphic Designers,1,3788,465,3,3,0,0,2,Adobe Illustrator; Adobe Photoshop; LinkedIn,1.0,0.6667,0.75,0.5952,0.6429
27497542,DESIGNER,27-1024.00,Graphic Designers,1,3094,393,0,0,0,0,0,,0.0,0.0,0.0,0.0,0.0
62312955,DESIGNER,27-1024.00,Graphic Designers,1,2755,346,1,1,0,0,1,Vue.js,0.0,0.75,0.75,0.6429,0.6429
22506245,DESIGNER,27-1024.00,Graphic Designers,1,4026,539,6,6,0,0,4,Unix; Adobe Dreamweaver; Adobe InDesign; Microsoft Word; QuarkXPress; WordPress,0.8333,0.6667,0.75,0.5952,0.6429
28663949,DESIGNER,27-1024.00,Graphic Designers,1,2190,295,3,2,0,1,2,Installation; Adobe InDesign; Adobe Photoshop,1.0,0.5203,0.75,0.4457,0.6429
39434376,DESIGNER,27-1024.00,Graphic Designers,1,1966,256,1,0,1,0,0,Science,1.0,0.2327,0.2327,0.2023,0.2023
13998435,DESIGNER,27-1024.00,Graphic Designers,1,7212,894,4,1,2,1,0,Writing; Science; Installation; Pinterest,0.75,0.3354,0.5483,0.3068,0.5
30965258,DESIGNER,27-1024.00,Graphic Designers,1,5518,711,2,1,0,1,1,Negotiation; Adobe Illustrator,1.0,0.5749,0.75,0.5033,0.6429
18835363,DESIGNER,27-1024.00,Graphic Designers,1,6878,932,3,1,2,0,1,Speaking; Science; R,0.6667,0.539,0.75,0.4471,0.6429
26503829,DESIGNER,27-1024.00,Graphic Designers,1,6210,811,3,2,1,0,2,Science; Adobe Illustrator; Microsoft Word,1.0,0.5776,0.75,0.496,0.6429
18198627,DESIGNER,27-1024.00,Graphic Designers,1,7404,946,3,1,1,1,1,Monitoring; Programming; Microsoft Word,1.0,0.4927,0.75,0.4146,0.6429
39252859,DESIGNER,27-1024.00,Graphic Designers,1,5175,706,1,0,0,1,0,Time Management,1.0,0.5236,0.5236,0.4337,0.4337
34051710,DESIGNER,27-1024.00,Graphic Designers,1,6453,799,1,1,0,0,1,Microsoft Word,1.0,0.75,0.75,0.6429,0.6429
37664296,DESIGNER,27-1024.00,Graphic Designers,1,11535,1449,0,0,0,0,0,,0.0,0.0,0.0,0.0,0.0
21916744,DESIGNER,27-1024.00,Graphic Designers,1,5552,732,3,3,0,0,1,Facebook; Instagram; Twitter,0.3333,0.5833,0.75,0.5476,0.6429
15425154,DESIGNER,27-1024.00,Graphic Designers,1,7504,948,2,1,1,0,1,Science; Adobe Photoshop,1.0,0.4913,0.75,0.4226,0.6429
24285142,DESIGNER,27-1024.00,Graphic Designers,1,6878,883,2,1,1,0,1,Monitoring; Bash,0.5,0.6637,0.75,0.5629,0.6429
24583187,DESIGNER,27-1024.00,Graphic Designers,1,5150,630,2,2,0,0,1,Autodesk AutoCAD; Google,0.5,0.6562,0.75,0.5893,0.6429
29865476,DESIGNER,27-1024.00,Graphic Designers,1,6263,830,5,1,3,1,1,Speaking; Science; Critical Thinking; Time Management; Microsoft Outlook,1.0,0.554,0.75,0.4573,0.6429
25949631,DESIGNER,27-1024.00,Graphic Designers,1,6412,877,6,4,1,1,2,Science; Installation; Facebook; LinkedIn; Swift; Twitter,0.6667,0.4656,0.75,0.4232,0.6429
21283733,DESIGNER,27-1024.00,Graphic Designers,1,6734,838,7,4,2,1,2,Writing; Science; Coordination; Ada; Microsoft Excel; Microsoft Word; QuarkXPress,0.8571,0.5445,0.75,0.4872,0.6429
51018476,DESIGNER,27-1024.00,Graphic Designers,1,3626,512,1,0,1,0,0,Science,1.0,0.2327,0.2327,0.2023,0.2023
13014900,DESIGNER,27-1024.00,Graphic Designers,1,11117,1568,5,4,1,0,4,Science; Adobe InDesign; Adobe Photoshop; Facebook; Microsoft Word,1.0,0.6465,0.75,0.5547,0.6429
44145704,DESIGNER,27-1024.00,Graphic Designers,1,5674,699,7,5,2,0,1,Writing; Speaking; Adobe Presenter; Articulate Storyline; Dropbox; Moodle; Zoom,0.2857,0.5975,0.75,0.5365,0.6429
18795567,DESIGNER,27-1024.00,Graphic Designers,1,5169,653,1,1,0,0,1,WordPress,1.0,0.75,0.75,0.6429,0.6429
42384185,DESIGNER,27-1024.00,Graphic Designers,1,5893,760,8,7,1,0,4,Science; Adobe After Effects; Adobe Illustrator; Adobe Photoshop; Autodesk 3ds Max; Autodesk Maya; Google; WordPress,0.625,0.6061,0.75,0.5425,0.6429
26942552,DESIGNER,27-1024.00,Graphic Designers,1,5857,714,1,0,1,0,0,Science,1.0,0.2327,0.2327,0.2023,0.2023
67645662,DESIGNER,27-1024.00,Graphic Designers,1,8422,1081,0,0,0,0,0,,0.0,0.0,0.0,0.0,0.0
34511655,DESIGNER,27-1024.00,Graphic Designers,1,5743,747,1,1,0,0,0,QuarkXPress,1.0,0.5,0.5,0.5,0.5
37695494,DESIGNER,27-1024.00,Graphic Designers,1,3549,455,0,0,0,0,0,,0.0,0.0,0.0,0.0,0.0
93301686,DESIGNER,27-1024.00,Graphic Designers,1,5986,791,1,0,1,0,0,Science,1.0,0.2327,0.2327,0.2023,0.2023
36856210,INFORMATION-TECHNOLOGY,15-1299.09,Information Technology Project Managers,1,4888,617,7,2,2,3,2,Writing; Science; Coordination; Installation; Troubleshooting; Linux; Red Hat Enterprise Linux,1.0,0.447,0.75,0.3829,0.6429
21780877,INFORMATION-TECHNOLOGY,15-1299.09,Information Technology Project Managers,1,6491,807,2,0,0,2,0,Installation; Troubleshooting,1.0,0.1588,0.2568,0.1351,0.2188
33241454,INFORMATION-TECHNOLOGY,15-1299.09,Information Technology Project Managers,1,4447,540,3,1,2,0,1,Science; Critical Thinking; Microsoft Excel,1.0,0.5374,0.75,0.4523,0.6429
25990239,INFORMATION-TECHNOLOGY,15-1299.09,Information Technology Project Managers,1,6443,736,6,3,1,2,1,Science; Installation; Troubleshooting; PHP; QuarkXPress; VMware,0.8333,0.3834,0.75,0.3526,0.6429
16899268,INFORMATION-TECHNOLOGY,15-1299.09,Information Technology Project Managers,1,4203,573,1,0,1,0,0,Science,1.0,0.2327,0.2327,0.2023,0.2023
91635250,INFORMATION-TECHNOLOGY,15-1299.09,Information Technology Project Managers,1,7648,944,8,2,3,3,0,Speaking; Learning Strategies; Monitoring; Installation; Troubleshooting; Repairing; System testing software; Testing software,0.75,0.3929,0.6342,0.3501,0.5
19796840,INFORMATION-TECHNOLOGY,15-1299.09,Information Technology Project Managers,1,16124,2043,5,2,1,2,2,Monitoring; Installation; Troubleshooting; SQL; SAS,0.8,0.4113,0.75,0.349,0.6429
15651486,INFORMATION-TECHNOLOGY,15-1299.09,Information Technology Project Managers,1,6895,888,9,8,0,1,3,Troubleshooting; SQL; Linux; Unix; Cisco IOS; Snort; SolarWinds; VMware; Wireshark,0.6667,0.5321,0.75,0.5006,0.6429
52246737,INFORMATION-TECHNOLOGY,15-1299.09,Information Technology Project Managers,1,8381,961,7,3,1,3,1,Monitoring; Negotiation; Programming; Troubleshooting; Linux; McAfee; Microsoft Exchange,1.0,0.4478,0.75,0.4038,0.6429
12045067,INFORMATION-TECHNOLOGY,15-1299.09,Information Technology Project Managers,1,9157,1206,3,0,1,2,0,Science; Coordination; Installation,1.0,0.2747,0.5305,0.2341,0.4487
13836471,INFORMATION-TECHNOLOGY,15-1299.09,Information Technology Project Managers,1,4974,658,5,4,0,1,3,Installation; SQL; Microsoft Active Directory; Microsoft Exchange; Microsoft SQL Server,0.6,0.5152,0.75,0.4593,0.6429
14789139,INFORMATION-TECHNOLOGY,15-1299.09,Information Technology Project Managers,1,8844,1163,4,1,1,2,1,Science; Coordination; Installation; SQL,0.75,0.2747,0.5305,0.2341,0.4487
36434348,INFORMATION-TECHNOLOGY,15-1299.09,Information Technology Project Managers,1,5790,715,14,11,2,1,9,Writing; Science; Troubleshooting; C++; .NET; SQL; Adobe Acrobat; Adobe Dreamweaver; Adobe Photoshop; Microsoft Access; Microsoft SQL Server; Microsoft SharePoint; Oracle Database; SAP Business Objects,0.8571,0.6073,0.75,0.5329,0.6429
27536013,INFORMATION-TECHNOLOGY,15-1299.09,Information Technology Project Managers,1,6093,780,2,2,0,0,1,SQL; Reporting software,0.0,0.5357,0.5357,0.5204,0.5204
18301617,INFORMATION-TECHNOLOGY,15-1299.09,Information Technology Project Managers,1,5794,657,9,6,1,2,5,Science; Installation; Troubleshooting; SQL; Linux; Microsoft Exchange; Microsoft Project; Microsoft SQL Server; Microsoft Visio,0.8889,0.5063,0.75,0.443,0.6429
24913648,INFORMATION-TECHNOLOGY,15-1299.09,Information Technology Project Managers,1,7294,906,7,3,1,3,0,Science; Installation; Troubleshooting; Systems Analysis; McAfee; Microsoft Exchange; Norton AntiVirus,0.8571,0.3539,0.5,0.3357,0.5
26801767,INFORMATION-TECHNOLOGY,15-1299.09,Information Technology Project Managers,1,9776,1227,8,4,2,2,1,Mathematics; Science; Installation; Programming; Unix; MapInfo; Pascal; dBASE,0.625,0.3853,0.75,0.3598,0.6429
27372171,INFORMATION-TECHNOLOGY,15-1299.09,Information Technology Project Managers,1,12274,1572,8,5,2,1,5,Science; Monitoring; Installation; Unix; Microsoft Excel; Microsoft Outlook; Microsoft SharePoint; Microsoft Windows,1.0,0.5776,0.75,0.4939,0.6429
91697974,INFORMATION-TECHNOLOGY,15-1299.09,Information Technology Project Managers,1,6113,729,4,1,1,2,0,Science; Coordination; Time Management; LexisNexis,1.0,0.4467,0.5305,0.3962,0.5
28672970,INFORMATION-TECHNOLOGY,15-1299.09,Information Technology Project Managers,1,6855,846,3,0,1,2,0,Science; Coordination; Installation,1.0,0.2747,0.5305,0.2341,0.4487
66832845,INFORMATION-TECHNOLOGY,15-1299.09,Information Technology Project Managers,1,5278,710,9,5,2,2,3,Science; Monitoring; Programming; Troubleshooting; Azure; Linux; Unix; EMC NetWorker; Skype,0.7778,0.4647,0.75,0.4135,0.6429
25207620,INFORMATION-TECHNOLOGY,15-1299.09,Information Technology Project Managers,1,6677,862,4,0,1,3,0,Writing; Coordination; Installation; Troubleshooting,1.0,0.3491,0.5483,0.2981,0.4737
41344156,INFORMATION-TECHNOLOGY,15-1299.09,Information Technology Project Managers,1,6782,913,5,3,1,1,2,Science; Negotiation; .NET; SQL; VMware,0.6,0.3775,0.5,0.3553,0.5
68460556,INFORMATION-TECHNOLOGY,15-1299.09,Information Technology Project Managers,1,2672,330,1,1,0,0,1,Microsoft Word,1.0,0.75,0.75,0.6429,0.6429
10247517,INFORMATION-TECHNOLOGY,15-1299.09,Information Technology Project Managers,1,7224,881,8,3,2,3,2,Science; Monitoring; Installation; Programming; Troubleshooting; SQL; Microsoft Exchange; Microsoft Word,0.875,0.3612,0.75,0.3166,0.6429
25959103,INFORMATION-TECHNOLOGY,15-1299.09,Information Technology Project Managers,1,5652,692,8,4,2,2,2,Science; Monitoring; Installation; Troubleshooting; SQL; Database management software; McAfee; Swift,0.75,0.4111,0.75,0.3712,0.6429
13385306,INFORMATION-TECHNOLOGY,15-1299.09,Information Technology Project Managers,1,5383,714,7,6,0,1,5,Programming; C#; .NET; SQL; Tableau; ADO.NET; Microsoft SQL Server,0.5714,0.5801,0.75,0.5093,0.6429
38753827,INFORMATION-TECHNOLOGY,15-1299.09,Information Technology Project Managers,1,10135,1289,5,4,1,0,1,Monitoring; Microsoft Exchange; Microsoft Windows; SolarWinds; VMware,0.8,0.5655,0.75,0.5252,0.6429
17681064,INFORMATION-TECHNOLOGY,15-1299.09,Information Technology Project Managers,1,5466,653,1,0,1,0,0,Monitoring,1.0,0.5774,0.5774,0.483,0.483
25905275,INFORMATION-TECHNOLOGY,15-1299.09,Information Technology Project Managers,1,7654,966,2,0,0,2,0,Installation; Troubleshooting,1.0,0.1588,0.2568,0.1351,0.2188
11580408,INFORMATION-TECHNOLOGY,15-1299.09,Information Technology Project Managers,1,5963,807,9,8,0,1,5,Installation; SQL; Unix; Database software; ERP software; Microsoft Access; Microsoft Active Directory; Microsoft Exchange; Microsoft Windows,0.5556,0.5701,0.75,0.5154,0.6429
19201175,INFORMATION-TECHNOLOGY,15-1299.09,Information Technology Project Managers,1,5927,753,1,0,0,1,0,Installation,1.0,0.0608,0.0608,0.0514,0.0514
12635195,INFORMATION-TECHNOLOGY,15-1299.09,Information Technology Project Managers,1,3101,380,8,5,1,2,4,Science; Programming; Troubleshooting; C#; Python; Java; JavaScript; Google,0.75,0.4932,0.75,0.4291,0.6429
32959732,INFORMATION-TECHNOLOGY,15-1299.09,Information Technology Project Managers,1,12215,1661,14,12,2,0,7,Science; Monitoring; AWS; Azure; SQL; Linux; Tableau; Microsoft Exchange; Microsoft SQL Server; Microsoft SharePoint; Moodle; SAP Business One; SolarWinds; VMware,0.5714,0.5736,0.75,0.5233,0.6429
17688766,INFORMATION-TECHNOLOGY,15-1299.09,Information Technology Project Managers,1,4567,579,4,3,0,1,2,Troubleshooting; SQL; Unix; Skype,0.75,0.5023,0.75,0.4539,0.6429
20024870,INFORMATION-TECHNOLOGY,15-1299.09,Information Technology Project Managers,1,3018,390,7,5,1,1,5,Science; Programming; C#; SQL; Java; Facebook; PHP,0.7143,0.5266,0.75,0.4498,0.6429
22450718,INFORMATION-TECHNOLOGY,15-1299.09,Information Technology Project Managers,1,8011,995,7,3,2,2,3,Science; Monitoring; Installation; Troubleshooting; Linux; Unix; TypeScript,0.8571,0.4825,0.75,0.412,0.6429
46260230,INFORMATION-TECHNOLOGY,15-1299.09,Information Technology Project Managers,1,10644,1321,10,5,3,2,2,Science; Critical Thinking; Monitoring; Troubleshooting; Time Management; Linux; Apple iOS; Google; Google Chrome; VMware,0.7,0.5282,0.75,0.4671,0.6429
10839851,INFORMATION-TECHNOLOGY,15-1299.09,Information Technology Project Managers,1,4627,556,1,0,0,1,0,Troubleshooting,1.0,0.2568,0.2568,0.2188,0.2188
18752129,INFORMATION-TECHNOLOGY,15-1299.09,Information Technology Project Managers,1,8887,1325,2,0,2,0,0,Science; Monitoring,1.0,0.405,0.5774,0.3426,0.483
37764298,INFORMATION-TECHNOLOGY,15-1299.09,Information Technology Project Managers,1,6977,872,6,3,0,3,3,Installation; Programming; Troubleshooting; SQL; Adobe Acrobat; Microsoft Excel,0.8333,0.3936,0.75,0.3348,0.6429
90867631,INFORMATION-TECHNOLOGY,15-1299.09,Information Technology Project Managers,1,13253,1641,8,3,1,4,2,Science; Installation; Programming; Troubleshooting; Systems Analysis; C++; SQL; Microsoft Exchange,0.875,0.3397,0.75,0.3016,0.6429
17641670,INFORMATION-TECHNOLOGY,15-1299.09,Information Technology Project Managers,1,14373,1847,5,2,0,3,1,Coordination; Installation; Troubleshooting; Adobe Acrobat; VMware,1.0,0.4196,0.75,0.3724,0.6429
24889109,INFORMATION-TECHNOLOGY,15-1299.09,Information Technology Project Managers,1,4968,628,4,1,1,2,1,Monitoring; Installation; Troubleshooting; TypeScript,0.75,0.4113,0.75,0.349,0.6429
24083609,INFORMATION-TECHNOLOGY,15-1299.09,Information Technology Project Managers,1,2062,237,4,0,2,2,0,Science; Monitoring; Coordination; Time Management,1.0,0.466,0.5774,0.3919,0.483
24038620,INFORMATION-TECHNOLOGY,15-1299.09,Information Technology Project Managers,1,6393,907,4,3,0,1,0,Negotiation; Dropbox; LinkedIn; Twitter,0.25,0.4749,0.5,0.4659,0.5
29051656,INFORMATION-TECHNOLOGY,15-1299.09,Information Technology Project Managers,1,7129,956,12,8,2,2,8,Science; Monitoring; Installation; Troubleshooting; AWS; SQL; Linux; Unix; Bash; MySQL; Oracle Database; UNIX Shell,0.8333,0.5628,0.75,0.4813,0.6429
20237244,INFORMATION-TECHNOLOGY,15-1299.09,Information Technology Project Managers,1,3439,402,12,8,2,2,4,Science; Monitoring; Programming; Troubleshooting; Linux; Unix; TypeScript; Bash; Snort; Tcpdump; VMware; Wireshark,0.75,0.5181,0.75,0.4661,0.6429
20001721,INFORMATION-TECHNOLOGY,15-1299.09,Information Technology Project Managers,1,4028,465,6,5,0,1,4,Programming; SQL; Linux; Unix; Microsoft Word; VMware,0.8333,0.5801,0.75,0.5093,0.6429
92069209,INFORMATION-TECHNOLOGY,15-1299.09,Information Technology Project Managers,1,5757,710,2,1,0,1,0,Installation; Microsoft Exchange,1.0,0.2804,0.5,0.2757,0.5
13405733,INFORMATION-TECHNOLOGY,15-1299.09,Information Technology Project Managers,1,6589,797,6,3,2,1,3,Science; Critical Thinking; Time Management; SQL; Python; Perl,0.8333,0.5772,0.75,0.4867,0.6429
28697203,INFORMATION-TECHNOLOGY,15-1299.09,Information Technology Project Managers,1,5648,700,0,0,0,0,0,,0.0,0.0,0.0,0.0,0.0
28035460,INFORMATION-TECHNOLOGY,15-1299.09,Information Technology Project Managers,1,6758,805,2,0,2,0,0,Science; Monitoring,1.0,0.405,0.5774,0.3426,0.483
21283365,INFORMATION-TECHNOLOGY,15-1299.09,Information Technology Project Managers,1,6227,886,2,0,2,0,0,Science; Monitoring,1.0,0.405,0.5774,0.3426,0.483
17987433,INFORMATION-TECHNOLOGY,15-1299.09,Information Technology Project Managers,1,6122,751,2,1,0,1,1,Programming; SAS,1.0,0.4503,0.75,0.3804,0.6429
10553553,INFORMATION-TECHNOLOGY,15-1299.09,Information Technology Project Managers,1,5403,662,7,6,1,0,4,Science; SQL; Adobe Acrobat; Microsoft Active Directory; Microsoft Exchange; Microsoft Windows; VMware,0.7143,0.5804,0.75,0.5218,0.6429
15118506,INFORMATION-TECHNOLOGY,15-1299.09,Information Technology Project Managers,1,5559,721,5,3,2,0,0,Science; Monitoring; LinkedIn; Microsoft Exchange; VMware,0.8,0.462,0.5774,0.4371,0.5
18176523,INFORMATION-TECHNOLOGY,15-1299.09,Information Technology Project Managers,1,4977,606,6,3,1,2,1,Science; Complex Problem Solving; Troubleshooting; SQL; Skype; VMware,0.8333,0.4084,0.5525,0.3745,0.5
24020470,INFORMATION-TECHNOLOGY,15-1299.09,Information Technology Project Managers,1,8193,1098,5,2,1,2,1,Writing; Troubleshooting; Repairing; VMware; WordPress,0.8,0.4444,0.75,0.3958,0.6429
70089206,INFORMATION-TECHNOLOGY,15-1299.09,Information Technology Project Managers,1,7092,875,11,9,1,1,9,Science; Programming; C; SQL; Linux; Unix; Java; JavaScript; Microsoft Access; Perl; SAS,0.8182,0.6259,0.75,0.5356,0.6429
27770859,INFORMATION-TECHNOLOGY,15-1299.09,Information Technology Project Managers,1,5689,741,17,14,2,1,9,Science; Monitoring; Troubleshooting; Linux; Adobe Acrobat; Apple iOS; Drupal; Microsoft Active Directory; Microsoft Exchange; Microsoft Windows; Microsoft Windows Server; Moodle; MySQL; Nagios; PHP; VMware; WordPress,0.7647,0.6073,0.75,0.5408,0.6429
57002858,INFORMATION-TECHNOLOGY,15-1299.09,Information Technology Project Managers,1,5515,691,7,2,2,3,1,Science; Monitoring; Installation; Troubleshooting; Time Management; SQL; VMware,0.8571,0.3586,0.5774,0.3149,0.5
13477922,INFORMATION-TECHNOLOGY,15-1299.09,Information Technology Project Managers,1,5484,723,3,0,1,2,0,Science; Installation; Troubleshooting,1.0,0.1834,0.2568,0.1575,0.2188
28126340,INFORMATION-TECHNOLOGY,15-1299.09,Information Technology Project Managers,1,8840,1256,8,8,0,0,7,.NET; SQL; Linux; JavaScript; Microsoft SQL Server; Minitab; MySQL; PHP,0.75,0.7083,0.75,0.619,0.6429
37242217,INFORMATION-TECHNOLOGY,15-1299.09,Information Technology Project Managers,1,7455,920,16,13,2,1,11,Writing; Science; Coordination; C++; SQL; Linux; Unix; Java; JavaScript; Google; Microsoft Visual Basic; Microsoft Windows; MySQL; PHP; Ubuntu; WordPress,0.75,0.6517,0.75,0.5676,0.6429
10089434,INFORMATION-TECHNOLOGY,15-1299.09,Information Technology Project Managers,1,8521,1055,26,21,2,3,12,Science; Monitoring; Programming; Troubleshooting; Systems Analysis; C++; .NET; Azure; SQL; Linux; Java; Apple iOS; Bash; McAfee; Microsoft Active Directory; Microsoft Exchange; Microsoft SharePoint; Microsoft SharePoint Server; Microsoft Windows; Microsoft Windows Server; Microsoft Windows XP; Nmap; SolarWinds; Ubuntu; VMware; Veritas NetBackup,0.6154,0.5577,0.75,0.5052,0.6429
11957080,INFORMATION-TECHNOLOGY,15-1299.09,Information Technology Project Managers,1,9592,1241,9,7,0,2,6,Installation; Troubleshooting; Vue.js; SQL; Linux; Unix; Database software; Microsoft Access; Microsoft Word,0.6667,0.571,0.75,0.4981,0.6429
35325329,INFORMATION-TECHNOLOGY,15-1299.09,Information Technology Project Managers,1,6887,871,0,0,0,0,0,,0.0,0.0,0.0,0.0,0.0
10840430,INFORMATION-TECHNOLOGY,15-1299.09,Information Technology Project Managers,1,7716,915,2,0,0,2,0,Programming; Systems Analysis,1.0,0.2887,0.4267,0.2478,0.3777
64017585,INFORMATION-TECHNOLOGY,15-1299.09,Information Technology Project Managers,1,3372,419,6,4,1,1,1,Science; Installation; Linux; Google; IBM AIX; Microsoft Exchange,0.6667,0.4343,0.75,0.4054,0.6429
19850482,INFORMATION-TECHNOLOGY,15-1299.09,Information Technology Project Managers,1,7313,983,2,1,1,0,0,Science; Microsoft Exchange,1.0,0.3663,0.5,0.3512,0.5
52618188,INFORMATION-TECHNOLOGY,15-1299.09,Information Technology Project Managers,1,7801,1012,6,4,1,1,4,Critical Thinking; Systems Analysis; Microsoft Active Directory; Microsoft Excel; Microsoft Outlook; Microsoft Windows,0.8333,0.676,0.75,0.5768,0.6429
28897981,INFORMATION-TECHNOLOGY,15-1299.09,Information Technology Project Managers,1,6952,899,8,6,1,1,3,Science; Troubleshooting; Linux; Drupal; MySQL; PHP; Skype; Ubuntu,1.0,0.5307,0.75,0.4817,0.6429
51639418,INFORMATION-TECHNOLOGY,15-1299.09,Information Technology Project Managers,1,5383,655,8,5,2,1,3,Science; Monitoring; Programming; SQL; Linux; Microsoft Windows; SolarWinds; VMware,0.75,0.4944,0.75,0.4413,0.6429
20674668,INFORMATION-TECHNOLOGY,15-1299.09,Information Technology Project Managers,1,6022,832,18,14,2,2,12,Writing; Science; Installation; Programming; C++; SQL; Unix; Python; Java; JavaScript; AJAX; Apache Struts; Drupal; Microsoft Visual Studio; Oracle Database; PHP; Selenium; jQuery,0.8889,0.5937,0.75,0.5174,0.6429
23527321,INFORMATION-TECHNOLOGY,15-1299.09,Information Technology Project Managers,1,6139,809,2,1,1,0,1,Science; SAP ERP,1.0,0.4913,0.75,0.4226,0.6429
18159866,INFORMATION-TECHNOLOGY,15-1299.09,Information Technology Project Managers,1,10762,1347,1,0,1,0,0,Science,1.0,0.2327,0.2327,0.2023,0.2023
22776912,INFORMATION-TECHNOLOGY,15-1299.09,Information Technology Project Managers,1,9561,1172,4,1,1,2,1,Monitoring; Negotiation; Time Management; SQL,0.75,0.5003,0.5774,0.4268,0.483
23864648,INFORMATION-TECHNOLOGY,15-1299.09,Information Technology Project Managers,1,6207,786,6,3,1,2,3,Science; Negotiation; Troubleshooting; Linux; Unix; UNIX Shell,1.0,0.5232,0.75,0.4522,0.6429
18187364,INFORMATION-TECHNOLOGY,15-1299.09,Information Technology Project Managers,1,9662,1186,9,5,2,2,5,Science; Monitoring; Installation; Troubleshooting; SQL; Linux; Unix; Oracle Database; UNIX Shell,0.8889,0.516,0.75,0.4409,0.6429
83816738,INFORMATION-TECHNOLOGY,15-1299.09,Information Technology Project Managers,1,9483,1227,25,21,3,1,20,Writing; Science; Monitoring; Programming; React; Angular; AWS; SQL; NoSQL; Git; GitHub; Linux; Java; JavaScript; Bootstrap; JUnit; LinkedIn; MongoDB; MySQL; PHP; PostgreSQL; Selenium; Spring Boot; Spring Framework; jQuery,0.76,0.6671,0.75,0.5744,0.6429
20824105,INFORMATION-TECHNOLOGY,15-1299.09,Information Technology Project Managers,1,7376,916,9,7,1,1,4,Science; Programming; AWS; Linux; Python; Bash; Ubuntu; VMware; Wireshark,0.8889,0.5167,0.75,0.4686,0.6429
33381211,INFORMATION-TECHNOLOGY,15-1299.09,Information Technology Project Managers,1,11360,1513,4,4,0,0,3,C#; AWS; SQL; LinkedIn,0.25,0.625,0.75,0.5714,0.6429
16533554,INFORMATION-TECHNOLOGY,15-1299.09,Information Technology Project Managers,1,5446,702,5,3,1,1,0,Science; Troubleshooting; McAfee; Microsoft Exchange; VMware,1.0,0.3979,0.5,0.3842,0.5
20879311,INFORMATION-TECHNOLOGY,15-1299.09,Information Technology Project Managers,1,8440,1030,10,5,2,3,3,Science; Monitoring; Negotiation; Installation; Troubleshooting; SQL; Microsoft Exchange; Microsoft Windows; Microsoft Windows Server; Veritas NetBackup,0.9,0.4475,0.75,0.4005,0.6429
31111279,INFORMATION-TECHNOLOGY,15-1299.09,Information Technology Project Managers,1,8421,1140,5,2,1,2,2,Science; Coordination; Installation; SQL; Unix,0.8,0.3935,0.75,0.3363,0.6429
17111768,INFORMATION-TECHNOLOGY,15-1299.09,Information Technology Project Managers,1,11083,1397,9,7,1,1,5,Science; Programming; SQL; Linux; Unix; Database management systems; Microsoft Project; Red Hat Enterprise Linux; VMware,0.7778,0.5479,0.75,0.4865,0.6429
11584809,INFORMATION-TECHNOLOGY,15-1299.09,Information Technology Project Managers,1,5663,662,7,4,1,2,1,Science; Installation; Programming; Linux; Microsoft Dynamics; Microsoft Exchange; VMware,1.0,0.3849,0.75,0.3592,0.6429
20408458,INFORMATION-TECHNOLOGY,15-1299.09,Information Technology Project Managers,1,8646,1296,2,0,1,1,0,Science; Installation,1.0,0.1468,0.2327,0.1269,0.2023
91121135,INFORMATION-TECHNOLOGY,15-1299.09,Information Technology Project Managers,1,7041,829,5,4,1,0,4,Writing; Microsoft Access; Microsoft Outlook; Microsoft Windows; Microsoft Word,1.0,0.7097,0.75,0.609,0.6429
24230851,INFORMATION-TECHNOLOGY,15-1299.09,Information Technology Project Managers,1,5125,655,2,0,1,1,0,Science; Time Management,1.0,0.3781,0.5236,0.318,0.4337
40018190,INFORMATION-TECHNOLOGY,15-1299.09,Information Technology Project Managers,1,3466,394,5,1,2,2,1,Science; Monitoring; Troubleshooting; Systems Analysis; WordPress,0.8,0.4487,0.75,0.3849,0.6429
16186411,INFORMATION-TECHNOLOGY,15-1299.09,Information Technology Project Managers,1,9224,1313,16,13,2,1,12,Writing; Science; Programming; C++; C#; .NET; SQL; GitHub; Java; JavaScript; ADO.NET; AJAX; Bootstrap; Microsoft Word; MySQL; jQuery,0.6875,0.6293,0.75,0.5446,0.6429
29975124,INFORMATION-TECHNOLOGY,15-1299.09,Information Technology Project Managers,1,6390,826,10,7,1,2,6,Science; Installation; Programming; C++; SQL; Unix; Maintenance management software; Oracle Database; PHP; UNIX Shell,0.8,0.5216,0.75,0.454,0.6429
26746496,INFORMATION-TECHNOLOGY,15-1299.09,Information Technology Project Managers,1,8520,1222,15,13,2,0,12,Writing; Science; C++; C#; .NET; SQL; GitHub; Java; JavaScript; ADO.NET; AJAX; Bootstrap; Microsoft Word; MySQL; jQuery,0.6667,0.6692,0.75,0.5801,0.6429
89413122,INFORMATION-TECHNOLOGY,15-1299.09,Information Technology Project Managers,1,4951,614,3,0,1,2,0,Science; Coordination; Installation,1.0,0.2747,0.5305,0.2341,0.4487
12334140,INFORMATION-TECHNOLOGY,15-1299.09,Information Technology Project Managers,1,13398,2044,4,1,1,2,1,Writing; Programming; Troubleshooting; Microsoft Word,1.0,0.4264,0.75,0.3633,0.6429
10641230,INFORMATION-TECHNOLOGY,15-1299.09,Information Technology Project Managers,1,5906,738,9,5,1,3,4,Science; Installation; Programming; Troubleshooting; Linux; Java; JavaScript; PHP; Ubuntu,0.8889,0.4314,0.75,0.3774,0.6429
10265057,INFORMATION-TECHNOLOGY,15-1299.09,Information Technology Project Managers,1,5373,716,7,5,0,2,5,Programming; Troubleshooting; C++; SQL; Python; Java; SAS,0.7143,0.5315,0.75,0.4531,0.6429
30223363,INFORMATION-TECHNOLOGY,15-1299.09,Information Technology Project Managers,1,11032,1431,14,10,1,3,9,Writing; Coordination; Troubleshooting; Systems Analysis; C++; SQL; Linux; Java; LAMP Stack; Microsoft Project; Microsoft SharePoint; MySQL; PHP; Perl,0.8571,0.626,0.75,0.5432,0.6429
15791766,INFORMATION-TECHNOLOGY,15-1299.09,Information Technology Project Managers,1,5031,613,4,0,2,2,0,Science; Critical Thinking; Installation; Troubleshooting,1.0,0.295,0.6295,0.246,0.5116
29075857,INFORMATION-TECHNOLOGY,15-1299.09,Information Technology Project Managers,1,9509,1253,7,3,2,2,2,Science; Monitoring; Negotiation; Installation; SQL; LinkedIn; Microsoft Project,0.7143,0.4201,0.75,0.3739,0.6429
12763627,INFORMATION-TECHNOLOGY,15-1299.09,Information Technology Project Managers,1,6289,931,11,9,1,1,9,Science; Programming; C#; .NET; SQL; GitHub; JavaScript; Bootstrap; Microsoft SharePoint; MySQL; jQuery,0.7273,0.6259,0.75,0.5356,0.6429
39718499,INFORMATION-TECHNOLOGY,15-1299.09,Information Technology Project Managers,1,2532,321,2,1,1,0,0,Science; Scheme,0.5,0.3663,0.5,0.3512,0.5
27058381,INFORMATION-TECHNOLOGY,15-1299.09,Information Technology Project Managers,1,12189,1715,10,6,1,3,6,Monitoring; Installation; Programming; Troubleshooting; Microsoft Access; Microsoft Excel; Microsoft PowerPoint; Microsoft Windows; Microsoft Windows Server; Microsoft Word,1.0,0.5546,0.75,0.4728,0.6429
25857360,INFORMATION-TECHNOLOGY,15-1299.09,Information Technology Project Managers,1,6930,826,1,1,0,0,1,Microsoft Word,1.0,0.75,0.75,0.6429,0.6429
26768723,INFORMATION-TECHNOLOGY,15-1299.09,Information Technology Project Managers,1,5254,695,8,4,1,3,2,Science; Installation; Programming; Troubleshooting; Linux; Microsoft Windows; Ubuntu; VMware,1.0,0.4001,0.75,0.3595,0.6429
31243710,INFORMATION-TECHNOLOGY,15-1299.09,Information Technology Project Managers,1,8049,1041,14,11,0,3,3,Installation; Programming; Troubleshooting; SQL; Linux; Cisco IOS; McAfee; Microsoft Dynamics; Microsoft Dynamics GP; Microsoft Exchange; MySQL; SolarWinds; VMware; Wireshark,0.8571,0.4591,0.75,0.4365,0.6429
15297298,INFORMATION-TECHNOLOGY,15-1299.09,Information Technology Project Managers,1,6231,729,2,0,1,1,0,Science; Installation,1.0,0.1468,0.2327,0.1269,0.2023
27295996,INFORMATION-TECHNOLOGY,15-1299.09,Information Technology Project Managers,1,7475,928,9,5,2,2,3,Science; Monitoring; Negotiation; Installation; Azure; SQL; Linux; Microsoft Exchange; VMware,0.7778,0.4315,0.75,0.3919,0.6429
39413067,INFORMATION-TECHNOLOGY,15-1299.09,Information Technology Project Managers,1,5621,688,13,8,2,3,7,Writing; Science; Installation; Troubleshooting; Time Management; C++; C#; SQL; Java; Microsoft Active Directory; Microsoft Windows; Microsoft Windows XP; PHP,0.6923,0.5338,0.75,0.4631,0.6429
48037995,INFORMATION-TECHNOLOGY,15-1299.09,Information Technology Project Managers,1,6132,743,2,0,2,0,0,Speaking; Science,1.0,0.4334,0.6342,0.3493,0.4962
15802627,INFORMATION-TECHNOLOGY,15-1299.09,Information Technology Project Managers,1,8342,1085,3,2,1,0,1,Science; Microsoft Active Directory; Microsoft Exchange,0.6667,0.4942,0.75,0.4484,0.6429
51363762,INFORMATION-TECHNOLOGY,15-1299.09,Information Technology Project Managers,1,8634,1053,7,2,2,3,0,Writing; Monitoring; Installation; Programming; Troubleshooting; Ada; Database software,0.7143,0.3706,0.5774,0.335,0.5
18067556,INFORMATION-TECHNOLOGY,15-1299.09,Information Technology Project Managers,1,20561,2670,13,10,1,2,9,Science; Coordination; Programming; .NET; AWS; Azure; SQL; Linux; Tableau; Power BI; Python; Oracle Database; VMware,0.6154,0.5517,0.75,0.4801,0.6429
27485716,INFORMATION-TECHNOLOGY,15-1299.09,Information Technology Project Managers,1,6358,741,2,0,1,1,0,Science; Installation,1.0,0.1468,0.2327,0.1269,0.2023
26480367,INFORMATION-TECHNOLOGY,15-1299.09,Information Technology Project Managers,1,5296,671,6,2,2,2,2,Science; Monitoring; Installation; Programming; Python; Microsoft Windows,1.0,0.4202,0.75,0.3567,0.6429
81761658,INFORMATION-TECHNOLOGY,15-1299.09,Information Technology Project Managers,1,6956,884,5,1,2,2,1,Science; Monitoring; Installation; Troubleshooting; Linux,1.0,0.3755,0.75,0.3197,0.6429
79541391,INFORMATION-TECHNOLOGY,15-1299.09,Information Technology Project Managers,1,13149,1769,8,4,1,3,3,Science; Coordination; Installation; Troubleshooting; .NET; SQL; Microsoft Access; Work order software,0.625,0.3885,0.75,0.344,0.6429
23666211,INFORMATION-TECHNOLOGY,15-1299.09,Information Technology Project Managers,1,6237,745,0,0,0,0,0,,0.0,0.0,0.0,0.0,0.0
12467531,TEACHER,25-2031.00,"Secondary School Teachers, Except Special and Career/Technical Education",1,7158,905,6,3,2,1,2,Mathematics; Monitoring; Programming; Adobe Photoshop; Evernote; Slack,0.5,0.5194,0.75,0.4585,0.6429
19918523,TEACHER,25-2031.00,"Secondary School Teachers, Except Special and Career/Technical Education",1,2827,351,1,0,0,1,0,Troubleshooting,1.0,0.2568,0.2568,0.2188,0.2188
62184086,TEACHER,25-2031.00,"Secondary School Teachers, Except Special and Career/Technical Education",1,2891,361,3,0,2,1,0,Science; Critical Thinking; Time Management,1.0,0.4619,0.6295,0.3825,0.5116
28063132,TEACHER,25-2031.00,"Secondary School Teachers, Except Special and Career/Technical Education",1,2893,362,2,2,0,0,2,Microsoft PowerPoint; Microsoft Word,1.0,0.75,0.75,0.6429,0.6429
29797594,TEACHER,25-2031.00,"Secondary School Teachers, Except Special and Career/Technical Education",1,5554,789,2,0,2,0,0,Writing; Critical Thinking,1.0,0.5889,0.6295,0.4926,0.5116
22408666,TEACHER,25-2031.00,"Secondary School Teachers, Except Special and Career/Technical Education",1,5817,754,3,0,3,0,0,Writing; Mathematics; Science,1.0,0.3897,0.5483,0.3467,0.4737
13087952,TEACHER,25-2031.00,"Secondary School Teachers, Except Special and Career/Technical Education",1,5205,619,4,0,3,1,0,Writing; Science; Monitoring; Coordination,1.0,0.4722,0.5774,0.4019,0.483
15850434,TEACHER,25-2031.00,"Secondary School Teachers, Except Special and Career/Technical Education",1,5281,746,1,0,1,0,0,Writing,1.0,0.5483,0.5483,0.4737,0.4737
28772892,TEACHER,25-2031.00,"Secondary School Teachers, Except Special and Career/Technical Education",1,7745,909,2,0,2,0,0,Active Learning; Monitoring,1.0,0.5539,0.5774,0.4704,0.483
33704389,TEACHER,25-2031.00,"Secondary School Teachers, Except Special and Career/Technical Education",1,5656,788,1,0,1,0,0,Science,1.0,0.2327,0.2327,0.2023,0.2023
16210888,TEACHER,25-2031.00,"Secondary School Teachers, Except Special and Career/Technical Education",1,6088,728,5,0,5,0,0,Writing; Mathematics; Science; Critical Thinking; Monitoring,1.0,0.4752,0.6295,0.4069,0.5116
38750659,TEACHER,25-2031.00,"Secondary School Teachers, Except Special and Career/Technical Education",1,5256,628,5,3,2,0,1,Writing; Science; Adobe Photoshop; Audacity; Moodle,0.6,0.5062,0.75,0.4638,0.6429
90363254,TEACHER,25-2031.00,"Secondary School Teachers, Except Special and Career/Technical Education",1,6873,903,4,0,4,0,0,Reading Comprehension; Writing; Critical Thinking; Monitoring,1.0,0.5944,0.6295,0.4977,0.5227
66906212,TEACHER,25-2031.00,"Secondary School Teachers, Except Special and Career/Technical Education",1,7534,1027,2,0,2,0,0,Writing; Science,1.0,0.3905,0.5483,0.338,0.4737
34745915,TEACHER,25-2031.00,"Secondary School Teachers, Except Special and Career/Technical Education",1,7532,955,0,0,0,0,0,,0.0,0.0,0.0,0.0,0.0
34689720,TEACHER,25-2031.00,"Secondary School Teachers, Except Special and Career/Technical Education",1,5116,754,1,0,0,1,0,Installation,1.0,0.0608,0.0608,0.0514,0.0514
48547319,TEACHER,25-2031.00,"Secondary School Teachers, Except Special and Career/Technical Education",1,5756,705,0,0,0,0,0,,0.0,0.0,0.0,0.0,0.0
19464810,TEACHER,25-2031.00,"Secondary School Teachers, Except Special and Career/Technical Education",1,7966,887,4,1,2,1,0,Writing; Science; Time Management; Ada,0.75,0.4511,0.5483,0.4024,0.5
28086303,TEACHER,25-2031.00,"Secondary School Teachers, Except Special and Career/Technical Education",1,4414,563,2,0,2,0,0,Writing; Science,1.0,0.3905,0.5483,0.338,0.4737
13855004,TEACHER,25-2031.00,"Secondary School Teachers, Except Special and Career/Technical Education",1,6101,801,8,4,4,0,1,Writing; Speaking; Mathematics; Science; Google; Google Chrome; Microsoft Windows; Microsoft Windows XP,0.5,0.5145,0.75,0.4644,0.6429
35421497,TEACHER,25-2031.00,"Secondary School Teachers, Except Special and Career/Technical Education",1,3870,483,0,0,0,0,0,,0.0,0.0,0.0,0.0,0.0
69005326,TEACHER,25-2031.00,"Secondary School Teachers, Except Special and Career/Technical Education",1,5505,698,1,0,0,1,0,Time Management,1.0,0.5236,0.5236,0.4337,0.4337
18001081,TEACHER,25-2031.00,"Secondary School Teachers, Except Special and Career/Technical Education",1,6848,873,1,0,1,0,0,Writing,1.0,0.5483,0.5483,0.4737,0.4737
14958913,TEACHER,25-2031.00,"Secondary School Teachers, Except Special and Career/Technical Education",1,5353,714,1,0,1,0,0,Science,1.0,0.2327,0.2327,0.2023,0.2023
13296856,TEACHER,25-2031.00,"Secondary School Teachers, Except Special and Career/Technical Education",1,4887,594,2,0,1,1,0,Science; Time Management,1.0,0.3781,0.5236,0.318,0.4337
63391085,TEACHER,25-2031.00,"Secondary School Teachers, Except Special and Career/Technical Education",1,5982,756,3,1,2,0,1,Writing; Science; Microsoft Word,1.0,0.5103,0.75,0.4396,0.6429
23939133,TEACHER,25-2031.00,"Secondary School Teachers, Except Special and Career/Technical Education",1,6229,825,1,0,0,1,0,Instructing,1.0,0.4573,0.4573,0.4137,0.4137
96547039,TEACHER,25-2031.00,"Secondary School Teachers, Except Special and Career/Technical Education",1,5447,662,1,0,0,1,0,Time Management,1.0,0.5236,0.5236,0.4337,0.4337
22807104,TEACHER,25-2031.00,"Secondary School Teachers, Except Special and Career/Technical Education",1,7791,1000,2,1,1,0,1,Mathematics; Microsoft Excel,1.0,0.5691,0.75,0.5035,0.6429
23628651,TEACHER,25-2031.00,"Secondary School Teachers, Except Special and Career/Technical Education",1,5236,734,3,0,3,0,0,Writing; Speaking; Mathematics,1.0,0.5236,0.6342,0.4447,0.4962
29486525,TEACHER,25-2031.00,"Secondary School Teachers, Except Special and Career/Technical Education",1,5242,682,2,0,2,0,0,Mathematics; Science,1.0,0.3104,0.3882,0.2832,0.3641
22510753,TEACHER,25-2031.00,"Secondary School Teachers, Except Special and Career/Technical Education",1,4945,615,1,0,0,1,0,Time Management,1.0,0.5236,0.5236,0.4337,0.4337
21773106,TEACHER,25-2031.00,"Secondary School Teachers, Except Special and Career/Technical Education",1,7079,910,5,0,4,1,0,Reading Comprehension; Writing; Speaking; Science; Time Management,1.0,0.5123,0.6342,0.4257,0.5227
34465087,TEACHER,25-2031.00,"Secondary School Teachers, Except Special and Career/Technical Education",1,6819,812,1,0,1,0,0,Active Listening,1.0,0.649,0.649,0.5086,0.5086
24791126,TEACHER,25-2031.00,"Secondary School Teachers, Except Special and Career/Technical Education",1,6120,758,4,2,2,0,2,Science; Monitoring; PHP; SAS,0.5,0.5775,0.75,0.4927,0.6429
15899269,TEACHER,25-2031.00,"Secondary School Teachers, Except Special and Career/Technical Education",1,2930,372,2,0,2,0,0,Writing; Science,1.0,0.3905,0.5483,0.338,0.4737
37402097,TEACHER,25-2031.00,"Secondary School Teachers, Except Special and Career/Technical Education",1,2788,342,0,0,0,0,0,,0.0,0.0,0.0,0.0,0.0
36206485,TEACHER,25-2031.00,"Secondary School Teachers, Except Special and Career/Technical Education",1,6664,834,3,1,2,0,1,Writing; Science; Microsoft Excel,1.0,0.5103,0.75,0.4396,0.6429
36569713,TEACHER,25-2031.00,"Secondary School Teachers, Except Special and Career/Technical Education",1,2483,309,3,0,2,1,0,Mathematics; Science; Time Management,1.0,0.3815,0.5236,0.3334,0.4337
28013287,TEACHER,25-2031.00,"Secondary School Teachers, Except Special and Career/Technical Education",1,5812,850,4,1,3,0,1,Writing; Speaking; Science; Microsoft Word,1.0,0.5413,0.75,0.4538,0.6429
29267293,TEACHER,25-2031.00,"Secondary School Teachers, Except Special and Career/Technical Education",1,3063,400,1,0,0,1,0,Time Management,1.0,0.5236,0.5236,0.4337,0.4337
45286020,TEACHER,25-2031.00,"Secondary School Teachers, Except Special and Career/Technical Education",1,6844,938,5,4,1,0,2,Mathematics; Dropbox; Google; Google Docs; Microsoft Word,0.4,0.5901,0.75,0.5371,0.6429
13330982,TEACHER,25-2031.00,"Secondary School Teachers, Except Special and Career/Technical Education",1,5166,667,2,0,2,0,0,Science; Critical Thinking,1.0,0.4311,0.6295,0.357,0.5116
22551979,TEACHER,25-2031.00,"Secondary School Teachers, Except Special and Career/Technical Education",1,5888,724,2,0,1,1,0,Critical Thinking; Time Management,1.0,0.5765,0.6295,0.4726,0.5116
29639533,TEACHER,25-2031.00,"Secondary School Teachers, Except Special and Career/Technical Education",1,6343,805,4,0,4,0,0,Writing; Mathematics; Science; Monitoring,1.0,0.4366,0.5774,0.3808,0.483
49285644,TEACHER,25-2031.00,"Secondary School Teachers, Except Special and Career/Technical Education",1,6255,816,2,0,2,0,0,Writing; Science,1.0,0.3905,0.5483,0.338,0.4737
16270906,TEACHER,25-2031.00,"Secondary School Teachers, Except Special and Career/Technical Education",1,11184,1509,1,0,1,0,0,Monitoring,1.0,0.5774,0.5774,0.483,0.483
27531694,TEACHER,25-2031.00,"Secondary School Teachers, Except Special and Career/Technical Education",1,8859,1118,2,1,1,0,0,Science; Netscape Navigator,0.5,0.3663,0.5,0.3512,0.5
74816727,TEACHER,25-2031.00,"Secondary School Teachers, Except Special and Career/Technical Education",1,4966,735,3,1,2,0,1,Mathematics; Science; Facebook,0.6667,0.457,0.75,0.4031,0.6429
23398843,TEACHER,25-2031.00,"Secondary School Teachers, Except Special and Career/Technical Education",1,5467,645,6,3,2,1,3,Science; Monitoring; Coordination; Facebook; Microsoft Excel; Microsoft Project,0.6667,0.5984,0.75,0.5104,0.6429
31552617,TEACHER,25-2031.00,"Secondary School Teachers, Except Special and Career/Technical Education",1,2860,370,1,0,1,0,0,Science,1.0,0.2327,0.2327,0.2023,0.2023
19556300,TEACHER,25-2031.00,"Secondary School Teachers, Except Special and Career/Technical Education",1,6407,810,2,0,1,1,0,Writing; Time Management,1.0,0.5359,0.5483,0.4537,0.4737
66683238,TEACHER,25-2031.00,"Secondary School Teachers, Except Special and Career/Technical Education",1,5025,649,1,0,1,0,0,Science,1.0,0.2327,0.2327,0.2023,0.2023
17311685,TEACHER,25-2031.00,"Secondary School Teachers, Except Special and Career/Technical Education",1,2285,260,0,0,0,0,0,,0.0,0.0,0.0,0.0,0.0
17481570,TEACHER,25-2031.00,"Secondary School Teachers, Except Special and Career/Technical Education",1,2823,345,0,0,0,0,0,,0.0,0.0,0.0,0.0,0.0
22884757,TEACHER,25-2031.00,"Secondary School Teachers, Except Special and Career/Technical Education",1,2777,330,1,0,1,0,0,Speaking,1.0,0.6342,0.6342,0.4962,0.4962
58708773,TEACHER,25-2031.00,"Secondary School Teachers, Except Special and Career/Technical Education",1,2035,273,1,0,1,0,0,Science,1.0,0.2327,0.2327,0.2023,0.2023
10527994,TEACHER,25-2031.00,"Secondary School Teachers, Except Special and Career/Technical Education",1,1815,209,0,0,0,0,0,,0.0,0.0,0.0,0.0,0.0
69532425,TEACHER,25-2031.00,"Secondary School Teachers, Except Special and Career/Technical Education",1,2257,279,3,0,2,1,0,Science; Critical Thinking; Time Management,1.0,0.4619,0.6295,0.3825,0.5116
20399718,TEACHER,25-2031.00,"Secondary School Teachers, Except Special and Career/Technical Education",1,6015,736,2,0,2,0,0,Writing; Science,1.0,0.3905,0.5483,0.338,0.4737
19302310,TEACHER,25-2031.00,"Secondary School Teachers, Except Special and Career/Technical Education",1,5208,679,1,0,0,1,0,Time Management,1.0,0.5236,0.5236,0.4337,0.4337
51209395,TEACHER,25-2031.00,"Secondary School Teachers, Except Special and Career/Technical Education",1,1632,183,1,0,1,0,0,Science,1.0,0.2327,0.2327,0.2023,0.2023
22632070,TEACHER,25-2031.00,"Secondary School Teachers, Except Special and Career/Technical Education",1,3479,430,1,0,1,0,0,Science,1.0,0.2327,0.2327,0.2023,0.2023
22056333,TEACHER,25-2031.00,"Secondary School Teachers, Except Special and Career/Technical Education",1,2364,283,0,0,0,0,0,,0.0,0.0,0.0,0.0,0.0
11336022,TEACHER,25-2031.00,"Secondary School Teachers, Except Special and Career/Technical Education",1,3122,423,2,1,1,0,1,Science; Microsoft Word,1.0,0.4913,0.75,0.4226,0.6429
11616482,TEACHER,25-2031.00,"Secondary School Teachers, Except Special and Career/Technical Education",1,3916,475,3,1,2,0,0,Science; Critical Thinking; YouTube,0.6667,0.4541,0.6295,0.4046,0.5116
34033933,TEACHER,25-2031.00,"Secondary School Teachers, Except Special and Career/Technical Education",1,5007,651,1,0,1,0,0,Science,1.0,0.2327,0.2327,0.2023,0.2023
21531811,TEACHER,25-2031.00,"Secondary School Teachers, Except Special and Career/Technical Education",1,2452,309,1,0,1,0,0,Critical Thinking,1.0,0.6295,0.6295,0.5116,0.5116
20626794,TEACHER,25-2031.00,"Secondary School Teachers, Except Special and Career/Technical Education",1,1953,257,0,0,0,0,0,,0.0,0.0,0.0,0.0,0.0
58665241,TEACHER,25-2031.00,"Secondary School Teachers, Except Special and Career/Technical Education",1,5626,765,3,0,3,0,0,Writing; Science; Critical Thinking,1.0,0.4701,0.6295,0.3959,0.5116
37660306,TEACHER,25-2031.00,"Secondary School Teachers, Except Special and Career/Technical Education",1,18080,2694,0,0,0,0,0,,0.0,0.0,0.0,0.0,0.0
13583538,TEACHER,25-2031.00,"Secondary School Teachers, Except Special and Career/Technical Education",1,6282,850,1,0,1,0,0,Science,1.0,0.2327,0.2327,0.2023,0.2023
20230207,TEACHER,25-2031.00,"Secondary School Teachers, Except Special and Career/Technical Education",1,5293,663,4,0,3,1,0,Active Listening; Science; Monitoring; Instructing,1.0,0.4791,0.649,0.4019,0.5086
28642819,TEACHER,25-2031.00,"Secondary School Teachers, Except Special and Career/Technical Education",1,5814,755,2,0,2,0,0,Speaking; Science,1.0,0.4334,0.6342,0.3493,0.4962
16820422,TEACHER,25-2031.00,"Secondary School Teachers, Except Special and Career/Technical Education",1,6012,813,6,3,2,1,1,Writing; Science; Coordination; Facebook; Twitter; YouTube,0.5,0.5102,0.75,0.4613,0.6429
29930479,TEACHER,25-2031.00,"Secondary School Teachers, Except Special and Career/Technical Education",1,2628,331,2,1,1,0,1,Science; Microsoft Word,1.0,0.4913,0.75,0.4226,0.6429
25588694,TEACHER,25-2031.00,"Secondary School Teachers, Except Special and Career/Technical Education",1,3442,428,1,0,1,0,0,Science,1.0,0.2327,0.2327,0.2023,0.2023
86597425,TEACHER,25-2031.00,"Secondary School Teachers, Except Special and Career/Technical Education",1,9805,1151,4,1,2,1,0,Science; Critical Thinking; Time Management; Educational software,0.75,0.4714,0.6295,0.4119,0.5116
10909720,TEACHER,25-2031.00,"Secondary School Teachers, Except Special and Career/Technical Education",1,6082,765,0,0,0,0,0,,0.0,0.0,0.0,0.0,0.0
28933005,TEACHER,25-2031.00,"Secondary School Teachers, Except Special and Career/Technical Education",1,8671,1085,3,2,1,0,0,Science; Google; Google Classroom,0.6667,0.4317,0.5625,0.4127,0.5357
53129155,TEACHER,25-2031.00,"Secondary School Teachers, Except Special and Career/Technical Education",1,5428,686,4,0,1,3,0,Science; Coordination; Programming; Time Management,1.0,0.3593,0.5305,0.3007,0.4487
11943065,TEACHER,25-2031.00,"Secondary School Teachers, Except Special and Career/Technical Education",1,5520,635,3,0,2,1,0,Mathematics; Science; Coordination,1.0,0.3838,0.5305,0.3384,0.4487
45987048,TEACHER,25-2031.00,"Secondary School Teachers, Except Special and Career/Technical Education",1,6255,795,4,0,3,1,0,Active Listening; Mathematics; Science; Troubleshooting,1.0,0.3817,0.649,0.3234,0.5086
99244405,TEACHER,25-2031.00,"Secondary School Teachers, Except Special and Career/Technical Education",1,5576,681,2,0,2,0,0,Writing; Speaking,1.0,0.5912,0.6342,0.485,0.4962
32067700,TEACHER,25-2031.00,"Secondary School Teachers, Except Special and Career/Technical Education",1,3888,492,2,0,1,1,0,Science; Coordination,1.0,0.3816,0.5305,0.3255,0.4487
27126818,TEACHER,25-2031.00,"Secondary School Teachers, Except Special and Career/Technical Education",1,14004,1832,3,0,3,0,0,Writing; Science; Critical Thinking,1.0,0.4701,0.6295,0.3959,0.5116
19786924,TEACHER,25-2031.00,"Secondary School Teachers, Except Special and Career/Technical Education",1,6667,830,1,0,1,0,0,Science,1.0,0.2327,0.2327,0.2023,0.2023
70892619,TEACHER,25-2031.00,"Secondary School Teachers, Except Special and Career/Technical Education",1,5623,745,2,0,2,0,0,Writing; Mathematics,1.0,0.4682,0.5483,0.4189,0.4737
25729119,TEACHER,25-2031.00,"Secondary School Teachers, Except Special and Career/Technical Education",1,5061,640,1,0,1,0,0,Mathematics,1.0,0.3882,0.3882,0.3641,0.3641
58105060,TEACHER,25-2031.00,"Secondary School Teachers, Except Special and Career/Technical Education",1,5514,733,4,1,2,1,0,Mathematics; Science; Time Management; YouTube,0.75,0.4111,0.5236,0.375,0.5
12587973,TEACHER,25-2031.00,"Secondary School Teachers, Except Special and Career/Technical Education",1,5656,697,5,0,3,2,0,Writing; Science; Critical Thinking; Negotiation; Time Management,1.0,0.4668,0.6295,0.397,0.5116
21611212,TEACHER,25-2031.00,"Secondary School Teachers, Except Special and Career/Technical Education",1,3588,465,1,0,1,0,0,Active Listening,1.0,0.649,0.649,0.5086,0.5086
21550454,TEACHER,25-2031.00,"Secondary School Teachers, Except Special and Career/Technical Education",1,5457,684,1,0,1,0,0,Science,1.0,0.2327,0.2327,0.2023,0.2023
86322251,TEACHER,25-2031.00,"Secondary School Teachers, Except Special and Career/Technical Education",1,6593,843,4,0,4,0,0,Speaking; Science; Critical Thinking; Active Learning,1.0,0.5067,0.6342,0.417,0.5116
22968380,TEACHER,25-2031.00,"Secondary School Teachers, Except Special and Career/Technical Education",1,6354,894,3,1,2,0,1,Mathematics; Science; Microsoft Excel,1.0,0.457,0.75,0.4031,0.6429
10504237,TEACHER,25-2031.00,"Secondary School Teachers, Except Special and Career/Technical Education",1,6551,798,6,2,3,1,0,Writing; Science; Monitoring; Equipment Maintenance; Forth; Google,0.6667,0.4325,0.5774,0.3906,0.5357
24240349,TEACHER,25-2031.00,"Secondary School Teachers, Except Special and Career/Technical Education",1,5657,713,3,2,1,0,1,Speaking; Microsoft Outlook; Social media sites,0.3333,0.6281,0.75,0.5464,0.6429
20478831,TEACHER,25-2031.00,"Secondary School Teachers, Except Special and Career/Technical Education",1,5603,692,1,0,1,0,0,Science,1.0,0.2327,0.2327,0.2023,0.2023
79663360,TEACHER,25-2031.00,"Secondary School Teachers, Except Special and Career/Technical Education",1,5325,689,1,0,1,0,0,Science,1.0,0.2327,0.2327,0.2023,0.2023
76196367,TEACHER,25-2031.00,"Secondary School Teachers, Except Special and Career/Technical Education",1,6084,780,6,0,4,2,0,Writing; Mathematics; Science; Monitoring; Coordination; Programming,1.0,0.4046,0.5774,0.3483,0.483
27524018,TEACHER,25-2031.00,"Secondary School Teachers, Except Special and Career/Technical Education",1,9176,1247,3,0,1,2,0,Science; Coordination; Time Management,1.0,0.4289,0.5305,0.3615,0.4487
27798860,TEACHER,25-2031.00,"Secondary School Teachers, Except Special and Career/Technical Education",1,10931,1422,10,5,3,2,3,Mathematics; Science; Learning Strategies; Programming; Troubleshooting; Ada; Autodesk AutoCAD; Autodesk Inventor; Autodesk Revit; WordPress,0.5,0.4753,0.75,0.4255,0.6429
14445309,ADVOCATE,unmapped,unmapped,0,5068,635,2,0,2,0,0,Science; Monitoring,0.0,0.405,0.5774,0.3426,0.483
35474904,ADVOCATE,unmapped,unmapped,0,7604,1027,4,3,0,1,3,Service Orientation; Microsoft Excel; Microsoft Outlook; Microsoft Word,0.0,0.6837,0.75,0.5843,0.6429
37348041,ADVOCATE,unmapped,unmapped,0,5247,635,2,0,2,0,0,Writing; Science,0.0,0.3905,0.5483,0.338,0.4737
89508407,ADVOCATE,unmapped,unmapped,0,5648,763,3,1,1,1,1,Science; Time Management; Salesforce software,0.0,0.5021,0.75,0.4263,0.6429
25873425,ADVOCATE,unmapped,unmapped,0,7461,976,4,0,3,1,0,Active Listening; Science; Monitoring; Time Management,0.0,0.4957,0.649,0.4069,0.5086
31040875,ADVOCATE,unmapped,unmapped,0,2980,407,0,0,0,0,0,,0.0,0.0,0.0,0.0,0.0
11188218,ADVOCATE,unmapped,unmapped,0,6394,812,3,0,1,2,0,Critical Thinking; Complex Problem Solving; Troubleshooting,0.0,0.4796,0.6295,0.3939,0.5116
73448369,ADVOCATE,unmapped,unmapped,0,5183,676,2,1,1,0,0,Science; Email software,0.0,0.3663,0.5,0.3512,0.5
42164460,ADVOCATE,unmapped,unmapped,0,6018,758,3,1,2,0,1,Writing; Monitoring; Microsoft Excel,0.0,0.6252,0.75,0.5332,0.6429
18725071,ADVOCATE,unmapped,unmapped,0,5879,726,1,1,0,0,1,Microsoft Word,0.0,0.75,0.75,0.6429,0.6429
28974459,ADVOCATE,unmapped,unmapped,0,5716,711,2,1,1,0,1,Active Listening; Microsoft Word,0.0,0.6995,0.75,0.5757,0.6429
38291889,ADVOCATE,unmapped,unmapped,0,5735,756,3,1,2,0,1,Science; Monitoring; Microsoft Word,0.0,0.52,0.75,0.4427,0.6429
12171093,ADVOCATE,unmapped,unmapped,0,3484,436,3,0,2,1,0,Active Listening; Science; Time Management,0.0,0.4684,0.649,0.3815,0.5086
13967854,ADVOCATE,unmapped,unmapped,0,5978,663,2,0,1,1,0,Speaking; Judgment and Decision Making,0.0,0.5992,0.6342,0.4767,0.4962
90468982,ADVOCATE,unmapped,unmapped,0,5221,701,0,0,0,0,0,,0.0,0.0,0.0,0.0,0.0
49475708,ADVOCATE,unmapped,unmapped,0,5966,884,1,0,1,0,0,Monitoring,0.0,0.5774,0.5774,0.483,0.483
54067174,ADVOCATE,unmapped,unmapped,0,4141,523,3,1,2,0,0,Active Listening; Writing; Open Dental,0.0,0.5657,0.649,0.4941,0.5086
49486820,ADVOCATE,unmapped,unmapped,0,7983,1009,4,0,2,2,0,Active Listening; Science; Negotiation; Troubleshooting,0.0,0.3846,0.649,0.3233,0.5086
38860712,ADVOCATE,unmapped,unmapped,0,4878,625,1,0,1,0,0,Monitoring,0.0,0.5774,0.5774,0.483,0.483
16332348,ADVOCATE,unmapped,unmapped,0,12447,1590,6,2,3,1,1,Writing; Science; Critical Thinking; Time Management; Microsoft Dynamics; Microsoft Excel,0.0,0.5307,0.75,0.4607,0.6429
34970271,ADVOCATE,unmapped,unmapped,0,5572,696,1,0,0,1,0,Coordination,0.0,0.5305,0.5305,0.4487,0.4487
14064815,ADVOCATE,unmapped,unmapped,0,5241,667,4,0,2,2,0,Active Listening; Science; Negotiation; Troubleshooting,0.0,0.3846,0.649,0.3233,0.5086
12544735,ADVOCATE,unmapped,unmapped,0,3665,468,1,0,1,0,0,Science,0.0,0.2327,0.2327,0.2023,0.2023
20138606,ADVOCATE,unmapped,unmapped,0,7586,958,0,0,0,0,0,,0.0,0.0,0.0,0.0,0.0
36694627,ADVOCATE,unmapped,unmapped,0,5069,638,5,2,1,2,2,Writing; Coordination; Complex Problem Solving; Microsoft Excel; Microsoft Word,0.0,0.6262,0.75,0.5319,0.6429
29926588,ADVOCATE,unmapped,unmapped,0,5293,645,5,1,2,2,1,Writing; Science; Social Perceptiveness; Time Management; Microsoft Word,0.0,0.5191,0.75,0.4396,0.6429
28206098,ADVOCATE,unmapped,unmapped,0,5433,689,0,0,0,0,0,,0.0,0.0,0.0,0.0,0.0
20765795,ADVOCATE,unmapped,unmapped,0,5381,681,0,0,0,0,0,,0.0,0.0,0.0,0.0,0.0
20272792,ADVOCATE,unmapped,unmapped,0,2432,304,1,0,0,1,0,Time Management,0.0,0.5236,0.5236,0.4337,0.4337
20324037,ADVOCATE,unmapped,unmapped,0,5893,772,4,1,1,2,1,Monitoring; Coordination; Negotiation; Linux,0.0,0.5644,0.75,0.4845,0.6429
53169257,ADVOCATE,unmapped,unmapped,0,5224,644,1,0,1,0,0,Science,0.0,0.2327,0.2327,0.2023,0.2023
24588864,ADVOCATE,unmapped,unmapped,0,14150,1733,7,4,2,1,2,Science; Critical Thinking; Time Management; Google; Microsoft Outlook; Microsoft Word; Skype,0.0,0.564,0.75,0.4956,0.6429
11963737,ADVOCATE,unmapped,unmapped,0,5129,640,4,2,1,1,1,Science; Installation; SQL; Billing software,0.0,0.2645,0.5,0.2512,0.5
13593241,ADVOCATE,unmapped,unmapped,0,7278,929,4,0,2,2,0,Writing; Critical Thinking; Coordination; Programming,0.0,0.4647,0.6295,0.388,0.5116
22391901,ADVOCATE,unmapped,unmapped,0,5158,646,3,0,2,1,0,Science; Monitoring; Time Management,0.0,0.4446,0.5774,0.373,0.483
10344379,ADVOCATE,unmapped,unmapped,0,5284,663,1,0,0,1,0,Troubleshooting,0.0,0.2568,0.2568,0.2188,0.2188
74126637,ADVOCATE,unmapped,unmapped,0,5386,692,2,0,2,0,0,Writing; Monitoring,0.0,0.5628,0.5774,0.4783,0.483
26071861,ADVOCATE,unmapped,unmapped,0,6205,801,12,8,1,3,5,Science; Installation; Programming; Troubleshooting; Linux; Python; JavaScript; Facebook; Google; PHP; Skype; Ubuntu,0.0,0.5011,0.75,0.445,0.6429
24410405,ADVOCATE,unmapped,unmapped,0,5747,731,4,3,1,0,3,Speaking; Linux; Microsoft Excel; Microsoft Outlook,0.0,0.7211,0.75,0.6062,0.6429
14146106,ADVOCATE,unmapped,unmapped,0,5147,700,2,0,0,2,0,Coordination; Time Management,0.0,0.527,0.5305,0.4412,0.4487
74191424,ADVOCATE,unmapped,unmapped,0,5790,743,9,0,4,5,0,Reading Comprehension; Active Listening; Science; Critical Thinking; Instructing; Service Orientation; Judgment and Decision Making; Systems Analysis; Time Management,0.0,0.51,0.649,0.4262,0.5227
10186968,ADVOCATE,unmapped,unmapped,0,4275,518,1,1,0,0,1,Microsoft Excel,0.0,0.75,0.75,0.6429,0.6429
20400279,ADVOCATE,unmapped,unmapped,0,7873,991,5,2,2,1,2,Active Listening; Writing; Time Management; Microsoft Outlook; Microsoft Word,0.0,0.6442,0.75,0.5403,0.6429
23427369,ADVOCATE,unmapped,unmapped,0,5290,666,2,0,2,0,0,Mathematics; Science,0.0,0.3104,0.3882,0.2832,0.3641
95714702,ADVOCATE,unmapped,unmapped,0,7075,940,3,0,2,1,0,Speaking; Science; Troubleshooting,0.0,0.3746,0.6342,0.3058,0.4962
18997135,ADVOCATE,unmapped,unmapped,0,4812,611,4,2,2,0,1,Mathematics; Science; Facebook; Twitter,0.0,0.4677,0.75,0.4273,0.6429
11773767,ADVOCATE,unmapped,unmapped,0,5237,655,1,0,1,0,0,Monitoring,0.0,0.5774,0.5774,0.483,0.483
78538268,ADVOCATE,unmapped,unmapped,0,5389,644,1,0,0,1,0,Time Management,0.0,0.5236,0.5236,0.4337,0.4337
13909762,ADVOCATE,unmapped,unmapped,0,7619,1006,2,1,1,0,1,Monitoring; Microsoft Word,0.0,0.6637,0.75,0.5629,0.6429
20604208,ADVOCATE,unmapped,unmapped,0,7246,951,3,1,1,1,1,Speaking; Coordination; Microsoft Word,0.0,0.6382,0.75,0.5293,0.6429
72652441,ADVOCATE,unmapped,unmapped,0,8027,972,0,0,0,0,0,,0.0,0.0,0.0,0.0,0.0
24754689,ADVOCATE,unmapped,unmapped,0,6702,867,3,0,2,1,0,Writing; Monitoring; Coordination,0.0,0.552,0.5774,0.4684,0.483
75057933,ADVOCATE,unmapped,unmapped,0,5800,717,2,0,2,0,0,Writing; Monitoring,0.0,0.5628,0.5774,0.4783,0.483
19063156,ADVOCATE,unmapped,unmapped,0,18652,2309,3,1,0,2,1,Service Orientation; Troubleshooting; MySQL,0.0,0.4972,0.75,0.4235,0.6429
91051945,ADVOCATE,unmapped,unmapped,0,14516,1844,0,0,0,0,0,,0.0,0.0,0.0,0.0,0.0
14176254,ADVOCATE,unmapped,unmapped,0,5775,757,0,0,0,0,0,,0.0,0.0,0.0,0.0,0.0
22259475,ADVOCATE,unmapped,unmapped,0,4694,601,4,2,1,1,2,Monitoring; Coordination; Microsoft Excel; Microsoft Outlook,0.0,0.652,0.75,0.5543,0.6429
37560528,ADVOCATE,unmapped,unmapped,0,8666,1278,0,0,0,0,0,,0.0,0.0,0.0,0.0,0.0
23577836,ADVOCATE,unmapped,unmapped,0,7978,1118,2,0,2,0,0,Science; Critical Thinking,0.0,0.4311,0.6295,0.357,0.5116
36392131,ADVOCATE,unmapped,unmapped,0,7727,993,3,0,2,1,0,Writing; Science; Time Management,0.0,0.4348,0.5483,0.3699,0.4737
32965335,ADVOCATE,unmapped,unmapped,0,8195,1123,7,3,2,2,2,Speaking; Science; Negotiation; Troubleshooting; AWS; Unix; MapInfo,0.0,0.4623,0.75,0.404,0.6429
21614256,ADVOCATE,unmapped,unmapped,0,5934,781,3,1,1,1,1,Speaking; Programming; SAS,0.0,0.5116,0.75,0.419,0.6429
97405769,ADVOCATE,unmapped,unmapped,0,7556,946,1,0,0,1,0,Time Management,0.0,0.5236,0.5236,0.4337,0.4337
95970987,ADVOCATE,unmapped,unmapped,0,12666,1923,2,0,2,0,0,Speaking; Science,0.0,0.4334,0.6342,0.3493,0.4962
17021141,ADVOCATE,unmapped,unmapped,0,6289,852,3,1,1,1,1,Science; Coordination; Microsoft Word,0.0,0.5044,0.75,0.4313,0.6429
15337481,ADVOCATE,unmapped,unmapped,0,6328,794,4,0,3,1,0,Active Listening; Science; Monitoring; Time Management,0.0,0.4957,0.649,0.4069,0.5086
75950464,ADVOCATE,unmapped,unmapped,0,12223,1629,5,3,2,0,3,Writing; Speaking; Microsoft Excel; Microsoft Word; WordPress,0.0,0.6865,0.75,0.5797,0.6429
19518606,ADVOCATE,unmapped,unmapped,0,5421,704,1,1,0,0,0,Forth,0.0,0.5,0.5,0.5,0.5
15727656,ADVOCATE,unmapped,unmapped,0,5172,647,2,1,1,0,1,Science; Microsoft Word,0.0,0.4913,0.75,0.4226,0.6429
31242382,ADVOCATE,unmapped,unmapped,0,6484,836,3,0,2,1,0,Active Listening; Science; Troubleshooting,0.0,0.3795,0.649,0.3099,0.5086
29173771,ADVOCATE,unmapped,unmapped,0,5595,707,3,0,1,2,0,Monitoring; Coordination; Time Management,0.0,0.5438,0.5774,0.4551,0.483
19108760,ADVOCATE,unmapped,unmapped,0,8714,1088,5,0,1,4,0,Science; Coordination; Persuasion; Negotiation; Time Management,0.0,0.4241,0.5305,0.3683,0.4487
14708590,ADVOCATE,unmapped,unmapped,0,5685,731,2,0,2,0,0,Writing; Science,0.0,0.3905,0.5483,0.338,0.4737
77439230,ADVOCATE,unmapped,unmapped,0,8675,1073,4,1,2,1,1,Critical Thinking; Monitoring; Negotiation; Tableau,0.0,0.5892,0.75,0.5003,0.6429
40088790,ADVOCATE,unmapped,unmapped,0,7056,892,1,0,0,1,0,Negotiation,0.0,0.3998,0.3998,0.3637,0.3637
22042181,ADVOCATE,unmapped,unmapped,0,6713,857,2,0,1,1,0,Science; Coordination,0.0,0.3816,0.5305,0.3255,0.4487
29415426,ADVOCATE,unmapped,unmapped,0,2764,343,1,0,1,0,0,Science,0.0,0.2327,0.2327,0.2023,0.2023
37333719,ADVOCATE,unmapped,unmapped,0,2136,266,2,0,2,0,0,Active Listening; Science,0.0,0.4408,0.649,0.3554,0.5086
15313140,ADVOCATE,unmapped,unmapped,0,5509,720,2,0,1,1,0,Science; Installation,0.0,0.1468,0.2327,0.1269,0.2023
13072354,ADVOCATE,unmapped,unmapped,0,6367,829,4,1,1,2,1,Speaking; Programming; Time Management; Microsoft Excel,0.0,0.5146,0.75,0.4227,0.6429
20544228,ADVOCATE,unmapped,unmapped,0,5024,651,1,0,1,0,0,Science,0.0,0.2327,0.2327,0.2023,0.2023
30741799,ADVOCATE,unmapped,unmapped,0,5810,733,0,0,0,0,0,,0.0,0.0,0.0,0.0,0.0
17847636,ADVOCATE,unmapped,unmapped,0,5204,667,2,2,0,0,1,Forth; Microsoft Excel,0.0,0.625,0.75,0.5714,0.6429
80503242,ADVOCATE,unmapped,unmapped,0,5585,692,5,4,1,0,2,Science; SQL; Google; Google Ads; Google Analytics,0.0,0.5134,0.75,0.4714,0.6429
26456474,ADVOCATE,unmapped,unmapped,0,5294,717,2,0,1,1,0,Science; Time Management,0.0,0.3781,0.5236,0.318,0.4337
10818478,ADVOCATE,unmapped,unmapped,0,2435,311,0,0,0,0,0,,0.0,0.0,0.0,0.0,0.0
24124250,ADVOCATE,unmapped,unmapped,0,5564,704,4,1,1,2,1,Science; Installation; Troubleshooting; Microsoft Word,0.0,0.3251,0.75,0.2789,0.6429
37640804,ADVOCATE,unmapped,unmapped,0,7407,936,2,0,2,0,0,Science; Monitoring,0.0,0.405,0.5774,0.3426,0.483
27182111,ADVOCATE,unmapped,unmapped,0,7640,988,3,0,2,1,0,Science; Monitoring; Equipment Maintenance,0.0,0.3282,0.5774,0.278,0.483
11174187,ADVOCATE,unmapped,unmapped,0,8287,1313,2,0,2,0,0,Speaking; Monitoring,0.0,0.6058,0.6342,0.4896,0.4962
47133747,ADVOCATE,unmapped,unmapped,0,7658,974,4,1,1,2,1,Monitoring; Coordination; Installation; Microsoft Outlook,0.0,0.4797,0.75,0.4065,0.6429
10659182,ADVOCATE,unmapped,unmapped,0,5123,648,2,0,2,0,0,Science; Monitoring,0.0,0.405,0.5774,0.3426,0.483
35344611,ADVOCATE,unmapped,unmapped,0,6831,804,1,0,1,0,0,Monitoring,0.0,0.5774,0.5774,0.483,0.483
13342150,ADVOCATE,unmapped,unmapped,0,6075,731,3,0,1,2,0,Critical Thinking; Coordination; Time Management,0.0,0.5612,0.6295,0.4646,0.5116
28111403,ADVOCATE,unmapped,unmapped,0,8672,1152,1,0,1,0,0,Monitoring,0.0,0.5774,0.5774,0.483,0.483
34327438,ADVOCATE,unmapped,unmapped,0,7267,995,1,0,1,0,0,Writing,0.0,0.5483,0.5483,0.4737,0.4737
15958967,ADVOCATE,unmapped,unmapped,0,7631,938,3,0,2,1,0,Science; Critical Thinking; Troubleshooting,0.0,0.373,0.6295,0.3109,0.5116
13115648,ADVOCATE,unmapped,unmapped,0,5271,650,2,0,1,1,0,Science; Coordination,0.0,0.3816,0.5305,0.3255,0.4487
46772262,ADVOCATE,unmapped,unmapped,0,5026,645,2,0,2,0,0,Science; Critical Thinking,0.0,0.4311,0.6295,0.357,0.5116
38059130,ADVOCATE,unmapped,unmapped,0,7078,899,1,0,1,0,0,Science,0.0,0.2327,0.2327,0.2023,0.2023
24695561,ADVOCATE,unmapped,unmapped,0,8128,1015,2,0,2,0,0,Speaking; Science,0.0,0.4334,0.6342,0.3493,0.4962
93512385,ADVOCATE,unmapped,unmapped,0,2660,331,0,0,0,0,0,,0.0,0.0,0.0,0.0,0.0
38698573,ADVOCATE,unmapped,unmapped,0,5729,763,0,0,0,0,0,,0.0,0.0,0.0,0.0,0.0
18090899,ADVOCATE,unmapped,unmapped,0,6518,837,2,2,0,0,1,Google; Google Sheets,0.0,0.6562,0.75,0.5893,0.6429
23804341,ADVOCATE,unmapped,unmapped,0,4776,597,0,0,0,0,0,,0.0,0.0,0.0,0.0,0.0
29177904,ADVOCATE,unmapped,unmapped,0,5678,695,4,3,1,0,3,Science; Microsoft Excel; Microsoft Outlook; Microsoft Word,0.0,0.6207,0.75,0.5327,0.6429
17911230,ADVOCATE,unmapped,unmapped,0,6164,768,3,0,3,0,0,Active Listening; Speaking; Science,0.0,0.5053,0.649,0.4024,0.5086
19926135,ADVOCATE,unmapped,unmapped,0,5294,633,3,0,1,2,0,Critical Thinking; Negotiation; Complex Problem Solving,0.0,0.5273,0.6295,0.4422,0.5116
44115326,ADVOCATE,unmapped,unmapped,0,20975,2888,27,21,3,3,14,Writing; Science; Monitoring; Installation; Programming; Troubleshooting; React; AWS; SQL; Linux; Unix; Java; AWK; Apache Tomcat; Bash; IBM AIX; IBM DB2; IBM WebSphere; IBM WebSphere MQ; Microsoft SharePoint; Microsoft Windows; Nagios; Nmap; Oracle Database; Perl; Snort; VMware,0.0,0.5709,0.75,0.5079,0.6429
75435017,ADVOCATE,unmapped,unmapped,0,8226,1061,4,0,3,1,0,Science; Critical Thinking; Monitoring; Coordination,0.0,0.4925,0.6295,0.4114,0.5116
19234823,ADVOCATE,unmapped,unmapped,0,7696,942,4,2,0,2,2,Complex Problem Solving; Time Management; Microsoft Excel; Microsoft Word,0.0,0.644,0.75,0.5426,0.6429
13809698,ADVOCATE,unmapped,unmapped,0,5050,612,3,1,1,1,1,Monitoring; Equipment Maintenance; Microsoft Word,0.0,0.5006,0.75,0.4249,0.6429
17254634,ADVOCATE,unmapped,unmapped,0,6075,797,3,0,2,1,0,Active Listening; Science; Troubleshooting,0.0,0.3795,0.649,0.3099,0.5086
28871170,ADVOCATE,unmapped,unmapped,0,6065,758,1,0,0,1,0,Coordination,0.0,0.5305,0.5305,0.4487,0.4487
24946537,ADVOCATE,unmapped,unmapped,0,12387,1566,2,2,0,0,1,Google; Google Analytics,0.0,0.6562,0.75,0.5893,0.6429
28635795,ADVOCATE,unmapped,unmapped,0,5876,783,3,0,2,1,0,Speaking; Monitoring; Instructing,0.0,0.5563,0.6342,0.4643,0.4962
24763208,ADVOCATE,unmapped,unmapped,0,9455,1431,2,0,2,0,0,Writing; Science,0.0,0.3905,0.5483,0.338,0.4737
17165107,ADVOCATE,unmapped,unmapped,0,4306,566,2,1,1,0,0,Science; LinkedIn,0.0,0.3663,0.5,0.3512,0.5
65708020,BUSINESS-DEVELOPMENT,11-2022.00,Sales Managers,1,6828,874,1,0,1,0,0,Science,1.0,0.2327,0.2327,0.2023,0.2023
36805025,BUSINESS-DEVELOPMENT,11-2022.00,Sales Managers,1,11038,1425,5,1,2,2,0,Science; Monitoring; Negotiation; Installation; VMware,0.8,0.3541,0.5774,0.3201,0.5
13080868,BUSINESS-DEVELOPMENT,11-2022.00,Sales Managers,1,5092,668,1,0,1,0,0,Science,1.0,0.2327,0.2327,0.2023,0.2023
20748929,BUSINESS-DEVELOPMENT,11-2022.00,Sales Managers,1,7663,1030,5,3,0,2,1,Negotiation; Troubleshooting; SQL; Forth; Google,0.4,0.4298,0.5625,0.4046,0.5357
26581830,BUSINESS-DEVELOPMENT,11-2022.00,Sales Managers,1,5281,637,5,1,3,1,1,Speaking; Critical Thinking; Active Learning; Service Orientation; Microsoft Excel,1.0,0.6058,0.75,0.5034,0.6429
38688388,BUSINESS-DEVELOPMENT,11-2022.00,Sales Managers,1,6611,851,1,0,0,1,0,Coordination,1.0,0.5305,0.5305,0.4487,0.4487
25397102,BUSINESS-DEVELOPMENT,11-2022.00,Sales Managers,1,3662,438,9,5,1,3,4,Speaking; Coordination; Negotiation; Time Management; SQL; Python; Microsoft Excel; Microsoft Project; Optimization software,0.6667,0.6048,0.75,0.5214,0.6429
12059198,BUSINESS-DEVELOPMENT,11-2022.00,Sales Managers,1,3368,417,1,0,1,0,0,Science,1.0,0.2327,0.2327,0.2023,0.2023
10228751,BUSINESS-DEVELOPMENT,11-2022.00,Sales Managers,1,4915,619,3,1,2,0,1,Science; Critical Thinking; Microsoft Word,1.0,0.5374,0.75,0.4523,0.6429
61677751,BUSINESS-DEVELOPMENT,11-2022.00,Sales Managers,1,5361,657,2,0,2,0,0,Science; Monitoring,1.0,0.405,0.5774,0.3426,0.483
20553895,BUSINESS-DEVELOPMENT,11-2022.00,Sales Managers,1,2513,306,4,3,0,1,1,Time Management; Facebook; Instagram; Twitter,0.5,0.5684,0.75,0.5191,0.6429
18757174,BUSINESS-DEVELOPMENT,11-2022.00,Sales Managers,1,2681,326,0,0,0,0,0,,0.0,0.0,0.0,0.0,0.0
14726000,BUSINESS-DEVELOPMENT,11-2022.00,Sales Managers,1,5264,665,0,0,0,0,0,,0.0,0.0,0.0,0.0,0.0
29208172,BUSINESS-DEVELOPMENT,11-2022.00,Sales Managers,1,7608,927,6,1,4,1,0,Writing; Speaking; Science; Critical Thinking; Systems Analysis; Scheme,0.8333,0.4952,0.6342,0.4269,0.5116
40792022,BUSINESS-DEVELOPMENT,11-2022.00,Sales Managers,1,4502,549,2,1,0,1,1,Negotiation; Microsoft Project,1.0,0.5749,0.75,0.5033,0.6429
17095812,BUSINESS-DEVELOPMENT,11-2022.00,Sales Managers,1,7856,954,2,0,2,0,0,Active Listening; Critical Thinking,1.0,0.6392,0.649,0.5101,0.5116
27850777,BUSINESS-DEVELOPMENT,11-2022.00,Sales Managers,1,7257,925,2,0,0,2,0,Persuasion; Negotiation,1.0,0.417,0.4341,0.3785,0.3933
90629382,BUSINESS-DEVELOPMENT,11-2022.00,Sales Managers,1,5134,631,0,0,0,0,0,,0.0,0.0,0.0,0.0,0.0
34797369,BUSINESS-DEVELOPMENT,11-2022.00,Sales Managers,1,6745,861,5,4,1,0,1,Science; Facebook; Google; LinkedIn; Twitter,0.6,0.509,0.75,0.4762,0.6429
98379112,BUSINESS-DEVELOPMENT,11-2022.00,Sales Managers,1,4490,534,2,0,2,0,0,Science; Monitoring,1.0,0.405,0.5774,0.3426,0.483
37521676,BUSINESS-DEVELOPMENT,11-2022.00,Sales Managers,1,10626,1389,2,0,1,1,0,Science; Negotiation,1.0,0.3162,0.3998,0.283,0.3637
10501991,BUSINESS-DEVELOPMENT,11-2022.00,Sales Managers,1,8334,1084,0,0,0,0,0,,0.0,0.0,0.0,0.0,0.0
18293620,BUSINESS-DEVELOPMENT,11-2022.00,Sales Managers,1,6959,913,1,0,1,0,0,Science,1.0,0.2327,0.2327,0.2023,0.2023
19557384,BUSINESS-DEVELOPMENT,11-2022.00,Sales Managers,1,5196,643,4,2,1,1,2,Science; Programming; C++; Adobe Photoshop,0.5,0.4708,0.75,0.4015,0.6429
15423153,BUSINESS-DEVELOPMENT,11-2022.00,Sales Managers,1,7513,989,8,6,1,1,3,Science; Time Management; Facebook; Google; Google Analytics; Instagram; Twitter; WordPress,0.5,0.5711,0.75,0.5125,0.6429
20357858,BUSINESS-DEVELOPMENT,11-2022.00,Sales Managers,1,5639,694,4,2,1,1,0,Writing; Negotiation; Google; Google Drive,0.75,0.5026,0.5625,0.4683,0.5357
12546838,BUSINESS-DEVELOPMENT,11-2022.00,Sales Managers,1,7924,1075,8,5,1,2,4,Science; Programming; Time Management; Linux; Python; Adobe Photoshop; Microsoft Word; Order management software,0.5,0.5587,0.75,0.4826,0.6429
24647386,BUSINESS-DEVELOPMENT,11-2022.00,Sales Managers,1,7648,1006,2,0,1,1,0,Science; Negotiation,1.0,0.3162,0.3998,0.283,0.3637
23568641,BUSINESS-DEVELOPMENT,11-2022.00,Sales Managers,1,3099,360,2,0,1,1,0,Science; Negotiation,1.0,0.3162,0.3998,0.283,0.3637
22423839,BUSINESS-DEVELOPMENT,11-2022.00,Sales Managers,1,3921,495,0,0,0,0,0,,0.0,0.0,0.0,0.0,0.0
19738730,BUSINESS-DEVELOPMENT,11-2022.00,Sales Managers,1,2339,280,0,0,0,0,0,,0.0,0.0,0.0,0.0,0.0
32531824,BUSINESS-DEVELOPMENT,11-2022.00,Sales Managers,1,2989,370,1,1,0,0,1,Tableau,1.0,0.75,0.75,0.6429,0.6429
34046031,BUSINESS-DEVELOPMENT,11-2022.00,Sales Managers,1,6473,816,2,0,1,1,0,Writing; Coordination,1.0,0.5394,0.5483,0.4612,0.4737
14825300,BUSINESS-DEVELOPMENT,11-2022.00,Sales Managers,1,7400,975,1,0,1,0,0,Science,1.0,0.2327,0.2327,0.2023,0.2023
37391947,BUSINESS-DEVELOPMENT,11-2022.00,Sales Managers,1,6533,857,2,0,2,0,0,Speaking; Science,1.0,0.4334,0.6342,0.3493,0.4962
26896699,BUSINESS-DEVELOPMENT,11-2022.00,Sales Managers,1,5023,648,0,0,0,0,0,,0.0,0.0,0.0,0.0,0.0
11289482,BUSINESS-DEVELOPMENT,11-2022.00,Sales Managers,1,8039,1024,0,0,0,0,0,,0.0,0.0,0.0,0.0,0.0
29908929,BUSINESS-DEVELOPMENT,11-2022.00,Sales Managers,1,5871,725,0,0,0,0,0,,0.0,0.0,0.0,0.0,0.0
10704573,BUSINESS-DEVELOPMENT,11-2022.00,Sales Managers,1,7918,1033,1,0,1,0,0,Speaking,1.0,0.6342,0.6342,0.4962,0.4962
14990354,BUSINESS-DEVELOPMENT,11-2022.00,Sales Managers,1,5047,638,0,0,0,0,0,,0.0,0.0,0.0,0.0,0.0
24964303,BUSINESS-DEVELOPMENT,11-2022.00,Sales Managers,1,5529,716,1,0,1,0,0,Science,1.0,0.2327,0.2327,0.2023,0.2023
82118447,BUSINESS-DEVELOPMENT,11-2022.00,Sales Managers,1,10086,1200,2,0,1,1,0,Science; Time Management,1.0,0.3781,0.5236,0.318,0.4337
18236085,BUSINESS-DEVELOPMENT,11-2022.00,Sales Managers,1,5536,732,2,0,2,0,0,Active Listening; Science,1.0,0.4408,0.649,0.3554,0.5086
29825044,BUSINESS-DEVELOPMENT,11-2022.00,Sales Managers,1,5461,670,5,3,2,0,1,Writing; Science; Adobe Acrobat; Microsoft Dynamics; Microsoft Dynamics CRM,0.8,0.5062,0.75,0.4638,0.6429
77576845,BUSINESS-DEVELOPMENT,11-2022.00,Sales Managers,1,7621,996,4,1,2,1,1,Writing; Science; Coordination; Microsoft Word,1.0,0.5154,0.75,0.4419,0.6429
39237915,BUSINESS-DEVELOPMENT,11-2022.00,Sales Managers,1,5642,694,1,0,1,0,0,Writing,1.0,0.5483,0.5483,0.4737,0.4737
28916894,BUSINESS-DEVELOPMENT,11-2022.00,Sales Managers,1,6938,912,3,3,0,0,1,Google; Google Docs; Quicken,0.3333,0.6042,0.75,0.5595,0.6429
26278597,BUSINESS-DEVELOPMENT,11-2022.00,Sales Managers,1,8566,1189,4,1,2,1,0,Science; Monitoring; Negotiation; ERP software,0.75,0.4275,0.5774,0.3872,0.5
80275976,BUSINESS-DEVELOPMENT,11-2022.00,Sales Managers,1,7549,947,2,0,2,0,0,Mathematics; Science,1.0,0.3104,0.3882,0.2832,0.3641
11088337,BUSINESS-DEVELOPMENT,11-2022.00,Sales Managers,1,5480,731,2,2,0,0,2,Microsoft Excel; Microsoft Word,1.0,0.75,0.75,0.6429,0.6429
23396633,BUSINESS-DEVELOPMENT,11-2022.00,Sales Managers,1,7446,950,3,2,1,0,1,Science; Unix; Google,0.3333,0.5151,0.75,0.4603,0.6429
12814706,BUSINESS-DEVELOPMENT,11-2022.00,Sales Managers,1,5604,756,1,0,0,1,0,Negotiation,1.0,0.3998,0.3998,0.3637,0.3637
39875803,BUSINESS-DEVELOPMENT,11-2022.00,Sales Managers,1,5798,777,2,0,1,1,0,Science; Negotiation,1.0,0.3162,0.3998,0.283,0.3637
30938994,BUSINESS-DEVELOPMENT,11-2022.00,Sales Managers,1,6143,801,1,0,0,1,0,Programming,1.0,0.1506,0.1506,0.118,0.118
16694152,BUSINESS-DEVELOPMENT,11-2022.00,Sales Managers,1,6001,753,2,0,2,0,0,Science; Monitoring,1.0,0.405,0.5774,0.3426,0.483
15233524,BUSINESS-DEVELOPMENT,11-2022.00,Sales Managers,1,5842,742,2,1,1,0,1,Monitoring; Microsoft Word,1.0,0.6637,0.75,0.5629,0.6429
81310245,BUSINESS-DEVELOPMENT,11-2022.00,Sales Managers,1,5577,716,1,0,1,0,0,Writing,1.0,0.5483,0.5483,0.4737,0.4737
22025574,BUSINESS-DEVELOPMENT,11-2022.00,Sales Managers,1,6828,969,1,0,1,0,0,Science,1.0,0.2327,0.2327,0.2023,0.2023
13888506,BUSINESS-DEVELOPMENT,11-2022.00,Sales Managers,1,4070,505,2,1,1,0,0,Speaking; Tax software,1.0,0.5745,0.6342,0.5023,0.5084
79759716,BUSINESS-DEVELOPMENT,11-2022.00,Sales Managers,1,5227,648,7,6,0,1,3,Negotiation; Facebook; Google; Google Analytics; Instagram; Microsoft Word; Twitter,0.5714,0.6018,0.75,0.5469,0.6429
10541358,BUSINESS-DEVELOPMENT,11-2022.00,Sales Managers,1,6267,798,3,1,1,1,0,Science; Time Management; Social media sites,1.0,0.4188,0.5236,0.3787,0.5
31638814,BUSINESS-DEVELOPMENT,11-2022.00,Sales Managers,1,2635,337,1,0,0,1,0,Negotiation,1.0,0.3998,0.3998,0.3637,0.3637
25370801,BUSINESS-DEVELOPMENT,11-2022.00,Sales Managers,1,1726,216,0,0,0,0,0,,0.0,0.0,0.0,0.0,0.0
27796199,BUSINESS-DEVELOPMENT,11-2022.00,Sales Managers,1,3931,485,1,0,0,1,0,Time Management,1.0,0.5236,0.5236,0.4337,0.4337
10289113,BUSINESS-DEVELOPMENT,11-2022.00,Sales Managers,1,5624,783,1,0,0,1,0,Programming,1.0,0.1506,0.1506,0.118,0.118
27219200,BUSINESS-DEVELOPMENT,11-2022.00,Sales Managers,1,5250,664,1,0,1,0,0,Science,1.0,0.2327,0.2327,0.2023,0.2023
10235211,BUSINESS-DEVELOPMENT,11-2022.00,Sales Managers,1,8645,1176,1,0,0,1,0,Negotiation,1.0,0.3998,0.3998,0.3637,0.3637
14287992,BUSINESS-DEVELOPMENT,11-2022.00,Sales Managers,1,5512,681,2,0,1,1,0,Critical Thinking; Time Management,1.0,0.5765,0.6295,0.4726,0.5116
47067533,BUSINESS-DEVELOPMENT,11-2022.00,Sales Managers,1,5579,723,2,1,1,0,0,Science; LinkedIn,1.0,0.3663,0.5,0.3512,0.5
14241621,BUSINESS-DEVELOPMENT,11-2022.00,Sales Managers,1,6940,906,2,0,1,1,0,Science; Programming,1.0,0.1916,0.2327,0.1602,0.2023
27213082,BUSINESS-DEVELOPMENT,11-2022.00,Sales Managers,1,6457,827,4,2,1,1,2,Science; Installation; Microsoft Windows; Microsoft Windows Server,0.75,0.4484,0.75,0.3849,0.6429
31813535,BUSINESS-DEVELOPMENT,11-2022.00,Sales Managers,1,7000,909,5,3,1,1,3,Science; Installation; Microsoft Windows; Microsoft Windows Server; Zoom,0.8,0.5087,0.75,0.4365,0.6429
17115815,BUSINESS-DEVELOPMENT,11-2022.00,Sales Managers,1,3789,467,0,0,0,0,0,,0.0,0.0,0.0,0.0,0.0
20317319,BUSINESS-DEVELOPMENT,11-2022.00,Sales Managers,1,6034,798,1,0,1,0,0,Speaking,1.0,0.6342,0.6342,0.4962,0.4962
38007664,BUSINESS-DEVELOPMENT,11-2022.00,Sales Managers,1,6240,832,0,0,0,0,0,,0.0,0.0,0.0,0.0,0.0
24412546,BUSINESS-DEVELOPMENT,11-2022.00,Sales Managers,1,8333,1172,0,0,0,0,0,,0.0,0.0,0.0,0.0,0.0
29014805,BUSINESS-DEVELOPMENT,11-2022.00,Sales Managers,1,9168,1134,3,1,2,0,1,Writing; Critical Thinking; Microsoft SharePoint,1.0,0.6426,0.75,0.5427,0.6429
12377803,BUSINESS-DEVELOPMENT,11-2022.00,Sales Managers,1,6061,750,1,0,1,0,0,Monitoring,1.0,0.5774,0.5774,0.483,0.483
32385553,BUSINESS-DEVELOPMENT,11-2022.00,Sales Managers,1,7673,956,0,0,0,0,0,,0.0,0.0,0.0,0.0,0.0
13199813,BUSINESS-DEVELOPMENT,11-2022.00,Sales Managers,1,7720,1083,2,0,2,0,0,Speaking; Critical Thinking,1.0,0.6318,0.6342,0.5039,0.5116
11551946,BUSINESS-DEVELOPMENT,11-2022.00,Sales Managers,1,7825,954,1,0,1,0,0,Science,1.0,0.2327,0.2327,0.2023,0.2023
22765255,BUSINESS-DEVELOPMENT,11-2022.00,Sales Managers,1,9419,1218,1,0,1,0,0,Science,1.0,0.2327,0.2327,0.2023,0.2023
20427934,BUSINESS-DEVELOPMENT,11-2022.00,Sales Managers,1,5595,724,2,1,1,0,1,Science; Java,0.5,0.2327,0.2327,0.2023,0.2023
35673335,BUSINESS-DEVELOPMENT,11-2022.00,Sales Managers,1,5954,794,2,1,0,1,0,Negotiation; Business intelligence software,0.5,0.4499,0.5,0.4318,0.5
16846478,BUSINESS-DEVELOPMENT,11-2022.00,Sales Managers,1,8530,1096,2,1,1,0,0,Science; LexisNexis,1.0,0.3663,0.5,0.3512,0.5
89197180,BUSINESS-DEVELOPMENT,11-2022.00,Sales Managers,1,6921,842,2,1,0,1,1,Negotiation; Microsoft Word,1.0,0.5749,0.75,0.5033,0.6429
36574147,BUSINESS-DEVELOPMENT,11-2022.00,Sales Managers,1,6761,844,1,0,0,1,0,Coordination,1.0,0.5305,0.5305,0.4487,0.4487
27004930,BUSINESS-DEVELOPMENT,11-2022.00,Sales Managers,1,5591,695,3,1,1,1,0,Science; Installation; LinkedIn,1.0,0.2645,0.5,0.2512,0.5
12230301,BUSINESS-DEVELOPMENT,11-2022.00,Sales Managers,1,12830,1605,6,3,1,2,1,Writing; Negotiation; Programming; Google; Google Analytics; QuarkXPress,0.6667,0.4852,0.75,0.439,0.6429
59696315,BUSINESS-DEVELOPMENT,11-2022.00,Sales Managers,1,10707,1399,3,1,2,0,0,Writing; Science; LinkedIn,1.0,0.427,0.5483,0.392,0.5
20633855,BUSINESS-DEVELOPMENT,11-2022.00,Sales Managers,1,3922,536,4,4,0,0,1,Facebook; Instagram; LinkedIn; Twitter,0.5,0.5625,0.75,0.5357,0.6429
18311419,BUSINESS-DEVELOPMENT,11-2022.00,Sales Managers,1,4458,564,1,0,1,0,0,Science,1.0,0.2327,0.2327,0.2023,0.2023
16091352,BUSINESS-DEVELOPMENT,11-2022.00,Sales Managers,1,5490,712,0,0,0,0,0,,0.0,0.0,0.0,0.0,0.0
27375577,BUSINESS-DEVELOPMENT,11-2022.00,Sales Managers,1,6444,874,1,0,1,0,0,Science,1.0,0.2327,0.2327,0.2023,0.2023
25813953,BUSINESS-DEVELOPMENT,11-2022.00,Sales Managers,1,3940,482,5,4,0,1,4,Complex Problem Solving; Microsoft Excel; Microsoft Outlook; Microsoft PowerPoint; Microsoft Word,1.0,0.7105,0.75,0.6045,0.6429
76916835,BUSINESS-DEVELOPMENT,11-2022.00,Sales Managers,1,3879,488,2,0,1,1,0,Science; Time Management,1.0,0.3781,0.5236,0.318,0.4337
17730889,BUSINESS-DEVELOPMENT,11-2022.00,Sales Managers,1,5783,697,4,1,1,2,1,Science; Negotiation; Time Management; Adobe Acrobat,1.0,0.4765,0.75,0.4106,0.6429
67501448,BUSINESS-DEVELOPMENT,11-2022.00,Sales Managers,1,6155,737,2,0,1,1,0,Science; Negotiation,1.0,0.3162,0.3998,0.283,0.3637
17421910,BUSINESS-DEVELOPMENT,11-2022.00,Sales Managers,1,3862,478,4,3,1,0,1,Science; Constant Contact; Facebook; Twitter,0.5,0.4957,0.75,0.4613,0.6429
12632728,BUSINESS-DEVELOPMENT,11-2022.00,Sales Managers,1,21,0,0,0,0,0,0,,0.0,0.0,0.0,0.0,0.0
91467795,BUSINESS-DEVELOPMENT,11-2022.00,Sales Managers,1,6532,838,6,5,1,0,0,Science; Google; Google Chrome; LinkedIn; Skype; Twitter,0.3333,0.4659,0.5625,0.4563,0.5357
13574264,BUSINESS-DEVELOPMENT,11-2022.00,Sales Managers,1,5459,737,2,2,0,0,0,Google; YouTube,0.5,0.5312,0.5625,0.5179,0.5357
27139412,BUSINESS-DEVELOPMENT,11-2022.00,Sales Managers,1,3199,370,0,0,0,0,0,,0.0,0.0,0.0,0.0,0.0
14070138,BUSINESS-DEVELOPMENT,11-2022.00,Sales Managers,1,7951,974,3,1,2,0,0,Science; Monitoring; LexisNexis,1.0,0.4367,0.5774,0.3951,0.5
15811992,BUSINESS-DEVELOPMENT,11-2022.00,Sales Managers,1,7627,1146,1,1,0,0,0,Tax software,1.0,0.5147,0.5147,0.5084,0.5084
14871762,BUSINESS-DEVELOPMENT,11-2022.00,Sales Managers,1,3955,514,5,4,1,0,4,Science; SQL; Tableau; Python; Java,0.4,0.5776,0.75,0.496,0.6429
17597372,BUSINESS-DEVELOPMENT,11-2022.00,Sales Managers,1,2962,364,0,0,0,0,0,,0.0,0.0,0.0,0.0,0.0
18937778,BUSINESS-DEVELOPMENT,11-2022.00,Sales Managers,1,5411,684,1,0,1,0,0,Science,1.0,0.2327,0.2327,0.2023,0.2023
14861855,BUSINESS-DEVELOPMENT,11-2022.00,Sales Managers,1,5783,718,1,0,0,1,0,Negotiation,1.0,0.3998,0.3998,0.3637,0.3637
36170003,BUSINESS-DEVELOPMENT,11-2022.00,Sales Managers,1,5566,688,2,0,1,1,0,Science; Negotiation,1.0,0.3162,0.3998,0.283,0.3637
27937592,BUSINESS-DEVELOPMENT,11-2022.00,Sales Managers,1,5117,670,0,0,0,0,0,,0.0,0.0,0.0,0.0,0.0
16519708,BUSINESS-DEVELOPMENT,11-2022.00,Sales Managers,1,6829,888,3,2,0,1,1,Negotiation; Microsoft Project; Quicken,0.6667,0.5499,0.75,0.5022,0.6429
17602815,BUSINESS-DEVELOPMENT,11-2022.00,Sales Managers,1,5012,640,0,0,0,0,0,,0.0,0.0,0.0,0.0,0.0
28337049,BUSINESS-DEVELOPMENT,11-2022.00,Sales Managers,1,6917,872,4,0,1,3,0,Science; Coordination; Troubleshooting; Time Management,1.0,0.3859,0.5305,0.3259,0.4487
33424600,BUSINESS-DEVELOPMENT,11-2022.00,Sales Managers,1,9970,1316,1,0,1,0,0,Science,1.0,0.2327,0.2327,0.2023,0.2023
32042584,BUSINESS-DEVELOPMENT,11-2022.00,Sales Managers,1,3767,512,6,4,2,0,2,Writing; Science; SQL; Google; SAS; Statistical analysis software,0.5,0.5187,0.75,0.4709,0.6429
14752209,BUSINESS-DEVELOPMENT,11-2022.00,Sales Managers,1,5377,711,0,0,0,0,0,,0.0,0.0,0.0,0.0,0.0
31273310,BUSINESS-DEVELOPMENT,11-2022.00,Sales Managers,1,5993,764,3,0,2,1,0,Writing; Science; Time Management,1.0,0.4348,0.5483,0.3699,0.4737
14055971,BUSINESS-DEVELOPMENT,11-2022.00,Sales Managers,1,6362,773,0,0,0,0,0,,0.0,0.0,0.0,0.0,0.0
95382114,BUSINESS-DEVELOPMENT,11-2022.00,Sales Managers,1,5513,675,3,1,1,1,1,Science; Negotiation; TypeScript,0.6667,0.4608,0.75,0.403,0.6429
23617240,HEALTHCARE,unmapped,unmapped,0,9999,1363,6,2,3,1,1,Writing; Science; Monitoring; Coordination; GCP; Ada,0.0,0.4778,0.5774,0.4215,0.5
23138078,HEALTHCARE,unmapped,unmapped,0,5967,651,12,4,6,2,4,Reading Comprehension; Writing; Speaking; Science; Critical Thinking; Active Learning; Coordination; Time Management; Microsoft Access; Microsoft Excel; Microsoft PowerPoint; Microsoft Word,0.0,0.6043,0.75,0.5098,0.6429
51777546,HEALTHCARE,unmapped,unmapped,0,5230,650,2,1,1,0,0,Science; Google,0.0,0.3976,0.5625,0.369,0.5357
69199666,HEALTHCARE,unmapped,unmapped,0,5644,711,1,0,1,0,0,Science,0.0,0.2327,0.2327,0.2023,0.2023
93988900,HEALTHCARE,unmapped,unmapped,0,12348,1615,9,3,4,2,2,Speaking; Science; Critical Thinking; Monitoring; Complex Problem Solving; Equipment Maintenance; Adobe Acrobat; Adobe Photoshop; LinkedIn,0.0,0.5334,0.75,0.4532,0.6429
41910253,HEALTHCARE,unmapped,unmapped,0,3474,390,3,0,0,3,0,Coordination; Judgment and Decision Making; Time Management,0.0,0.5394,0.5641,0.4465,0.4572
28670024,HEALTHCARE,unmapped,unmapped,0,21316,2749,3,1,2,0,0,Writing; Science; Forth,0.0,0.427,0.5483,0.392,0.5
36625776,HEALTHCARE,unmapped,unmapped,0,8451,1059,2,0,1,1,0,Science; Negotiation,0.0,0.3162,0.3998,0.283,0.3637
96260484,HEALTHCARE,unmapped,unmapped,0,5874,706,1,0,1,0,0,Science,0.0,0.2327,0.2327,0.2023,0.2023
11378657,HEALTHCARE,unmapped,unmapped,0,5600,689,0,0,0,0,0,,0.0,0.0,0.0,0.0,0.0
34962725,HEALTHCARE,unmapped,unmapped,0,4512,556,1,0,1,0,0,Science,0.0,0.2327,0.2327,0.2023,0.2023
18365443,HEALTHCARE,unmapped,unmapped,0,6433,836,4,1,2,1,1,Writing; Science; Programming; SQL,0.0,0.3105,0.5483,0.2647,0.4737
26125407,HEALTHCARE,unmapped,unmapped,0,8835,1143,4,0,2,2,0,Science; Monitoring; Troubleshooting; Judgment and Decision Making,0.0,0.4078,0.5774,0.3403,0.483
54934269,HEALTHCARE,unmapped,unmapped,0,5698,678,4,2,2,0,2,Critical Thinking; Monitoring; Microsoft Excel; Microsoft Word,0.0,0.6767,0.75,0.5701,0.6429
37374340,HEALTHCARE,unmapped,unmapped,0,4832,602,0,0,0,0,0,,0.0,0.0,0.0,0.0,0.0
25328428,HEALTHCARE,unmapped,unmapped,0,5410,749,2,0,1,1,0,Active Listening; Time Management,0.0,0.5863,0.649,0.4711,0.5086
56520872,HEALTHCARE,unmapped,unmapped,0,6147,788,2,0,1,1,0,Monitoring; Coordination,0.0,0.5539,0.5774,0.4658,0.483
23944036,HEALTHCARE,unmapped,unmapped,0,5802,746,1,0,1,0,0,Writing,0.0,0.5483,0.5483,0.4737,0.4737
19090468,HEALTHCARE,unmapped,unmapped,0,6727,864,10,6,2,2,5,Science; Monitoring; Programming; Troubleshooting; Linux; Unix; Java; Bash; Puppet; VMware,0.0,0.5242,0.75,0.4548,0.6429
16132195,HEALTHCARE,unmapped,unmapped,0,5819,722,1,0,0,1,0,Time Management,0.0,0.5236,0.5236,0.4337,0.4337
27030979,HEALTHCARE,unmapped,unmapped,0,5567,723,2,1,0,1,1,Time Management; Microsoft Word,0.0,0.6368,0.75,0.5383,0.6429
17960690,HEALTHCARE,unmapped,unmapped,0,5111,716,1,0,1,0,0,Science,0.0,0.2327,0.2327,0.2023,0.2023
17624934,HEALTHCARE,unmapped,unmapped,0,5060,621,1,0,1,0,0,Science,0.0,0.2327,0.2327,0.2023,0.2023
22008817,HEALTHCARE,unmapped,unmapped,0,8751,1061,1,1,0,0,1,Microsoft Excel,0.0,0.75,0.75,0.6429,0.6429
20835760,HEALTHCARE,unmapped,unmapped,0,5794,794,1,0,1,0,0,Science,0.0,0.2327,0.2327,0.2023,0.2023
87520378,HEALTHCARE,unmapped,unmapped,0,5880,726,10,8,1,1,6,Writing; Coordination; Ada; Adobe Acrobat; Adobe Photoshop; Microsoft Excel; Microsoft Outlook; Microsoft PowerPoint; Microsoft Publisher; Microsoft Word,0.0,0.6579,0.75,0.5779,0.6429
58879993,HEALTHCARE,unmapped,unmapped,0,5872,733,8,5,2,1,4,Writing; Science; Coordination; Ada; Adobe Acrobat; Adobe Photoshop; Microsoft Excel; Microsoft Word,0.0,0.6014,0.75,0.5245,0.6429
64471954,HEALTHCARE,unmapped,unmapped,0,2494,307,2,0,1,1,0,Active Listening; Time Management,0.0,0.5863,0.649,0.4711,0.5086
18714571,HEALTHCARE,unmapped,unmapped,0,5384,660,1,0,0,1,0,Programming,0.0,0.1506,0.1506,0.118,0.118
20748468,HEALTHCARE,unmapped,unmapped,0,10293,1404,3,1,0,2,1,Complex Problem Solving; Troubleshooting; Microsoft Word,0.0,0.5198,0.75,0.4376,0.6429
98300955,HEALTHCARE,unmapped,unmapped,0,11382,1442,8,7,0,1,7,Programming; C#; .NET; SQL; Linux; Java; JavaScript; AJAX,0.0,0.6301,0.75,0.5379,0.6429
11653906,HEALTHCARE,unmapped,unmapped,0,5881,790,0,0,0,0,0,,0.0,0.0,0.0,0.0,0.0
10466208,HEALTHCARE,unmapped,unmapped,0,7523,902,1,0,1,0,0,Speaking,0.0,0.6342,0.6342,0.4962,0.4962
13352113,HEALTHCARE,unmapped,unmapped,0,6324,808,5,2,1,2,0,Speaking; Negotiation; Time Management; Quicken; Skype,0.0,0.5115,0.6342,0.4587,0.5
20110597,HEALTHCARE,unmapped,unmapped,0,7701,970,7,2,1,4,0,Speaking; Negotiation; Programming; Troubleshooting; Time Management; Quicken; Skype,0.0,0.4236,0.6342,0.3758,0.5
20211577,HEALTHCARE,unmapped,unmapped,0,5871,752,1,0,1,0,0,Science,0.0,0.2327,0.2327,0.2023,0.2023
12315079,HEALTHCARE,unmapped,unmapped,0,6499,790,1,0,0,1,0,Negotiation,0.0,0.3998,0.3998,0.3637,0.3637
10480456,HEALTHCARE,unmapped,unmapped,0,16384,2067,5,1,1,3,0,Science; Coordination; Negotiation; Installation; Ada,0.0,0.3448,0.5305,0.3132,0.5
75297735,HEALTHCARE,unmapped,unmapped,0,5128,621,1,1,0,0,1,Microsoft Word,0.0,0.75,0.75,0.6429,0.6429
49325370,HEALTHCARE,unmapped,unmapped,0,8309,1020,1,0,1,0,0,Monitoring,0.0,0.5774,0.5774,0.483,0.483
21866029,HEALTHCARE,unmapped,unmapped,0,6795,953,8,5,3,0,3,Writing; Science; Critical Thinking; SQL; Tableau; MicroStrategy; Reporting software; SAS,0.0,0.5637,0.75,0.4991,0.6429
14667957,HEALTHCARE,unmapped,unmapped,0,7412,959,2,0,2,0,0,Science; Monitoring,0.0,0.405,0.5774,0.3426,0.483
10062724,HEALTHCARE,unmapped,unmapped,0,12039,1468,4,0,3,1,0,Active Listening; Science; Monitoring; Coordination,0.0,0.4974,0.649,0.4106,0.5086
43994605,HEALTHCARE,unmapped,unmapped,0,5849,738,4,0,2,2,0,Science; Critical Thinking; Coordination; Time Management,0.0,0.4791,0.6295,0.3991,0.5116
23814777,HEALTHCARE,unmapped,unmapped,0,5278,634,1,0,1,0,0,Science,0.0,0.2327,0.2327,0.2023,0.2023
28745844,HEALTHCARE,unmapped,unmapped,0,5191,669,0,0,0,0,0,,0.0,0.0,0.0,0.0,0.0
17864043,HEALTHCARE,unmapped,unmapped,0,8388,1029,2,1,1,0,0,Writing; Applicant tracking software,0.0,0.5866,0.625,0.5225,0.5714
16121387,HEALTHCARE,unmapped,unmapped,0,9557,1089,2,0,1,1,0,Science; Coordination,0.0,0.3816,0.5305,0.3255,0.4487
10076271,HEALTHCARE,unmapped,unmapped,0,5826,764,1,1,0,0,1,Microsoft Project,0.0,0.75,0.75,0.6429,0.6429
80876647,HEALTHCARE,unmapped,unmapped,0,6103,798,0,0,0,0,0,,0.0,0.0,0.0,0.0,0.0
36861863,HEALTHCARE,unmapped,unmapped,0,1954,242,0,0,0,0,0,,0.0,0.0,0.0,0.0,0.0
24025053,HEALTHCARE,unmapped,unmapped,0,5318,653,6,1,2,3,0,Critical Thinking; Active Learning; Quality Control Analysis; Judgment and Decision Making; Time Management; Database management systems,0.0,0.516,0.6295,0.4444,0.5116
17545780,HEALTHCARE,unmapped,unmapped,0,5901,725,0,0,0,0,0,,0.0,0.0,0.0,0.0,0.0
95011061,HEALTHCARE,unmapped,unmapped,0,3542,443,0,0,0,0,0,,0.0,0.0,0.0,0.0,0.0
13565152,HEALTHCARE,unmapped,unmapped,0,12523,1591,3,0,2,1,0,Science; Critical Thinking; Installation,0.0,0.3077,0.6295,0.2551,0.5116
75744306,HEALTHCARE,unmapped,unmapped,0,6709,917,5,0,3,2,0,Writing; Speaking; Active Learning; Troubleshooting; Time Management,0.0,0.4987,0.6342,0.416,0.4962
26908066,HEALTHCARE,unmapped,unmapped,0,5012,645,3,0,2,1,0,Science; Monitoring; Negotiation,0.0,0.4033,0.5774,0.3497,0.483
11704150,HEALTHCARE,unmapped,unmapped,0,4952,618,1,0,1,0,0,Science,0.0,0.2327,0.2327,0.2023,0.2023
27917969,HEALTHCARE,unmapped,unmapped,0,11282,1361,1,0,1,0,0,Science,0.0,0.2327,0.2327,0.2023,0.2023
12613221,HEALTHCARE,unmapped,unmapped,0,3606,437,4,0,3,1,0,Science; Critical Thinking; Monitoring; Troubleshooting,0.0,0.4241,0.6295,0.3539,0.5116
15680735,HEALTHCARE,unmapped,unmapped,0,8379,1133,1,0,1,0,0,Science,0.0,0.2327,0.2327,0.2023,0.2023
13575312,HEALTHCARE,unmapped,unmapped,0,7952,980,11,10,1,0,8,Science; C++; SQL; Java; JavaScript; Enterprise JavaBeans; IBM WebSphere; Microsoft Project; Microsoft Visio; Microsoft Visual Studio; PostgreSQL,0.0,0.637,0.75,0.5622,0.6429
15636923,HEALTHCARE,unmapped,unmapped,0,6704,882,2,1,0,1,1,Programming; Microsoft Word,0.0,0.4503,0.75,0.3804,0.6429
14062078,HEALTHCARE,unmapped,unmapped,0,7639,983,3,3,0,0,2,LexisNexis; Microsoft PowerPoint; Microsoft Word,0.0,0.6667,0.75,0.5952,0.6429
37001381,HEALTHCARE,unmapped,unmapped,0,6258,761,5,2,3,0,1,Writing; Speaking; Science; Billing software; Microsoft Word,0.0,0.533,0.75,0.463,0.6429
32219038,HEALTHCARE,unmapped,unmapped,0,5437,696,1,0,0,1,0,Time Management,0.0,0.5236,0.5236,0.4337,0.4337
10251432,HEALTHCARE,unmapped,unmapped,0,5519,669,5,3,1,1,3,Science; Programming; C; Adobe Acrobat; Microsoft Word,0.0,0.5266,0.75,0.4498,0.6429
28423028,HEALTHCARE,unmapped,unmapped,0,8356,987,2,0,1,1,0,Science; Coordination,0.0,0.3816,0.5305,0.3255,0.4487
46349752,HEALTHCARE,unmapped,unmapped,0,7899,1032,3,0,2,1,0,Critical Thinking; Monitoring; Time Management,0.0,0.5768,0.6295,0.4761,0.5116
26958533,HEALTHCARE,unmapped,unmapped,0,5379,672,1,0,0,1,0,Installation,0.0,0.0608,0.0608,0.0514,0.0514
23110214,HEALTHCARE,unmapped,unmapped,0,8666,1128,4,0,2,2,0,Science; Monitoring; Negotiation; Time Management,0.0,0.4334,0.5774,0.3707,0.483
17963031,HEALTHCARE,unmapped,unmapped,0,8169,1021,6,2,1,3,2,Science; Coordination; Troubleshooting; Systems Analysis; Unix; Java,0.0,0.4393,0.75,0.3781,0.6429
60624892,HEALTHCARE,unmapped,unmapped,0,7094,866,1,0,1,0,0,Science,0.0,0.2327,0.2327,0.2023,0.2023
23918545,HEALTHCARE,unmapped,unmapped,0,6207,729,3,1,1,1,1,Science; Time Management; Microsoft Outlook,0.0,0.5021,0.75,0.4263,0.6429
20172393,HEALTHCARE,unmapped,unmapped,0,5247,649,2,0,1,1,0,Monitoring; Coordination,0.0,0.5539,0.5774,0.4658,0.483
39082090,HEALTHCARE,unmapped,unmapped,0,6165,750,1,0,1,0,0,Writing,0.0,0.5483,0.5483,0.4737,0.4737
98309114,HEALTHCARE,unmapped,unmapped,0,12339,1589,3,1,1,1,1,Writing; Coordination; Microsoft Word,0.0,0.6096,0.75,0.5217,0.6429
16702198,HEALTHCARE,unmapped,unmapped,0,7505,962,1,0,1,0,0,Monitoring,0.0,0.5774,0.5774,0.483,0.483
45907524,HEALTHCARE,unmapped,unmapped,0,9754,1239,2,0,1,1,0,Science; Time Management,0.0,0.3781,0.5236,0.318,0.4337
12333703,HEALTHCARE,unmapped,unmapped,0,6141,814,2,0,0,2,0,Installation; Troubleshooting,0.0,0.1588,0.2568,0.1351,0.2188
15499825,HEALTHCARE,unmapped,unmapped,0,5174,648,0,0,0,0,0,,0.0,0.0,0.0,0.0,0.0
85417107,HEALTHCARE,unmapped,unmapped,0,8568,1061,2,0,1,1,0,Monitoring; Negotiation,0.0,0.4886,0.5774,0.4233,0.483
33750209,HEALTHCARE,unmapped,unmapped,0,6508,831,2,0,2,0,0,Writing; Science,0.0,0.3905,0.5483,0.338,0.4737
24548333,HEALTHCARE,unmapped,unmapped,0,5252,654,1,0,1,0,0,Science,0.0,0.2327,0.2327,0.2023,0.2023
16356151,HEALTHCARE,unmapped,unmapped,0,9804,1284,2,0,2,0,0,Critical Thinking; Monitoring,0.0,0.6034,0.6295,0.4973,0.5116
20736486,HEALTHCARE,unmapped,unmapped,0,7447,912,5,2,1,2,2,Science; Equipment Maintenance; Time Management; Microsoft Office software; Microsoft Teams,0.0,0.4861,0.75,0.4141,0.6429
18784594,HEALTHCARE,unmapped,unmapped,0,5601,694,3,0,2,1,0,Science; Monitoring; Time Management,0.0,0.4446,0.5774,0.373,0.483
85421438,HEALTHCARE,unmapped,unmapped,0,6772,979,5,4,1,0,1,Science; Google; Google Analytics; Pinterest; YouTube,0.0,0.509,0.75,0.4762,0.6429
33803142,HEALTHCARE,unmapped,unmapped,0,8695,1043,2,0,1,1,0,Science; Coordination,0.0,0.3816,0.5305,0.3255,0.4487
47996197,HEALTHCARE,unmapped,unmapped,0,5432,717,3,2,0,1,0,Coordination; Google; YouTube,0.0,0.531,0.5625,0.4948,0.5357
11605833,HEALTHCARE,unmapped,unmapped,0,6093,700,3,0,1,2,0,Science; Installation; Troubleshooting,0.0,0.1834,0.2568,0.1575,0.2188
25451319,HEALTHCARE,unmapped,unmapped,0,6925,857,3,0,1,2,0,Science; Judgment and Decision Making; Time Management,0.0,0.4401,0.5641,0.3644,0.4572
91478356,HEALTHCARE,unmapped,unmapped,0,6773,876,1,0,1,0,0,Monitoring,0.0,0.5774,0.5774,0.483,0.483
29134372,HEALTHCARE,unmapped,unmapped,0,6198,763,6,1,3,2,1,Writing; Speaking; Science; Coordination; Time Management; Swift,0.0,0.5365,0.75,0.4496,0.6429
35579812,HEALTHCARE,unmapped,unmapped,0,5430,708,1,0,1,0,0,Science,0.0,0.2327,0.2327,0.2023,0.2023
12938200,HEALTHCARE,unmapped,unmapped,0,5305,687,1,0,1,0,0,Monitoring,0.0,0.5774,0.5774,0.483,0.483
31926950,HEALTHCARE,unmapped,unmapped,0,8067,1077,3,2,0,1,1,Coordination; Forth; Microsoft Word,0.0,0.5935,0.75,0.5305,0.6429
32563518,HEALTHCARE,unmapped,unmapped,0,9119,1133,4,2,0,2,1,Coordination; Installation; SQL; VMware,0.0,0.3638,0.5305,0.3334,0.5
29992154,HEALTHCARE,unmapped,unmapped,0,7475,969,1,0,1,0,0,Science,0.0,0.2327,0.2327,0.2023,0.2023
25974844,HEALTHCARE,unmapped,unmapped,0,5217,680,3,1,2,0,0,Science; Critical Thinking; Billing software,0.0,0.4541,0.6295,0.4046,0.5116
18129173,HEALTHCARE,unmapped,unmapped,0,5440,715,2,1,1,0,1,Science; Ruby,0.0,0.4913,0.75,0.4226,0.6429
26585242,HEALTHCARE,unmapped,unmapped,0,5245,643,6,5,0,1,5,Troubleshooting; SQL; Tableau; Microsoft Access; Microsoft Excel; SAS,0.0,0.6514,0.75,0.5581,0.6429
26695839,HEALTHCARE,unmapped,unmapped,0,6174,794,4,2,1,1,0,Writing; Troubleshooting; Microsoft Dynamics; Statistical software,0.0,0.456,0.5483,0.4258,0.5107
10568183,HEALTHCARE,unmapped,unmapped,0,8118,984,1,0,1,0,0,Science,0.0,0.2327,0.2327,0.2023,0.2023
24550866,HEALTHCARE,unmapped,unmapped,0,5590,659,3,0,2,1,0,Science; Critical Thinking; Troubleshooting,0.0,0.373,0.6295,0.3109,0.5116
34594746,HEALTHCARE,unmapped,unmapped,0,6144,745,12,4,5,3,4,Reading Comprehension; Writing; Speaking; Critical Thinking; Active Learning; Coordination; Service Orientation; Time Management; Microsoft Excel; Microsoft Outlook; Microsoft PowerPoint; Microsoft Word,0.0,0.6253,0.75,0.527,0.6429
25834360,HEALTHCARE,unmapped,unmapped,0,5534,690,2,0,2,0,0,Science; Monitoring,0.0,0.405,0.5774,0.3426,0.483
27090089,HEALTHCARE,unmapped,unmapped,0,6974,809,5,0,5,0,0,Reading Comprehension; Writing; Speaking; Science; Critical Thinking,0.0,0.5335,0.6342,0.4413,0.5227
35422305,HEALTHCARE,unmapped,unmapped,0,6675,830,1,0,0,1,0,Coordination,0.0,0.5305,0.5305,0.4487,0.4487
18484846,HEALTHCARE,unmapped,unmapped,0,6168,794,0,0,0,0,0,,0.0,0.0,0.0,0.0,0.0
18949843,HEALTHCARE,unmapped,unmapped,0,7099,935,4,0,3,1,0,Writing; Science; Monitoring; Coordination,0.0,0.4722,0.5774,0.4019,0.483
17539842,HEALTHCARE,unmapped,unmapped,0,7349,965,1,0,1,0,0,Speaking,0.0,0.6342,0.6342,0.4962,0.4962
36868767,HEALTHCARE,unmapped,unmapped,0,5209,658,1,0,1,0,0,Science,0.0,0.2327,0.2327,0.2023,0.2023
97169343,HEALTHCARE,unmapped,unmapped,0,12058,1514,1,0,0,1,0,Time Management,0.0,0.5236,0.5236,0.4337,0.4337
31395710,HEALTHCARE,unmapped,unmapped,0,9557,947,1,0,1,0,0,Science,0.0,0.2327,0.2327,0.2023,0.2023
17576030,FITNESS,39-9031.00,Exercise Trainers and Group Fitness Instructors,1,2894,380,0,0,0,0,0,,0.0,0.0,0.0,0.0,0.0
24444525,FITNESS,39-9031.00,Exercise Trainers and Group Fitness Instructors,1,5040,652,1,0,0,1,0,Programming,1.0,0.1506,0.1506,0.118,0.118
10268614,FITNESS,39-9031.00,Exercise Trainers and Group Fitness Instructors,1,5736,745,2,1,1,0,1,Science; Microsoft Word,1.0,0.4913,0.75,0.4226,0.6429
29792535,FITNESS,39-9031.00,Exercise Trainers and Group Fitness Instructors,1,5557,715,2,0,1,1,0,Science; Equipment Maintenance,1.0,0.2035,0.2327,0.1755,0.2023
15932017,FITNESS,39-9031.00,Exercise Trainers and Group Fitness Instructors,1,3204,391,0,0,0,0,0,,0.0,0.0,0.0,0.0,0.0
23063986,FITNESS,39-9031.00,Exercise Trainers and Group Fitness Instructors,1,7040,914,4,2,1,1,2,Science; Programming; Microsoft Excel; Microsoft Word,1.0,0.4708,0.75,0.4015,0.6429
10816645,FITNESS,39-9031.00,Exercise Trainers and Group Fitness Instructors,1,2999,379,0,0,0,0,0,,0.0,0.0,0.0,0.0,0.0
11522068,FITNESS,39-9031.00,Exercise Trainers and Group Fitness Instructors,1,1556,199,1,0,0,1,0,Time Management,1.0,0.5236,0.5236,0.4337,0.4337
10568350,FITNESS,39-9031.00,Exercise Trainers and Group Fitness Instructors,1,5140,642,2,0,1,1,0,Active Listening; Coordination,1.0,0.5897,0.649,0.4786,0.5086
18767449,FITNESS,39-9031.00,Exercise Trainers and Group Fitness Instructors,1,3320,393,2,0,2,0,0,Science; Critical Thinking,1.0,0.4311,0.6295,0.357,0.5116
20457611,FITNESS,39-9031.00,Exercise Trainers and Group Fitness Instructors,1,7799,957,1,0,1,0,0,Writing,1.0,0.5483,0.5483,0.4737,0.4737
54259150,FITNESS,39-9031.00,Exercise Trainers and Group Fitness Instructors,1,6903,907,1,0,1,0,0,Science,1.0,0.2327,0.2327,0.2023,0.2023
67032711,FITNESS,39-9031.00,Exercise Trainers and Group Fitness Instructors,1,5578,880,1,0,1,0,0,Writing,1.0,0.5483,0.5483,0.4737,0.4737
12019284,FITNESS,39-9031.00,Exercise Trainers and Group Fitness Instructors,1,5571,712,2,0,1,1,0,Science; Programming,1.0,0.1916,0.2327,0.1602,0.2023
38650096,FITNESS,39-9031.00,Exercise Trainers and Group Fitness Instructors,1,2364,306,4,2,2,0,2,Active Listening; Science; Microsoft Excel; Microsoft Word,1.0,0.5954,0.75,0.4991,0.6429
32651555,FITNESS,39-9031.00,Exercise Trainers and Group Fitness Instructors,1,6436,891,1,0,1,0,0,Speaking,1.0,0.6342,0.6342,0.4962,0.4962
55746506,FITNESS,39-9031.00,Exercise Trainers and Group Fitness Instructors,1,5374,738,1,0,1,0,0,Speaking,1.0,0.6342,0.6342,0.4962,0.4962
10235429,FITNESS,39-9031.00,Exercise Trainers and Group Fitness Instructors,1,6657,897,0,0,0,0,0,,0.0,0.0,0.0,0.0,0.0
30757456,FITNESS,39-9031.00,Exercise Trainers and Group Fitness Instructors,1,13558,1770,4,0,2,2,0,Speaking; Science; Coordination; Programming,1.0,0.387,0.6342,0.3163,0.4962
19037403,FITNESS,39-9031.00,Exercise Trainers and Group Fitness Instructors,1,8702,1265,1,0,0,1,0,Coordination,1.0,0.5305,0.5305,0.4487,0.4487
32636041,FITNESS,39-9031.00,Exercise Trainers and Group Fitness Instructors,1,6707,852,2,0,1,1,0,Science; Installation,1.0,0.1468,0.2327,0.1269,0.2023
27974588,FITNESS,39-9031.00,Exercise Trainers and Group Fitness Instructors,1,4193,681,1,0,1,0,0,Science,1.0,0.2327,0.2327,0.2023,0.2023
24251588,FITNESS,39-9031.00,Exercise Trainers and Group Fitness Instructors,1,5974,754,3,0,1,2,0,Science; Programming; Judgment and Decision Making,1.0,0.3158,0.5641,0.2592,0.4572
97123005,FITNESS,39-9031.00,Exercise Trainers and Group Fitness Instructors,1,5239,640,13,4,5,4,4,Reading Comprehension; Writing; Speaking; Critical Thinking; Active Learning; Coordination; Service Orientation; Installation; Time Management; Microsoft Excel; Microsoft Outlook; Microsoft PowerPoint; Microsoft Word,1.0,0.5819,0.75,0.4905,0.6429
38642923,FITNESS,39-9031.00,Exercise Trainers and Group Fitness Instructors,1,5089,630,2,0,1,1,0,Science; Programming,1.0,0.1916,0.2327,0.1602,0.2023
39805617,FITNESS,39-9031.00,Exercise Trainers and Group Fitness Instructors,1,6746,891,0,0,0,0,0,,0.0,0.0,0.0,0.0,0.0
20565486,FITNESS,39-9031.00,Exercise Trainers and Group Fitness Instructors,1,5586,723,6,4,2,0,2,Science; Monitoring; Facebook; Instagram; Microsoft Word; Oracle Reports,0.5,0.5517,0.75,0.4952,0.6429
28669770,FITNESS,39-9031.00,Exercise Trainers and Group Fitness Instructors,1,6032,796,1,0,1,0,0,Science,1.0,0.2327,0.2327,0.2023,0.2023
17660419,FITNESS,39-9031.00,Exercise Trainers and Group Fitness Instructors,1,1995,241,0,0,0,0,0,,0.0,0.0,0.0,0.0,0.0
22855060,FITNESS,39-9031.00,Exercise Trainers and Group Fitness Instructors,1,5963,788,3,3,0,0,1,Facebook; Google; Instagram,0.0,0.6042,0.75,0.5595,0.6429
17163375,FITNESS,39-9031.00,Exercise Trainers and Group Fitness Instructors,1,2457,318,1,0,1,0,0,Science,1.0,0.2327,0.2327,0.2023,0.2023
35302620,FITNESS,39-9031.00,Exercise Trainers and Group Fitness Instructors,1,5552,728,2,0,2,0,0,Science; Monitoring,1.0,0.405,0.5774,0.3426,0.483
19599699,FITNESS,39-9031.00,Exercise Trainers and Group Fitness Instructors,1,2544,317,5,4,1,0,2,Science; Facebook; Instagram; Microsoft Word; Twitter,0.4,0.5465,0.75,0.4976,0.6429
17286050,FITNESS,39-9031.00,Exercise Trainers and Group Fitness Instructors,1,2626,333,2,0,1,1,0,Writing; Negotiation,1.0,0.474,0.5483,0.4187,0.4737
15293959,FITNESS,39-9031.00,Exercise Trainers and Group Fitness Instructors,1,4751,604,3,1,1,1,1,Science; Instructing; Microsoft Word,1.0,0.48,0.75,0.4196,0.6429
10428916,FITNESS,39-9031.00,Exercise Trainers and Group Fitness Instructors,1,3819,505,1,0,1,0,0,Science,1.0,0.2327,0.2327,0.2023,0.2023
52684666,FITNESS,39-9031.00,Exercise Trainers and Group Fitness Instructors,1,7356,937,1,0,1,0,0,Science,1.0,0.2327,0.2327,0.2023,0.2023
19774173,FITNESS,39-9031.00,Exercise Trainers and Group Fitness Instructors,1,2180,267,2,0,0,2,0,Programming; Time Management,1.0,0.3371,0.5236,0.2758,0.4337
23011221,FITNESS,39-9031.00,Exercise Trainers and Group Fitness Instructors,1,8069,1002,6,4,1,1,1,Science; Coordination; ADP Workforce Now; Ada; LinkedIn; Microsoft Access,0.3333,0.5038,0.75,0.4666,0.6429
13367322,FITNESS,39-9031.00,Exercise Trainers and Group Fitness Instructors,1,8404,1090,2,0,1,1,0,Monitoring; Coordination,1.0,0.5539,0.5774,0.4658,0.483
16038911,FITNESS,39-9031.00,Exercise Trainers and Group Fitness Instructors,1,8110,1062,1,0,0,1,0,Programming,1.0,0.1506,0.1506,0.118,0.118
30990885,FITNESS,39-9031.00,Exercise Trainers and Group Fitness Instructors,1,3875,501,1,1,0,0,1,Microsoft Word,1.0,0.75,0.75,0.6429,0.6429
12923795,FITNESS,39-9031.00,Exercise Trainers and Group Fitness Instructors,1,8666,1110,3,0,1,2,0,Monitoring; Negotiation; Installation,1.0,0.346,0.5774,0.2994,0.483
20279756,FITNESS,39-9031.00,Exercise Trainers and Group Fitness Instructors,1,5209,653,2,0,1,1,0,Science; Programming,1.0,0.1916,0.2327,0.1602,0.2023
25838512,FITNESS,39-9031.00,Exercise Trainers and Group Fitness Instructors,1,2707,370,1,0,1,0,0,Science,1.0,0.2327,0.2327,0.2023,0.2023
17431847,FITNESS,39-9031.00,Exercise Trainers and Group Fitness Instructors,1,5268,680,2,0,1,1,0,Science; Time Management,1.0,0.3781,0.5236,0.318,0.4337
28321954,FITNESS,39-9031.00,Exercise Trainers and Group Fitness Instructors,1,5816,753,0,0,0,0,0,,0.0,0.0,0.0,0.0,0.0
11332602,FITNESS,39-9031.00,Exercise Trainers and Group Fitness Instructors,1,6173,814,2,1,1,0,1,Science; Microsoft Excel,1.0,0.4913,0.75,0.4226,0.6429
17166018,FITNESS,39-9031.00,Exercise Trainers and Group Fitness Instructors,1,2967,375,1,0,0,1,0,Coordination,1.0,0.5305,0.5305,0.4487,0.4487
29573698,FITNESS,39-9031.00,Exercise Trainers and Group Fitness Instructors,1,2690,340,0,0,0,0,0,,0.0,0.0,0.0,0.0,0.0
95769832,FITNESS,39-9031.00,Exercise Trainers and Group Fitness Instructors,1,2975,373,0,0,0,0,0,,0.0,0.0,0.0,0.0,0.0
89858892,FITNESS,39-9031.00,Exercise Trainers and Group Fitness Instructors,1,5937,725,1,0,1,0,0,Monitoring,1.0,0.5774,0.5774,0.483,0.483
22488036,FITNESS,39-9031.00,Exercise Trainers and Group Fitness Instructors,1,5577,745,9,6,1,2,4,Science; Installation; Programming; SQL; Linux; Python; Ansys Fluent; Autodesk Inventor; Microsoft Project,0.3333,0.4652,0.75,0.4145,0.6429
22093368,FITNESS,39-9031.00,Exercise Trainers and Group Fitness Instructors,1,6427,764,3,1,1,1,1,Science; Time Management; Microsoft Word,1.0,0.5021,0.75,0.4263,0.6429
31042953,FITNESS,39-9031.00,Exercise Trainers and Group Fitness Instructors,1,5460,701,6,5,1,0,2,Science; Facebook; Instagram; Microsoft Windows; The General Store; Twitter,0.1667,0.5388,0.75,0.498,0.6429
24994145,FITNESS,39-9031.00,Exercise Trainers and Group Fitness Instructors,1,3822,478,8,5,2,1,2,Writing; Speaking; Programming; Facebook; Instagram; Skype; Twitter; WordPress,0.375,0.5416,0.75,0.4842,0.6429
56286525,FITNESS,39-9031.00,Exercise Trainers and Group Fitness Instructors,1,7129,986,0,0,0,0,0,,0.0,0.0,0.0,0.0,0.0
32517106,FITNESS,39-9031.00,Exercise Trainers and Group Fitness Instructors,1,7480,1003,1,0,1,0,0,Science,1.0,0.2327,0.2327,0.2023,0.2023
38108845,FITNESS,39-9031.00,Exercise Trainers and Group Fitness Instructors,1,7649,1017,3,1,1,1,0,Science; Programming; Forth,0.6667,0.2944,0.5,0.2734,0.5
28172023,FITNESS,39-9031.00,Exercise Trainers and Group Fitness Instructors,1,2837,316,3,0,2,1,0,Writing; Critical Thinking; Time Management,1.0,0.5671,0.6295,0.473,0.5116
45656814,FITNESS,39-9031.00,Exercise Trainers and Group Fitness Instructors,1,4747,706,3,0,2,1,0,Science; Critical Thinking; Troubleshooting,1.0,0.373,0.6295,0.3109,0.5116
24767027,FITNESS,39-9031.00,Exercise Trainers and Group Fitness Instructors,1,6164,839,2,1,1,0,0,Science; Forth,0.5,0.3663,0.5,0.3512,0.5
25507648,FITNESS,39-9031.00,Exercise Trainers and Group Fitness Instructors,1,7923,1045,2,2,0,0,2,Adobe Illustrator; Microsoft Word,0.5,0.75,0.75,0.6429,0.6429
17915015,FITNESS,39-9031.00,Exercise Trainers and Group Fitness Instructors,1,5922,718,3,0,2,1,0,Science; Critical Thinking; Coordination,1.0,0.4642,0.6295,0.3875,0.5116
36139251,FITNESS,39-9031.00,Exercise Trainers and Group Fitness Instructors,1,10162,1307,4,4,0,0,4,Microsoft Access; Microsoft Outlook; Microsoft PowerPoint; Microsoft Windows,0.5,0.75,0.75,0.6429,0.6429
16474898,FITNESS,39-9031.00,Exercise Trainers and Group Fitness Instructors,1,5470,693,1,0,1,0,0,Science,1.0,0.2327,0.2327,0.2023,0.2023
25482567,FITNESS,39-9031.00,Exercise Trainers and Group Fitness Instructors,1,3331,399,2,0,2,0,0,Science; Monitoring,1.0,0.405,0.5774,0.3426,0.483
29165698,FITNESS,39-9031.00,Exercise Trainers and Group Fitness Instructors,1,2771,356,2,0,0,2,0,Coordination; Time Management,1.0,0.527,0.5305,0.4412,0.4487
27084878,FITNESS,39-9031.00,Exercise Trainers and Group Fitness Instructors,1,6666,795,2,0,1,1,0,Science; Negotiation,1.0,0.3162,0.3998,0.283,0.3637
26459032,FITNESS,39-9031.00,Exercise Trainers and Group Fitness Instructors,1,5633,683,1,0,1,0,0,Science,1.0,0.2327,0.2327,0.2023,0.2023
70603826,FITNESS,39-9031.00,Exercise Trainers and Group Fitness Instructors,1,8635,1124,1,0,1,0,0,Science,1.0,0.2327,0.2327,0.2023,0.2023
95085510,FITNESS,39-9031.00,Exercise Trainers and Group Fitness Instructors,1,5204,677,1,0,1,0,0,Science,1.0,0.2327,0.2327,0.2023,0.2023
21238396,FITNESS,39-9031.00,Exercise Trainers and Group Fitness Instructors,1,6955,1078,1,0,0,1,0,Time Management,1.0,0.5236,0.5236,0.4337,0.4337
20255404,FITNESS,39-9031.00,Exercise Trainers and Group Fitness Instructors,1,6063,735,2,0,1,1,0,Science; Negotiation,1.0,0.3162,0.3998,0.283,0.3637
69666645,FITNESS,39-9031.00,Exercise Trainers and Group Fitness Instructors,1,3154,407,2,0,2,0,0,Science; Monitoring,1.0,0.405,0.5774,0.3426,0.483
19938081,FITNESS,39-9031.00,Exercise Trainers and Group Fitness Instructors,1,9606,1198,1,0,0,1,0,Installation,1.0,0.0608,0.0608,0.0514,0.0514
12092347,FITNESS,39-9031.00,Exercise Trainers and Group Fitness Instructors,1,5929,836,1,0,0,1,0,Time Management,1.0,0.5236,0.5236,0.4337,0.4337
62870550,FITNESS,39-9031.00,Exercise Trainers and Group Fitness Instructors,1,5913,765,0,0,0,0,0,,0.0,0.0,0.0,0.0,0.0
76530505,FITNESS,39-9031.00,Exercise Trainers and Group Fitness Instructors,1,5739,730,4,0,1,3,0,Science; Coordination; Programming; Time Management,1.0,0.3593,0.5305,0.3007,0.4487
10333051,FITNESS,39-9031.00,Exercise Trainers and Group Fitness Instructors,1,8779,1233,3,0,2,1,0,Science; Monitoring; Programming,1.0,0.3202,0.5774,0.2678,0.483
29319314,FITNESS,39-9031.00,Exercise Trainers and Group Fitness Instructors,1,5185,626,2,0,1,1,0,Science; Installation,1.0,0.1468,0.2327,0.1269,0.2023
77266989,FITNESS,39-9031.00,Exercise Trainers and Group Fitness Instructors,1,5394,732,1,0,1,0,0,Science,1.0,0.2327,0.2327,0.2023,0.2023
59487170,FITNESS,39-9031.00,Exercise Trainers and Group Fitness Instructors,1,7684,1070,1,1,0,0,1,Microsoft Word,1.0,0.75,0.75,0.6429,0.6429
24219583,FITNESS,39-9031.00,Exercise Trainers and Group Fitness Instructors,1,5576,700,5,3,2,0,3,Science; Monitoring; Microsoft Excel; Microsoft PowerPoint; Microsoft Word,1.0,0.612,0.75,0.5228,0.6429
27397245,FITNESS,39-9031.00,Exercise Trainers and Group Fitness Instructors,1,5079,738,3,1,2,0,1,Active Listening; Speaking; Microsoft Excel,1.0,0.6777,0.75,0.5492,0.6429
29425788,FITNESS,39-9031.00,Exercise Trainers and Group Fitness Instructors,1,7132,922,1,0,1,0,0,Science,1.0,0.2327,0.2327,0.2023,0.2023
11130200,FITNESS,39-9031.00,Exercise Trainers and Group Fitness Instructors,1,5496,747,1,0,0,1,0,Time Management,1.0,0.5236,0.5236,0.4337,0.4337
10969918,FITNESS,39-9031.00,Exercise Trainers and Group Fitness Instructors,1,5032,661,1,0,1,0,0,Monitoring,1.0,0.5774,0.5774,0.483,0.483
21178545,FITNESS,39-9031.00,Exercise Trainers and Group Fitness Instructors,1,6302,827,2,0,1,1,0,Science; Coordination,1.0,0.3816,0.5305,0.3255,0.4487
12938389,FITNESS,39-9031.00,Exercise Trainers and Group Fitness Instructors,1,7437,912,2,0,2,0,0,Writing; Speaking,1.0,0.5912,0.6342,0.485,0.4962
57575888,FITNESS,39-9031.00,Exercise Trainers and Group Fitness Instructors,1,8244,1080,6,3,1,2,3,Science; Coordination; Programming; Adobe Acrobat; Microsoft Outlook; WordPress,0.6667,0.5273,0.75,0.4496,0.6429
37087824,FITNESS,39-9031.00,Exercise Trainers and Group Fitness Instructors,1,4788,589,10,4,2,4,4,Speaking; Science; Coordination; Negotiation; Service Orientation; Time Management; Microsoft Excel; Microsoft Outlook; Microsoft PowerPoint; Microsoft Word,1.0,0.5805,0.75,0.4925,0.6429
21122155,FITNESS,39-9031.00,Exercise Trainers and Group Fitness Instructors,1,7833,956,3,1,2,0,1,Science; Monitoring; GCP,0.6667,0.405,0.5774,0.3426,0.483
24708621,FITNESS,39-9031.00,Exercise Trainers and Group Fitness Instructors,1,4094,499,1,0,1,0,0,Science,1.0,0.2327,0.2327,0.2023,0.2023
27903191,FITNESS,39-9031.00,Exercise Trainers and Group Fitness Instructors,1,5201,713,1,0,0,1,0,Time Management,1.0,0.5236,0.5236,0.4337,0.4337
24905947,FITNESS,39-9031.00,Exercise Trainers and Group Fitness Instructors,1,5280,653,1,0,1,0,0,Science,1.0,0.2327,0.2327,0.2023,0.2023
75156649,FITNESS,39-9031.00,Exercise Trainers and Group Fitness Instructors,1,2627,325,1,0,1,0,0,Science,1.0,0.2327,0.2327,0.2023,0.2023
96761538,FITNESS,39-9031.00,Exercise Trainers and Group Fitness Instructors,1,2235,283,1,1,0,0,1,Microsoft Word,1.0,0.75,0.75,0.6429,0.6429
19975121,FITNESS,39-9031.00,Exercise Trainers and Group Fitness Instructors,1,2538,331,7,6,0,1,3,Time Management; Facebook; Instagram; Microsoft Outlook; Microsoft Word; Social media sites; YouTube,0.4286,0.6105,0.75,0.5517,0.6429
12695799,FITNESS,39-9031.00,Exercise Trainers and Group Fitness Instructors,1,5165,639,7,4,2,1,2,Speaking; Science; Coordination; Asana; Basecamp; Google; Zoom,0.4286,0.5657,0.75,0.4955,0.6429
14515954,FITNESS,39-9031.00,Exercise Trainers and Group Fitness Instructors,1,6908,867,3,0,0,3,0,Coordination; Installation; Time Management,1.0,0.3716,0.5305,0.3112,0.4487
13675377,FITNESS,39-9031.00,Exercise Trainers and Group Fitness Instructors,1,5239,666,1,0,0,1,0,Programming,1.0,0.1506,0.1506,0.118,0.118
34151183,FITNESS,39-9031.00,Exercise Trainers and Group Fitness Instructors,1,5980,730,1,0,0,1,0,Coordination,1.0,0.5305,0.5305,0.4487,0.4487
16605352,FITNESS,39-9031.00,Exercise Trainers and Group Fitness Instructors,1,6303,822,5,2,1,2,1,Science; Coordination; Time Management; Microsoft Word; Quicken,0.8,0.5074,0.75,0.4455,0.6429
34792238,FITNESS,39-9031.00,Exercise Trainers and Group Fitness Instructors,1,14224,1797,2,0,1,1,0,Science; Coordination,1.0,0.3816,0.5305,0.3255,0.4487
23004695,FITNESS,39-9031.00,Exercise Trainers and Group Fitness Instructors,1,5180,620,1,0,0,1,0,Complex Problem Solving,1.0,0.5525,0.5525,0.4512,0.4512
35164503,FITNESS,39-9031.00,Exercise Trainers and Group Fitness Instructors,1,6156,802,3,3,0,0,1,Constant Contact; Google; Google Analytics,0.0,0.6042,0.75,0.5595,0.6429
63282405,FITNESS,39-9031.00,Exercise Trainers and Group Fitness Instructors,1,5197,636,3,0,2,1,0,Active Listening; Science; Time Management,1.0,0.4684,0.649,0.3815,0.5086
31556198,FITNESS,39-9031.00,Exercise Trainers and Group Fitness Instructors,1,6253,821,2,0,1,1,0,Active Listening; Time Management,1.0,0.5863,0.649,0.4711,0.5086
12791244,FITNESS,39-9031.00,Exercise Trainers and Group Fitness Instructors,1,4376,540,2,0,1,1,0,Science; Equipment Maintenance,1.0,0.2035,0.2327,0.1755,0.2023
14107571,FITNESS,39-9031.00,Exercise Trainers and Group Fitness Instructors,1,7294,890,1,0,0,1,0,Programming,1.0,0.1506,0.1506,0.118,0.118
17658471,FITNESS,39-9031.00,Exercise Trainers and Group Fitness Instructors,1,5130,684,2,0,2,0,0,Writing; Speaking,1.0,0.5912,0.6342,0.485,0.4962
80000092,FITNESS,39-9031.00,Exercise Trainers and Group Fitness Instructors,1,1712,206,1,0,1,0,0,Science,1.0,0.2327,0.2327,0.2023,0.2023
13037145,FITNESS,39-9031.00,Exercise Trainers and Group Fitness Instructors,1,2880,353,5,3,2,0,1,Writing; Critical Thinking; Facebook; Instagram; Twitter,0.4,0.5855,0.75,0.5256,0.6429
23477199,FITNESS,39-9031.00,Exercise Trainers and Group Fitness Instructors,1,7290,893,3,1,1,1,1,Science; Troubleshooting; Microsoft Word,1.0,0.4132,0.75,0.3547,0.6429
29306433,FITNESS,39-9031.00,Exercise Trainers and Group Fitness Instructors,1,5196,621,1,0,1,0,0,Active Listening,1.0,0.649,0.649,0.5086,0.5086
90365216,FITNESS,39-9031.00,Exercise Trainers and Group Fitness Instructors,1,5766,729,4,2,1,1,2,Science; Persuasion; Microsoft Excel; Microsoft Word,1.0,0.5417,0.75,0.4703,0.6429
54246169,AGRICULTURE,11-9013.00,"Farmers, Ranchers, and Other Agricultural Managers",1,6977,914,3,0,1,2,0,Monitoring; Coordination; Installation,1.0,0.3896,0.5774,0.3277,0.483
28165687,AGRICULTURE,11-9013.00,"Farmers, Ranchers, and Other Agricultural Managers",1,6338,835,3,0,1,2,0,Science; Programming; Time Management,1.0,0.3023,0.5236,0.2513,0.4337
21134923,AGRICULTURE,11-9013.00,"Farmers, Ranchers, and Other Agricultural Managers",1,5836,709,3,2,1,0,1,Monitoring; Adobe Illustrator; Google,0.3333,0.63,0.75,0.5538,0.6429
37292350,AGRICULTURE,11-9013.00,"Farmers, Ranchers, and Other Agricultural Managers",1,14612,1970,5,2,3,0,1,Writing; Science; Monitoring; Facebook; Social media sites,0.8,0.5217,0.75,0.4604,0.6429
84512719,AGRICULTURE,11-9013.00,"Farmers, Ranchers, and Other Agricultural Managers",1,2729,344,1,0,0,1,0,Troubleshooting,1.0,0.2568,0.2568,0.2188,0.2188
21868149,AGRICULTURE,11-9013.00,"Farmers, Ranchers, and Other Agricultural Managers",1,7279,933,7,1,4,2,1,Active Listening; Writing; Critical Thinking; Monitoring; Coordination; Service Orientation; Zoom,0.8571,0.5956,0.75,0.4967,0.6429
37201447,AGRICULTURE,11-9013.00,"Farmers, Ranchers, and Other Agricultural Managers",1,5994,793,1,0,1,0,0,Science,1.0,0.2327,0.2327,0.2023,0.2023
29897742,AGRICULTURE,11-9013.00,"Farmers, Ranchers, and Other Agricultural Managers",1,5121,663,1,0,1,0,0,Science,1.0,0.2327,0.2327,0.2023,0.2023
55500538,AGRICULTURE,11-9013.00,"Farmers, Ranchers, and Other Agricultural Managers",1,5980,758,2,1,1,0,1,Science; Microsoft Excel,1.0,0.4913,0.75,0.4226,0.6429
15053703,AGRICULTURE,11-9013.00,"Farmers, Ranchers, and Other Agricultural Managers",1,5302,690,1,0,1,0,0,Speaking,1.0,0.6342,0.6342,0.4962,0.4962
15603319,AGRICULTURE,11-9013.00,"Farmers, Ranchers, and Other Agricultural Managers",1,5160,663,2,0,2,0,0,Science; Monitoring,1.0,0.405,0.5774,0.3426,0.483
69336473,AGRICULTURE,11-9013.00,"Farmers, Ranchers, and Other Agricultural Managers",1,6596,862,3,0,2,1,0,Writing; Science; Coordination,1.0,0.4371,0.5483,0.3749,0.4737
18242317,AGRICULTURE,11-9013.00,"Farmers, Ranchers, and Other Agricultural Managers",1,5310,678,4,2,2,0,1,Science; Monitoring; SAS; Statistical analysis software,0.75,0.515,0.75,0.457,0.6429
30437583,AGRICULTURE,11-9013.00,"Farmers, Ranchers, and Other Agricultural Managers",1,5584,717,5,4,1,0,2,Science; Adobe Photoshop; Basecamp; Drupal; Microsoft PowerPoint,0.6,0.5478,0.75,0.4983,0.6429
14140903,AGRICULTURE,11-9013.00,"Farmers, Ranchers, and Other Agricultural Managers",1,6801,907,1,0,1,0,0,Science,1.0,0.2327,0.2327,0.2023,0.2023
17312146,AGRICULTURE,11-9013.00,"Farmers, Ranchers, and Other Agricultural Managers",1,4510,600,2,1,1,0,1,Science; Microsoft Word,1.0,0.4913,0.75,0.4226,0.6429
29746235,AGRICULTURE,11-9013.00,"Farmers, Ranchers, and Other Agricultural Managers",1,5509,687,2,0,1,1,0,Science; Programming,1.0,0.1916,0.2327,0.1602,0.2023
62994611,AGRICULTURE,11-9013.00,"Farmers, Ranchers, and Other Agricultural Managers",1,8360,1101,14,11,2,1,10,Mathematics; Science; Programming; C#; Node.js; SQL; TensorFlow; Scikit-learn; Pandas; Tableau; Python; JavaScript; MongoDB; RESTful API,0.2143,0.624,0.75,0.5402,0.6429
38216888,AGRICULTURE,11-9013.00,"Farmers, Ranchers, and Other Agricultural Managers",1,1637,196,1,0,1,0,0,Science,1.0,0.2327,0.2327,0.2023,0.2023
19851252,AGRICULTURE,11-9013.00,"Farmers, Ranchers, and Other Agricultural Managers",1,1560,192,2,1,1,0,1,Science; Microsoft Word,1.0,0.4913,0.75,0.4226,0.6429
11813872,AGRICULTURE,11-9013.00,"Farmers, Ranchers, and Other Agricultural Managers",1,8954,1196,8,6,1,1,6,Science; Programming; AWS; SQL; Pandas; Python; Java; Amazon Redshift,0.25,0.5266,0.75,0.4498,0.6429
16849128,AGRICULTURE,11-9013.00,"Farmers, Ranchers, and Other Agricultural Managers",1,2430,308,4,0,1,3,0,Science; Installation; Troubleshooting; Time Management,1.0,0.2685,0.5236,0.2266,0.4337
23631188,AGRICULTURE,11-9013.00,"Farmers, Ranchers, and Other Agricultural Managers",1,8582,1179,1,0,0,1,0,Time Management,1.0,0.5236,0.5236,0.4337,0.4337
24001783,AGRICULTURE,11-9013.00,"Farmers, Ranchers, and Other Agricultural Managers",1,4979,642,2,1,1,0,1,Science; Microsoft Excel,1.0,0.4913,0.75,0.4226,0.6429
12341902,AGRICULTURE,11-9013.00,"Farmers, Ranchers, and Other Agricultural Managers",1,5686,817,1,0,1,0,0,Science,1.0,0.2327,0.2327,0.2023,0.2023
11197262,AGRICULTURE,11-9013.00,"Farmers, Ranchers, and Other Agricultural Managers",1,5522,703,3,1,2,0,1,Science; Monitoring; Microsoft Office software,1.0,0.52,0.75,0.4427,0.6429
10953078,AGRICULTURE,11-9013.00,"Farmers, Ranchers, and Other Agricultural Managers",1,5593,737,4,3,1,0,1,Monitoring; Facebook; LinkedIn; Twitter,0.5,0.5819,0.75,0.5315,0.6429
69859102,AGRICULTURE,11-9013.00,"Farmers, Ranchers, and Other Agricultural Managers",1,6024,777,2,0,2,0,0,Active Listening; Monitoring,1.0,0.6132,0.649,0.4958,0.5086
40882926,AGRICULTURE,11-9013.00,"Farmers, Ranchers, and Other Agricultural Managers",1,4968,624,3,0,3,0,0,Writing; Speaking; Science,1.0,0.4717,0.6342,0.3907,0.4962
16653657,AGRICULTURE,11-9013.00,"Farmers, Ranchers, and Other Agricultural Managers",1,5481,692,3,1,2,0,1,Writing; Science; GCP,0.6667,0.3905,0.5483,0.338,0.4737
24397882,AGRICULTURE,11-9013.00,"Farmers, Ranchers, and Other Agricultural Managers",1,6548,863,2,0,2,0,0,Science; Monitoring,1.0,0.405,0.5774,0.3426,0.483
16172429,AGRICULTURE,11-9013.00,"Farmers, Ranchers, and Other Agricultural Managers",1,6161,806,1,0,1,0,0,Monitoring,1.0,0.5774,0.5774,0.483,0.483
36102323,AGRICULTURE,11-9013.00,"Farmers, Ranchers, and Other Agricultural Managers",1,8464,1072,1,1,0,0,1,Linux,0.0,0.75,0.75,0.6429,0.6429
81042872,AGRICULTURE,11-9013.00,"Farmers, Ranchers, and Other Agricultural Managers",1,6008,783,3,1,2,0,1,Writing; Science; C++,0.6667,0.5103,0.75,0.4396,0.6429
19532392,AGRICULTURE,11-9013.00,"Farmers, Ranchers, and Other Agricultural Managers",1,5321,642,3,1,2,0,1,Science; Critical Thinking; SQL,0.6667,0.4311,0.6295,0.357,0.5116
34141299,AGRICULTURE,11-9013.00,"Farmers, Ranchers, and Other Agricultural Managers",1,5308,694,4,4,0,0,3,Google; Microsoft Excel; Microsoft Outlook; Microsoft Word,0.75,0.7031,0.75,0.6161,0.6429
89740812,AGRICULTURE,11-9013.00,"Farmers, Ranchers, and Other Agricultural Managers",1,5774,720,2,0,2,0,0,Speaking; Science,1.0,0.4334,0.6342,0.3493,0.4962
20969119,AGRICULTURE,11-9013.00,"Farmers, Ranchers, and Other Agricultural Managers",1,9644,1239,2,0,1,1,0,Science; Coordination,1.0,0.3816,0.5305,0.3255,0.4487
27689009,AGRICULTURE,11-9013.00,"Farmers, Ranchers, and Other Agricultural Managers",1,5202,668,2,0,2,0,0,Writing; Speaking,1.0,0.5912,0.6342,0.485,0.4962
29510501,AGRICULTURE,11-9013.00,"Farmers, Ranchers, and Other Agricultural Managers",1,5196,637,1,0,0,1,0,Time Management,1.0,0.5236,0.5236,0.4337,0.4337
17640785,AGRICULTURE,11-9013.00,"Farmers, Ranchers, and Other Agricultural Managers",1,7186,882,8,1,5,2,1,Writing; Speaking; Science; Critical Thinking; Monitoring; Coordination; Time Management; Microsoft Word,1.0,0.5533,0.75,0.4615,0.6429
29968330,AGRICULTURE,11-9013.00,"Farmers, Ranchers, and Other Agricultural Managers",1,5826,816,4,1,2,1,1,Science; Monitoring; Coordination; Microsoft Word,1.0,0.5226,0.75,0.4442,0.6429
28733974,AGRICULTURE,11-9013.00,"Farmers, Ranchers, and Other Agricultural Managers",1,6647,857,7,1,3,3,0,Writing; Speaking; Science; Negotiation; Complex Problem Solving; Programming; Constant Contact,0.8571,0.4311,0.6342,0.3722,0.5
15546686,AGRICULTURE,11-9013.00,"Farmers, Ranchers, and Other Agricultural Managers",1,3662,453,2,0,1,1,0,Science; Troubleshooting,1.0,0.2448,0.2568,0.2106,0.2188
56068028,AGRICULTURE,11-9013.00,"Farmers, Ranchers, and Other Agricultural Managers",1,6937,904,2,1,1,0,1,Critical Thinking; ServiceNow,0.5,0.6897,0.75,0.5772,0.6429
24068423,AGRICULTURE,11-9013.00,"Farmers, Ranchers, and Other Agricultural Managers",1,5951,765,3,2,1,0,2,Science; JavaScript; PHP,0.3333,0.5776,0.75,0.496,0.6429
12674256,AGRICULTURE,11-9013.00,"Farmers, Ranchers, and Other Agricultural Managers",1,5753,823,1,0,0,1,0,Coordination,1.0,0.5305,0.5305,0.4487,0.4487
27888251,AGRICULTURE,11-9013.00,"Farmers, Ranchers, and Other Agricultural Managers",1,5187,673,6,2,3,1,2,Writing; Science; Monitoring; Coordination; Microsoft Access; Microsoft PowerPoint,1.0,0.5648,0.75,0.4822,0.6429
16507693,AGRICULTURE,11-9013.00,"Farmers, Ranchers, and Other Agricultural Managers",1,11591,1510,1,0,1,0,0,Writing,1.0,0.5483,0.5483,0.4737,0.4737
55712978,AGRICULTURE,11-9013.00,"Farmers, Ranchers, and Other Agricultural Managers",1,7958,950,2,2,0,0,1,.NET; Google,0.0,0.5625,0.5625,0.5357,0.5357
26835781,AGRICULTURE,11-9013.00,"Farmers, Ranchers, and Other Agricultural Managers",1,7920,1005,7,5,2,0,3,Mathematics; Science; Bash; Drupal; Facebook; SAS; Twitter,0.4286,0.5539,0.75,0.4998,0.6429
26921245,AGRICULTURE,11-9013.00,"Farmers, Ranchers, and Other Agricultural Managers",1,5144,666,2,1,1,0,0,Science; QGIS,0.5,0.4497,0.6667,0.3988,0.5952
20006992,AGRICULTURE,11-9013.00,"Farmers, Ranchers, and Other Agricultural Managers",1,5797,735,0,0,0,0,0,,0.0,0.0,0.0,0.0,0.0
11676151,AGRICULTURE,11-9013.00,"Farmers, Ranchers, and Other Agricultural Managers",1,4997,614,7,2,2,3,0,Science; Monitoring; Installation; Programming; Troubleshooting; Adobe Dreamweaver; Help desk software,0.7143,0.3255,0.5774,0.2962,0.5
24416961,AGRICULTURE,11-9013.00,"Farmers, Ranchers, and Other Agricultural Managers",1,7374,896,2,1,1,0,1,Science; Microsoft Project,0.5,0.4913,0.75,0.4226,0.6429
69360287,AGRICULTURE,11-9013.00,"Farmers, Ranchers, and Other Agricultural Managers",1,7765,1063,1,0,1,0,0,Science,1.0,0.2327,0.2327,0.2023,0.2023
18264694,AGRICULTURE,11-9013.00,"Farmers, Ranchers, and Other Agricultural Managers",1,11134,1415,1,0,1,0,0,Speaking,1.0,0.6342,0.6342,0.4962,0.4962
16661264,AGRICULTURE,11-9013.00,"Farmers, Ranchers, and Other Agricultural Managers",1,11821,1644,6,2,3,1,2,Writing; Science; Monitoring; Installation; Microsoft Excel; Microsoft Word,1.0,0.4865,0.75,0.416,0.6429
26070334,AGRICULTURE,11-9013.00,"Farmers, Ranchers, and Other Agricultural Managers",1,10939,1471,0,0,0,0,0,,0.0,0.0,0.0,0.0,0.0
29142288,AGRICULTURE,11-9013.00,"Farmers, Ranchers, and Other Agricultural Managers",1,11850,1463,5,2,2,1,2,Science; Monitoring; Complex Problem Solving; Microsoft Access; Microsoft Word,1.0,0.5725,0.75,0.4844,0.6429
28247753,AGRICULTURE,11-9013.00,"Farmers, Ranchers, and Other Agricultural Managers",1,8405,1052,4,0,2,2,0,Writing; Science; Negotiation; Time Management,1.0,0.4261,0.5483,0.3683,0.4737
79536879,AGRICULTURE,11-9013.00,"Farmers, Ranchers, and Other Agricultural Managers",1,10020,1325,4,1,3,0,0,Mathematics; Science; Monitoring; Twitter,0.75,0.4246,0.5774,0.3873,0.5
17499196,AGRICULTURE,11-9013.00,"Farmers, Ranchers, and Other Agricultural Managers",1,7229,953,2,0,2,0,0,Science; Monitoring,1.0,0.405,0.5774,0.3426,0.483
79261033,BPO,unmapped,unmapped,0,4612,645,2,0,1,1,0,Monitoring; Complex Problem Solving,0.0,0.565,0.5774,0.4671,0.483
16492045,BPO,unmapped,unmapped,0,6210,770,10,4,3,3,4,Science; Critical Thinking; Active Learning; Coordination; Service Orientation; Time Management; Microsoft Excel; Microsoft Outlook; Microsoft PowerPoint; Microsoft Word,0.0,0.5931,0.75,0.5034,0.6429
18589927,BPO,unmapped,unmapped,0,3317,420,1,0,1,0,0,Science,0.0,0.2327,0.2327,0.2023,0.2023
23933031,BPO,unmapped,unmapped,0,8533,1125,4,0,3,1,0,Speaking; Science; Monitoring; Coordination,0.0,0.4937,0.6342,0.4075,0.4962
13964744,BPO,unmapped,unmapped,0,7817,984,7,3,3,1,2,Writing; Science; Monitoring; Troubleshooting; SQL; Java; Google,0.0,0.4355,0.5774,0.3827,0.5357
89512321,BPO,unmapped,unmapped,0,7876,1085,4,1,2,1,0,Science; Monitoring; Time Management; LinkedIn,0.0,0.4584,0.5774,0.4047,0.5
30709029,BPO,unmapped,unmapped,0,5390,692,2,0,0,2,0,Negotiation; Time Management,0.0,0.4617,0.5236,0.3987,0.4337
11183737,BPO,unmapped,unmapped,0,8474,1107,1,0,0,1,0,Service Orientation,0.0,0.4847,0.4847,0.4087,0.4087
63158213,BPO,unmapped,unmapped,0,6203,834,5,1,2,2,0,Science; Monitoring; Installation; Troubleshooting; Cisco IOS,0.0,0.3255,0.5774,0.2911,0.5
24727739,BPO,unmapped,unmapped,0,7228,922,5,0,2,3,0,Science; Monitoring; Coordination; Installation; Troubleshooting,0.0,0.3316,0.5774,0.2808,0.483
15145575,BPO,unmapped,unmapped,0,6469,829,6,3,1,2,1,Monitoring; Installation; Troubleshooting; Microsoft Active Directory; Ubuntu; VMware,0.0,0.4408,0.75,0.3993,0.6429
69097572,BPO,unmapped,unmapped,0,6135,797,2,0,0,2,0,Complex Problem Solving; Troubleshooting,0.0,0.4047,0.5525,0.335,0.4512
31064969,BPO,unmapped,unmapped,0,6187,726,2,0,2,0,0,Mathematics; Science,0.0,0.3104,0.3882,0.2832,0.3641
38707449,BPO,unmapped,unmapped,0,3966,513,1,1,0,0,0,Skype,0.0,0.5,0.5,0.5,0.5
57706851,BPO,unmapped,unmapped,0,10091,1498,7,4,2,1,1,Science; Monitoring; Troubleshooting; SQL; Forth; Microsoft Exchange; SolarWinds,0.0,0.4278,0.5774,0.4007,0.5
41152404,BPO,unmapped,unmapped,0,8294,1107,11,9,1,1,8,Writing; Programming; C++; C#; SQL; Linux; Java; JavaScript; Google; Microsoft Project; Selenium,0.0,0.6401,0.75,0.5538,0.6429
27710853,BPO,unmapped,unmapped,0,16223,2310,4,0,1,3,0,Monitoring; Coordination; Negotiation; Programming,0.0,0.4146,0.5774,0.3533,0.483
15573418,BPO,unmapped,unmapped,0,9123,1236,1,1,0,0,0,Google,0.0,0.5625,0.5625,0.5357,0.5357
26829350,BPO,unmapped,unmapped,0,7521,1053,1,0,1,0,0,Science,0.0,0.2327,0.2327,0.2023,0.2023
95625660,BPO,unmapped,unmapped,0,5366,727,4,1,1,2,0,Monitoring; Coordination; Negotiation; Microsoft Dynamics,0.0,0.5019,0.5774,0.4488,0.5
19362586,BPO,unmapped,unmapped,0,5774,775,2,1,1,0,1,Science; Microsoft Excel,0.0,0.4913,0.75,0.4226,0.6429
45077654,BPO,unmapped,unmapped,0,10180,1278,4,2,1,1,2,Science; Programming; Microsoft Access; Microsoft Word,0.0,0.4708,0.75,0.4015,0.6429
87118391,SALES,41-3091.00,"Sales Representatives of Services, Except Advertising, Insurance, Financial Services, and Travel",1,5474,672,1,0,1,0,0,Speaking,1.0,0.6342,0.6342,0.4962,0.4962
33578873,SALES,41-3091.00,"Sales Representatives of Services, Except Advertising, Insurance, Financial Services, and Travel",1,2097,288,0,0,0,0,0,,0.0,0.0,0.0,0.0,0.0
27607632,SALES,41-3091.00,"Sales Representatives of Services, Except Advertising, Insurance, Financial Services, and Travel",1,3758,480,2,1,0,1,1,Time Management; Microsoft Word,1.0,0.6368,0.75,0.5383,0.6429
23760084,SALES,41-3091.00,"Sales Representatives of Services, Except Advertising, Insurance, Financial Services, and Travel",1,6098,753,3,0,2,1,0,Science; Monitoring; Time Management,1.0,0.4446,0.5774,0.373,0.483
30083943,SALES,41-3091.00,"Sales Representatives of Services, Except Advertising, Insurance, Financial Services, and Travel",1,5444,740,1,0,1,0,0,Science,1.0,0.2327,0.2327,0.2023,0.2023
20552814,SALES,41-3091.00,"Sales Representatives of Services, Except Advertising, Insurance, Financial Services, and Travel",1,8028,1017,0,0,0,0,0,,0.0,0.0,0.0,0.0,0.0
40987524,SALES,41-3091.00,"Sales Representatives of Services, Except Advertising, Insurance, Financial Services, and Travel",1,7828,940,0,0,0,0,0,,0.0,0.0,0.0,0.0,0.0
29134721,SALES,41-3091.00,"Sales Representatives of Services, Except Advertising, Insurance, Financial Services, and Travel",1,12759,1640,7,2,3,2,1,Writing; Speaking; Critical Thinking; Installation; Troubleshooting; Linux; Reporting software,0.7143,0.4879,0.75,0.4164,0.6429
18062906,SALES,41-3091.00,"Sales Representatives of Services, Except Advertising, Insurance, Financial Services, and Travel",1,5249,685,2,0,1,1,0,Science; Installation,1.0,0.1468,0.2327,0.1269,0.2023
29399491,SALES,41-3091.00,"Sales Representatives of Services, Except Advertising, Insurance, Financial Services, and Travel",1,5119,631,1,1,0,0,1,Microsoft Word,1.0,0.75,0.75,0.6429,0.6429
19473948,SALES,41-3091.00,"Sales Representatives of Services, Except Advertising, Insurance, Financial Services, and Travel",1,6576,856,3,1,1,1,1,Writing; Time Management; Microsoft Excel,1.0,0.6073,0.75,0.5167,0.6429
71772815,SALES,41-3091.00,"Sales Representatives of Services, Except Advertising, Insurance, Financial Services, and Travel",1,6607,858,3,1,1,1,1,Writing; Time Management; Microsoft Excel,1.0,0.6073,0.75,0.5167,0.6429
15765660,SALES,41-3091.00,"Sales Representatives of Services, Except Advertising, Insurance, Financial Services, and Travel",1,7405,952,10,7,2,1,3,Science; Monitoring; Coordination; SQL; Facebook; Google; Google Ads; Google Analytics; LinkedIn; Twitter,0.3,0.5457,0.75,0.4956,0.6429
29184740,SALES,41-3091.00,"Sales Representatives of Services, Except Advertising, Insurance, Financial Services, and Travel",1,3234,442,0,0,0,0,0,,0.0,0.0,0.0,0.0,0.0
17781039,SALES,41-3091.00,"Sales Representatives of Services, Except Advertising, Insurance, Financial Services, and Travel",1,6664,890,5,2,1,2,2,Monitoring; Negotiation; Programming; Microsoft Outlook; Microsoft Word,1.0,0.5256,0.75,0.4501,0.6429
19147947,SALES,41-3091.00,"Sales Representatives of Services, Except Advertising, Insurance, Financial Services, and Travel",1,6568,863,2,0,1,1,0,Writing; Programming,1.0,0.3494,0.5483,0.2958,0.4737
18328743,SALES,41-3091.00,"Sales Representatives of Services, Except Advertising, Insurance, Financial Services, and Travel",1,1913,255,1,1,0,0,1,Microsoft Word,1.0,0.75,0.75,0.6429,0.6429
37540732,SALES,41-3091.00,"Sales Representatives of Services, Except Advertising, Insurance, Financial Services, and Travel",1,4814,595,2,1,1,0,1,Science; Microsoft Windows,0.5,0.4913,0.75,0.4226,0.6429
30608780,SALES,41-3091.00,"Sales Representatives of Services, Except Advertising, Insurance, Financial Services, and Travel",1,7227,961,2,0,1,1,0,Speaking; Time Management,1.0,0.5789,0.6342,0.465,0.4962
15918496,SALES,41-3091.00,"Sales Representatives of Services, Except Advertising, Insurance, Financial Services, and Travel",1,5405,679,1,0,1,0,0,Writing,1.0,0.5483,0.5483,0.4737,0.4737
16223371,SALES,41-3091.00,"Sales Representatives of Services, Except Advertising, Insurance, Financial Services, and Travel",1,2733,350,0,0,0,0,0,,0.0,0.0,0.0,0.0,0.0
79376680,SALES,41-3091.00,"Sales Representatives of Services, Except Advertising, Insurance, Financial Services, and Travel",1,5598,799,0,0,0,0,0,,0.0,0.0,0.0,0.0,0.0
36904300,SALES,41-3091.00,"Sales Representatives of Services, Except Advertising, Insurance, Financial Services, and Travel",1,9448,1349,2,1,0,1,1,Time Management; Microsoft Word,1.0,0.6368,0.75,0.5383,0.6429
10724818,SALES,41-3091.00,"Sales Representatives of Services, Except Advertising, Insurance, Financial Services, and Travel",1,5816,680,7,3,2,2,1,Writing; Critical Thinking; Coordination; Time Management; LinkedIn; McAfee; Microsoft Excel,0.7143,0.5688,0.75,0.5015,0.6429
26994282,SALES,41-3091.00,"Sales Representatives of Services, Except Advertising, Insurance, Financial Services, and Travel",1,5396,674,4,0,1,3,0,Science; Coordination; Installation; Troubleshooting,1.0,0.2702,0.5305,0.2303,0.4487
20819838,SALES,41-3091.00,"Sales Representatives of Services, Except Advertising, Insurance, Financial Services, and Travel",1,6852,1015,0,0,0,0,0,,0.0,0.0,0.0,0.0,0.0
16511249,SALES,41-3091.00,"Sales Representatives of Services, Except Advertising, Insurance, Financial Services, and Travel",1,6860,867,2,0,2,0,0,Writing; Monitoring,1.0,0.5628,0.5774,0.4783,0.483
36074301,SALES,41-3091.00,"Sales Representatives of Services, Except Advertising, Insurance, Financial Services, and Travel",1,5244,667,1,1,0,0,1,Bash,0.0,0.75,0.75,0.6429,0.6429
27624540,SALES,41-3091.00,"Sales Representatives of Services, Except Advertising, Insurance, Financial Services, and Travel",1,7769,1096,4,2,2,0,2,Writing; Speaking; Adobe Acrobat; Microsoft Word,0.75,0.6706,0.75,0.5639,0.6429
20423658,SALES,41-3091.00,"Sales Representatives of Services, Except Advertising, Insurance, Financial Services, and Travel",1,5639,904,2,0,1,1,0,Science; Installation,1.0,0.1468,0.2327,0.1269,0.2023
98509238,SALES,41-3091.00,"Sales Representatives of Services, Except Advertising, Insurance, Financial Services, and Travel",1,5780,778,4,2,1,1,0,Monitoring; Installation; Microsoft Dynamics; Microsoft Dynamics CRM,0.75,0.4096,0.5774,0.3836,0.5
25810233,SALES,41-3091.00,"Sales Representatives of Services, Except Advertising, Insurance, Financial Services, and Travel",1,5397,696,1,0,0,1,0,Programming,1.0,0.1506,0.1506,0.118,0.118
15273850,SALES,41-3091.00,"Sales Representatives of Services, Except Advertising, Insurance, Financial Services, and Travel",1,1339,169,0,0,0,0,0,,0.0,0.0,0.0,0.0,0.0
26932091,SALES,41-3091.00,"Sales Representatives of Services, Except Advertising, Insurance, Financial Services, and Travel",1,8488,1099,2,0,0,2,0,Troubleshooting; Time Management,1.0,0.3902,0.5236,0.3262,0.4337
13812481,SALES,41-3091.00,"Sales Representatives of Services, Except Advertising, Insurance, Financial Services, and Travel",1,5533,704,2,0,2,0,0,Science; Monitoring,1.0,0.405,0.5774,0.3426,0.483
55477468,SALES,41-3091.00,"Sales Representatives of Services, Except Advertising, Insurance, Financial Services, and Travel",1,4722,632,2,1,0,1,1,Time Management; Microsoft Word,1.0,0.6368,0.75,0.5383,0.6429
15973307,SALES,41-3091.00,"Sales Representatives of Services, Except Advertising, Insurance, Financial Services, and Travel",1,2758,359,1,0,1,0,0,Critical Thinking,1.0,0.6295,0.6295,0.5116,0.5116
22047665,SALES,41-3091.00,"Sales Representatives of Services, Except Advertising, Insurance, Financial Services, and Travel",1,2348,289,0,0,0,0,0,,0.0,0.0,0.0,0.0,0.0
69155584,SALES,41-3091.00,"Sales Representatives of Services, Except Advertising, Insurance, Financial Services, and Travel",1,2915,368,1,0,1,0,0,Active Listening,1.0,0.649,0.649,0.5086,0.5086
30529547,SALES,41-3091.00,"Sales Representatives of Services, Except Advertising, Insurance, Financial Services, and Travel",1,2828,370,3,0,2,1,0,Mathematics; Critical Thinking; Time Management,1.0,0.5138,0.6295,0.4365,0.5116
23296286,SALES,41-3091.00,"Sales Representatives of Services, Except Advertising, Insurance, Financial Services, and Travel",1,3045,373,1,0,1,0,0,Science,1.0,0.2327,0.2327,0.2023,0.2023
10603337,SALES,41-3091.00,"Sales Representatives of Services, Except Advertising, Insurance, Financial Services, and Travel",1,2387,300,0,0,0,0,0,,0.0,0.0,0.0,0.0,0.0
22319662,SALES,41-3091.00,"Sales Representatives of Services, Except Advertising, Insurance, Financial Services, and Travel",1,2210,284,2,1,1,0,1,Science; Microsoft Word,1.0,0.4913,0.75,0.4226,0.6429
15581242,SALES,41-3091.00,"Sales Representatives of Services, Except Advertising, Insurance, Financial Services, and Travel",1,2532,311,2,0,1,1,0,Science; Installation,1.0,0.1468,0.2327,0.1269,0.2023
90682785,SALES,41-3091.00,"Sales Representatives of Services, Except Advertising, Insurance, Financial Services, and Travel",1,1644,222,1,0,0,1,0,Negotiation,1.0,0.3998,0.3998,0.3637,0.3637
98108571,SALES,41-3091.00,"Sales Representatives of Services, Except Advertising, Insurance, Financial Services, and Travel",1,1212,169,0,0,0,0,0,,0.0,0.0,0.0,0.0,0.0
12351749,SALES,41-3091.00,"Sales Representatives of Services, Except Advertising, Insurance, Financial Services, and Travel",1,3700,454,5,3,1,1,3,Science; Systems Analysis; C++; Machine Learning; Tableau,0.4,0.5399,0.75,0.4664,0.6429
39581020,SALES,41-3091.00,"Sales Representatives of Services, Except Advertising, Insurance, Financial Services, and Travel",1,2611,319,0,0,0,0,0,,0.0,0.0,0.0,0.0,0.0
14267489,SALES,41-3091.00,"Sales Representatives of Services, Except Advertising, Insurance, Financial Services, and Travel",1,6573,852,5,2,1,2,2,Writing; Programming; Troubleshooting; Microsoft Excel; Microsoft Word,1.0,0.4911,0.75,0.4192,0.6429
25839123,SALES,41-3091.00,"Sales Representatives of Services, Except Advertising, Insurance, Financial Services, and Travel",1,2011,247,0,0,0,0,0,,0.0,0.0,0.0,0.0,0.0
31454430,SALES,41-3091.00,"Sales Representatives of Services, Except Advertising, Insurance, Financial Services, and Travel",1,3573,448,3,0,1,2,0,Science; Persuasion; Time Management,1.0,0.3968,0.5236,0.3431,0.4337
18368613,SALES,41-3091.00,"Sales Representatives of Services, Except Advertising, Insurance, Financial Services, and Travel",1,2629,322,0,0,0,0,0,,0.0,0.0,0.0,0.0,0.0
51349448,SALES,41-3091.00,"Sales Representatives of Services, Except Advertising, Insurance, Financial Services, and Travel",1,2635,331,3,1,1,1,1,Monitoring; Time Management; Microsoft Word,1.0,0.617,0.75,0.5198,0.6429
17509935,SALES,41-3091.00,"Sales Representatives of Services, Except Advertising, Insurance, Financial Services, and Travel",1,2597,387,1,0,1,0,0,Active Listening,1.0,0.649,0.649,0.5086,0.5086
21595057,SALES,41-3091.00,"Sales Representatives of Services, Except Advertising, Insurance, Financial Services, and Travel",1,5385,680,0,0,0,0,0,,0.0,0.0,0.0,0.0,0.0
12696104,SALES,41-3091.00,"Sales Representatives of Services, Except Advertising, Insurance, Financial Services, and Travel",1,1033,122,1,0,0,1,0,Time Management,1.0,0.5236,0.5236,0.4337,0.4337
34303500,SALES,41-3091.00,"Sales Representatives of Services, Except Advertising, Insurance, Financial Services, and Travel",1,5971,801,7,2,3,2,1,Writing; Science; Critical Thinking; Negotiation; Time Management; Microsoft Excel; VMware,0.8571,0.512,0.75,0.4468,0.6429
10898339,SALES,41-3091.00,"Sales Representatives of Services, Except Advertising, Insurance, Financial Services, and Travel",1,2221,273,1,0,0,1,0,Repairing,1.0,0.1668,0.1668,0.1439,0.1439
25315791,SALES,41-3091.00,"Sales Representatives of Services, Except Advertising, Insurance, Financial Services, and Travel",1,3520,457,0,0,0,0,0,,0.0,0.0,0.0,0.0,0.0
36621169,SALES,41-3091.00,"Sales Representatives of Services, Except Advertising, Insurance, Financial Services, and Travel",1,2919,378,5,4,1,0,1,Science; Facebook; Instagram; Pinterest; Snapchat,0.2,0.4965,0.75,0.469,0.6429
17378327,SALES,41-3091.00,"Sales Representatives of Services, Except Advertising, Insurance, Financial Services, and Travel",1,3074,427,1,0,1,0,0,Speaking,1.0,0.6342,0.6342,0.4962,0.4962
33236701,SALES,41-3091.00,"Sales Representatives of Services, Except Advertising, Insurance, Financial Services, and Travel",1,4848,628,2,0,1,1,0,Active Listening; Programming,1.0,0.3998,0.649,0.3133,0.5086
29211919,SALES,41-3091.00,"Sales Representatives of Services, Except Advertising, Insurance, Financial Services, and Travel",1,3621,458,5,3,1,1,1,Mathematics; Time Management; Google; Google Chrome; Microsoft Windows,0.4,0.5449,0.75,0.4953,0.6429
16121015,SALES,41-3091.00,"Sales Representatives of Services, Except Advertising, Insurance, Financial Services, and Travel",1,6302,899,14,0,8,6,0,Reading Comprehension; Active Listening; Speaking; Mathematics; Critical Thinking; Active Learning; Learning Strategies; Monitoring; Social Perceptiveness; Coordination; Persuasion; Negotiation; Instructing; Time Management,1.0,0.526,0.649,0.4464,0.5227
19582792,SALES,41-3091.00,"Sales Representatives of Services, Except Advertising, Insurance, Financial Services, and Travel",1,7049,875,4,1,2,1,0,Writing; Monitoring; Complex Problem Solving; Inventory software,0.75,0.5445,0.5774,0.477,0.5
13348915,SALES,41-3091.00,"Sales Representatives of Services, Except Advertising, Insurance, Financial Services, and Travel",1,5151,675,3,0,1,2,0,Science; Negotiation; Time Management,1.0,0.3854,0.5236,0.3332,0.4337
59422148,SALES,41-3091.00,"Sales Representatives of Services, Except Advertising, Insurance, Financial Services, and Travel",1,5251,696,2,0,2,0,0,Science; Monitoring,1.0,0.405,0.5774,0.3426,0.483
10138632,SALES,41-3091.00,"Sales Representatives of Services, Except Advertising, Insurance, Financial Services, and Travel",1,5621,750,3,0,1,2,0,Critical Thinking; Persuasion; Negotiation,1.0,0.4878,0.6295,0.4229,0.5116
29805310,SALES,41-3091.00,"Sales Representatives of Services, Except Advertising, Insurance, Financial Services, and Travel",1,5472,725,0,0,0,0,0,,0.0,0.0,0.0,0.0,0.0
26425074,SALES,41-3091.00,"Sales Representatives of Services, Except Advertising, Insurance, Financial Services, and Travel",1,5991,759,4,0,1,3,0,Science; Persuasion; Negotiation; Installation,1.0,0.2819,0.4341,0.2527,0.3933
10464113,SALES,41-3091.00,"Sales Representatives of Services, Except Advertising, Insurance, Financial Services, and Travel",1,6428,937,0,0,0,0,0,,0.0,0.0,0.0,0.0,0.0
54101961,SALES,41-3091.00,"Sales Representatives of Services, Except Advertising, Insurance, Financial Services, and Travel",1,2433,302,0,0,0,0,0,,0.0,0.0,0.0,0.0,0.0
92200491,SALES,41-3091.00,"Sales Representatives of Services, Except Advertising, Insurance, Financial Services, and Travel",1,5917,813,0,0,0,0,0,,0.0,0.0,0.0,0.0,0.0
26530696,SALES,41-3091.00,"Sales Representatives of Services, Except Advertising, Insurance, Financial Services, and Travel",1,5493,665,4,1,2,1,1,Active Listening; Science; Troubleshooting; SQL,0.75,0.3795,0.649,0.3099,0.5086
29332616,SALES,41-3091.00,"Sales Representatives of Services, Except Advertising, Insurance, Financial Services, and Travel",1,5223,716,4,0,3,1,0,Active Listening; Speaking; Critical Thinking; Time Management,1.0,0.6091,0.649,0.4875,0.5116
42304307,SALES,41-3091.00,"Sales Representatives of Services, Except Advertising, Insurance, Financial Services, and Travel",1,6235,833,1,0,0,1,0,Time Management,1.0,0.5236,0.5236,0.4337,0.4337
12820557,SALES,41-3091.00,"Sales Representatives of Services, Except Advertising, Insurance, Financial Services, and Travel",1,6840,933,0,0,0,0,0,,0.0,0.0,0.0,0.0,0.0
13178604,SALES,41-3091.00,"Sales Representatives of Services, Except Advertising, Insurance, Financial Services, and Travel",1,9931,1424,1,0,0,1,0,Negotiation,1.0,0.3998,0.3998,0.3637,0.3637
23929500,SALES,41-3091.00,"Sales Representatives of Services, Except Advertising, Insurance, Financial Services, and Travel",1,5332,670,1,1,0,0,1,Microsoft Outlook,1.0,0.75,0.75,0.6429,0.6429
37360517,SALES,41-3091.00,"Sales Representatives of Services, Except Advertising, Insurance, Financial Services, and Travel",1,5008,637,1,0,0,1,0,Time Management,1.0,0.5236,0.5236,0.4337,0.4337
28377361,SALES,41-3091.00,"Sales Representatives of Services, Except Advertising, Insurance, Financial Services, and Travel",1,5773,740,0,0,0,0,0,,0.0,0.0,0.0,0.0,0.0
18171955,SALES,41-3091.00,"Sales Representatives of Services, Except Advertising, Insurance, Financial Services, and Travel",1,5284,684,2,1,0,1,1,Time Management; Microsoft Outlook,1.0,0.6368,0.75,0.5383,0.6429
12082377,SALES,41-3091.00,"Sales Representatives of Services, Except Advertising, Insurance, Financial Services, and Travel",1,4905,621,0,0,0,0,0,,0.0,0.0,0.0,0.0,0.0
28198029,SALES,41-3091.00,"Sales Representatives of Services, Except Advertising, Insurance, Financial Services, and Travel",1,1849,208,2,0,0,2,0,Troubleshooting; Time Management,1.0,0.3902,0.5236,0.3262,0.4337
28867567,SALES,41-3091.00,"Sales Representatives of Services, Except Advertising, Insurance, Financial Services, and Travel",1,5922,730,2,1,0,1,1,Time Management; JavaScript,0.5,0.6368,0.75,0.5383,0.6429
19147494,SALES,41-3091.00,"Sales Representatives of Services, Except Advertising, Insurance, Financial Services, and Travel",1,5962,796,1,0,0,1,0,Troubleshooting,1.0,0.2568,0.2568,0.2188,0.2188
14358578,SALES,41-3091.00,"Sales Representatives of Services, Except Advertising, Insurance, Financial Services, and Travel",1,6448,804,2,0,1,1,0,Science; Social Perceptiveness,1.0,0.3868,0.5409,0.3238,0.4453
37735467,SALES,41-3091.00,"Sales Representatives of Services, Except Advertising, Insurance, Financial Services, and Travel",1,5567,717,1,0,1,0,0,Science,1.0,0.2327,0.2327,0.2023,0.2023
65456466,SALES,41-3091.00,"Sales Representatives of Services, Except Advertising, Insurance, Financial Services, and Travel",1,9254,1121,2,0,1,1,0,Science; Time Management,1.0,0.3781,0.5236,0.318,0.4337
32140087,SALES,41-3091.00,"Sales Representatives of Services, Except Advertising, Insurance, Financial Services, and Travel",1,6998,888,5,3,1,1,1,Science; Negotiation; Google; Google Analytics; QuarkXPress,0.4,0.489,0.75,0.4489,0.6429
17704246,SALES,41-3091.00,"Sales Representatives of Services, Except Advertising, Insurance, Financial Services, and Travel",1,18618,2486,6,0,1,5,0,Monitoring; Installation; Programming; Equipment Maintenance; Troubleshooting; Time Management,1.0,0.2906,0.5774,0.2423,0.483
58428843,SALES,41-3091.00,"Sales Representatives of Services, Except Advertising, Insurance, Financial Services, and Travel",1,5340,630,0,0,0,0,0,,0.0,0.0,0.0,0.0,0.0
70528646,SALES,41-3091.00,"Sales Representatives of Services, Except Advertising, Insurance, Financial Services, and Travel",1,9815,1258,2,0,1,1,0,Critical Thinking; Negotiation,1.0,0.5146,0.6295,0.4376,0.5116
23032182,SALES,41-3091.00,"Sales Representatives of Services, Except Advertising, Insurance, Financial Services, and Travel",1,9508,1227,2,0,0,2,0,Coordination; Time Management,1.0,0.527,0.5305,0.4412,0.4487
36970996,SALES,41-3091.00,"Sales Representatives of Services, Except Advertising, Insurance, Financial Services, and Travel",1,9044,1236,2,1,1,0,0,Active Listening; Constant Contact,0.5,0.5745,0.649,0.5043,0.5086
13637605,SALES,41-3091.00,"Sales Representatives of Services, Except Advertising, Insurance, Financial Services, and Travel",1,3654,459,2,0,1,1,0,Active Listening; Time Management,1.0,0.5863,0.649,0.4711,0.5086
55097118,SALES,41-3091.00,"Sales Representatives of Services, Except Advertising, Insurance, Financial Services, and Travel",1,5766,821,2,1,0,1,1,Time Management; Microsoft Excel,1.0,0.6368,0.75,0.5383,0.6429
24610685,SALES,41-3091.00,"Sales Representatives of Services, Except Advertising, Insurance, Financial Services, and Travel",1,6211,821,7,6,1,0,6,Writing; SQL; Tableau; JavaScript; Microsoft SQL Server; MySQL; SAS,0.1429,0.7164,0.75,0.6147,0.6429
38087844,SALES,41-3091.00,"Sales Representatives of Services, Except Advertising, Insurance, Financial Services, and Travel",1,6733,868,0,0,0,0,0,,0.0,0.0,0.0,0.0,0.0
28139742,SALES,41-3091.00,"Sales Representatives of Services, Except Advertising, Insurance, Financial Services, and Travel",1,8221,1027,4,2,1,1,1,Science; Coordination; Adobe Illustrator; Inventory management systems,0.5,0.5162,0.75,0.4558,0.6429
17410700,SALES,41-3091.00,"Sales Representatives of Services, Except Advertising, Insurance, Financial Services, and Travel",1,3950,510,1,0,0,1,0,Time Management,1.0,0.5236,0.5236,0.4337,0.4337
20141807,SALES,41-3091.00,"Sales Representatives of Services, Except Advertising, Insurance, Financial Services, and Travel",1,5157,786,0,0,0,0,0,,0.0,0.0,0.0,0.0,0.0
16280971,SALES,41-3091.00,"Sales Representatives of Services, Except Advertising, Insurance, Financial Services, and Travel",1,5817,806,0,0,0,0,0,,0.0,0.0,0.0,0.0,0.0
34131484,SALES,41-3091.00,"Sales Representatives of Services, Except Advertising, Insurance, Financial Services, and Travel",1,3289,421,0,0,0,0,0,,0.0,0.0,0.0,0.0,0.0
18885231,SALES,41-3091.00,"Sales Representatives of Services, Except Advertising, Insurance, Financial Services, and Travel",1,1982,241,4,2,2,0,1,Writing; Science; Facebook; Twitter,0.5,0.5077,0.75,0.4547,0.6429
15620421,SALES,41-3091.00,"Sales Representatives of Services, Except Advertising, Insurance, Financial Services, and Travel",1,8143,1102,4,1,1,2,1,Writing; Complex Problem Solving; Time Management; Microsoft Word,1.0,0.5936,0.75,0.5004,0.6429
31199035,SALES,41-3091.00,"Sales Representatives of Services, Except Advertising, Insurance, Financial Services, and Travel",1,5806,830,0,0,0,0,0,,0.0,0.0,0.0,0.0,0.0
85918100,SALES,41-3091.00,"Sales Representatives of Services, Except Advertising, Insurance, Financial Services, and Travel",1,6863,852,5,2,1,2,1,Writing; Negotiation; Time Management; Deltek Costpoint; Microsoft Office software,0.8,0.5443,0.75,0.4828,0.6429
14381464,SALES,41-3091.00,"Sales Representatives of Services, Except Advertising, Insurance, Financial Services, and Travel",1,995,128,0,0,0,0,0,,0.0,0.0,0.0,0.0,0.0
23782450,SALES,41-3091.00,"Sales Representatives of Services, Except Advertising, Insurance, Financial Services, and Travel",1,5389,709,5,0,4,1,0,Reading Comprehension; Critical Thinking; Active Learning; Monitoring; Social Perceptiveness,1.0,0.5802,0.6295,0.4841,0.5227
37792474,SALES,41-3091.00,"Sales Representatives of Services, Except Advertising, Insurance, Financial Services, and Travel",1,5656,711,3,0,1,2,0,Science; Coordination; Installation,1.0,0.2747,0.5305,0.2341,0.4487
29928796,SALES,41-3091.00,"Sales Representatives of Services, Except Advertising, Insurance, Financial Services, and Travel",1,3483,485,0,0,0,0,0,,0.0,0.0,0.0,0.0,0.0
55104715,SALES,41-3091.00,"Sales Representatives of Services, Except Advertising, Insurance, Financial Services, and Travel",1,3548,458,3,2,1,0,1,Science; SQL; Google,0.3333,0.3976,0.5625,0.369,0.5357
27233183,SALES,41-3091.00,"Sales Representatives of Services, Except Advertising, Insurance, Financial Services, and Travel",1,3338,398,0,0,0,0,0,,0.0,0.0,0.0,0.0,0.0
29815762,SALES,41-3091.00,"Sales Representatives of Services, Except Advertising, Insurance, Financial Services, and Travel",1,6832,974,2,1,1,0,1,Active Listening; SAP software,0.5,0.6995,0.75,0.5757,0.6429
19156751,SALES,41-3091.00,"Sales Representatives of Services, Except Advertising, Insurance, Financial Services, and Travel",1,6846,846,2,1,1,0,1,Active Listening; Microsoft Word,1.0,0.6995,0.75,0.5757,0.6429
27096471,CONSULTANT,13-1111.00,Management Analysts,1,6026,719,1,1,0,0,0,Ada,0.0,0.5,0.5,0.5,0.5
43311839,CONSULTANT,13-1111.00,Management Analysts,1,12158,1667,17,13,3,1,11,Writing; Science; Monitoring; Programming; C#; .NET; Angular; SQL; GitHub; Java; JavaScript; ADO.NET; AJAX; Bootstrap; Microsoft Team Foundation Server; Postman; jQuery,0.5882,0.6161,0.75,0.5323,0.6429
15119529,CONSULTANT,13-1111.00,Management Analysts,1,8011,1029,1,0,1,0,0,Writing,1.0,0.5483,0.5483,0.4737,0.4737
88907739,CONSULTANT,13-1111.00,Management Analysts,1,6737,819,6,5,1,0,3,Science; C#; SQL; Ada; Google; Google Analytics,0.5,0.559,0.75,0.5047,0.6429
31395742,CONSULTANT,13-1111.00,Management Analysts,1,5525,741,5,2,1,2,2,Science; Installation; Systems Analysis; Unix; Microsoft Windows,1.0,0.4441,0.75,0.3834,0.6429
93349646,CONSULTANT,13-1111.00,Management Analysts,1,8325,1114,11,7,2,2,5,Writing; Monitoring; Installation; Troubleshooting; AWS; SQL; Linux; Unix; Oracle Application Server; Oracle Database; Oracle WebLogic Server,0.7273,0.5215,0.75,0.4617,0.6429
25694422,CONSULTANT,13-1111.00,Management Analysts,1,5515,690,0,0,0,0,0,,0.0,0.0,0.0,0.0,0.0
26291616,CONSULTANT,13-1111.00,Management Analysts,1,6505,786,11,6,2,3,5,Science; Monitoring; Coordination; Installation; Troubleshooting; AWS; SQL; Linux; Apple iOS; MySQL; VMware,0.7273,0.4898,0.75,0.4259,0.6429
11020140,CONSULTANT,13-1111.00,Management Analysts,1,5648,709,6,2,2,2,2,Science; Monitoring; Programming; Troubleshooting; C++; Microsoft Access,1.0,0.4529,0.75,0.3846,0.6429
93459677,CONSULTANT,13-1111.00,Management Analysts,1,9462,1286,2,0,1,1,0,Monitoring; Coordination,1.0,0.5539,0.5774,0.4658,0.483
18079050,CONSULTANT,13-1111.00,Management Analysts,1,5068,680,3,1,2,0,1,Mathematics; Science; Microsoft Word,1.0,0.457,0.75,0.4031,0.6429
25213006,CONSULTANT,13-1111.00,Management Analysts,1,5395,688,1,0,0,1,0,Time Management,1.0,0.5236,0.5236,0.4337,0.4337
14517953,CONSULTANT,13-1111.00,Management Analysts,1,5834,677,9,7,1,1,5,Writing; Time Management; Microsoft Access; Microsoft Excel; Microsoft Internet Explorer; Microsoft Outlook; Microsoft PowerPoint; Microsoft Word; Netscape Navigator,0.7778,0.6469,0.75,0.5691,0.6429
39308779,CONSULTANT,13-1111.00,Management Analysts,1,6306,849,1,0,1,0,0,Speaking,1.0,0.6342,0.6342,0.4962,0.4962
51724595,CONSULTANT,13-1111.00,Management Analysts,1,7042,933,3,2,1,0,2,Science; SQL; Java,0.3333,0.2327,0.2327,0.2023,0.2023
22259768,CONSULTANT,13-1111.00,Management Analysts,1,10076,1322,3,0,2,1,0,Writing; Science; Installation,1.0,0.2806,0.5483,0.2425,0.4737
10332998,CONSULTANT,13-1111.00,Management Analysts,1,6224,721,0,0,0,0,0,,0.0,0.0,0.0,0.0,0.0
24643412,CONSULTANT,13-1111.00,Management Analysts,1,7573,1050,18,13,2,3,11,Science; Monitoring; Programming; Troubleshooting; Systems Analysis; C++; C#; SQL; Linux; Unix; Java; JavaScript; AJAX; MySQL; Oracle Database; PHP; Pascal; dBASE,0.7778,0.5871,0.75,0.5116,0.6429
69181350,CONSULTANT,13-1111.00,Management Analysts,1,6886,901,2,0,2,0,0,Critical Thinking; Monitoring,1.0,0.6034,0.6295,0.4973,0.5116
18856440,CONSULTANT,13-1111.00,Management Analysts,1,8523,1087,5,3,1,1,3,Active Learning; Time Management; Microsoft Excel; Microsoft PowerPoint; Microsoft Word,1.0,0.6608,0.75,0.564,0.6429
15433732,CONSULTANT,13-1111.00,Management Analysts,1,5515,695,2,2,0,0,2,JavaScript; PHP,1.0,0.75,0.75,0.6429,0.6429
15281412,CONSULTANT,13-1111.00,Management Analysts,1,6901,881,8,5,2,1,5,Writing; Science; Programming; C++; C#; SQL; JavaScript; Microsoft Visual Studio,0.875,0.5616,0.75,0.4808,0.6429
15699744,CONSULTANT,13-1111.00,Management Analysts,1,6367,790,3,1,1,1,0,Speaking; Coordination; Skype,1.0,0.5549,0.6342,0.4816,0.5
28951817,CONSULTANT,13-1111.00,Management Analysts,1,6510,799,4,2,1,1,2,Science; Time Management; SQL; SAS,0.75,0.5021,0.75,0.4263,0.6429
38165833,CONSULTANT,13-1111.00,Management Analysts,1,1710,218,0,0,0,0,0,,0.0,0.0,0.0,0.0,0.0
13586069,CONSULTANT,13-1111.00,Management Analysts,1,6326,811,8,5,2,1,4,Speaking; Science; Installation; SQL; Machine Learning; Tableau; LinkedIn; MySQL,0.75,0.488,0.75,0.4226,0.6429
30083884,CONSULTANT,13-1111.00,Management Analysts,1,4730,573,0,0,0,0,0,,0.0,0.0,0.0,0.0,0.0
51432451,CONSULTANT,13-1111.00,Management Analysts,1,6265,839,9,4,3,2,4,Writing; Science; Monitoring; Installation; Troubleshooting; SQL; Linux; Unix; Microsoft Access,0.8889,0.4907,0.75,0.4197,0.6429
31169070,CONSULTANT,13-1111.00,Management Analysts,1,7533,1099,6,3,1,2,2,Science; Installation; Programming; SQL; Unix; Pascal,0.6667,0.3388,0.75,0.3029,0.6429
29723311,CONSULTANT,13-1111.00,Management Analysts,1,10748,1342,7,1,2,4,1,Critical Thinking; Monitoring; Installation; Equipment Maintenance; Troubleshooting; Time Management; Microsoft PowerPoint,1.0,0.4246,0.75,0.3557,0.6429
22485475,CONSULTANT,13-1111.00,Management Analysts,1,5282,670,4,1,2,1,1,Writing; Speaking; Coordination; Microsoft Word,1.0,0.6157,0.75,0.5154,0.6429
22556198,CONSULTANT,13-1111.00,Management Analysts,1,8610,1102,3,2,1,0,1,Writing; SAS; YouTube,0.6667,0.5994,0.75,0.5388,0.6429
30863060,CONSULTANT,13-1111.00,Management Analysts,1,8426,1125,12,11,0,1,8,Programming; .NET; SQL; Unix; Tableau; Java; JavaScript; MicroStrategy; Netscape Navigator; SAP Business Objects; SAS; ServiceNow,0.5833,0.6001,0.75,0.5369,0.6429
78016758,CONSULTANT,13-1111.00,Management Analysts,1,5311,717,1,1,0,0,0,Skype,1.0,0.5,0.5,0.5,0.5
12897903,CONSULTANT,13-1111.00,Management Analysts,1,6058,757,1,0,1,0,0,Science,1.0,0.2327,0.2327,0.2023,0.2023
34875813,CONSULTANT,13-1111.00,Management Analysts,1,7818,974,0,0,0,0,0,,0.0,0.0,0.0,0.0,0.0
11333660,CONSULTANT,13-1111.00,Management Analysts,1,6571,830,2,0,2,0,0,Speaking; Science,1.0,0.4334,0.6342,0.3493,0.4962
21366189,CONSULTANT,13-1111.00,Management Analysts,1,6311,837,11,7,2,2,5,Writing; Monitoring; Installation; Troubleshooting; AWS; SQL; Linux; Unix; Oracle Application Server; Oracle Database; Oracle WebLogic Server,0.7273,0.5215,0.75,0.4617,0.6429
32637306,CONSULTANT,13-1111.00,Management Analysts,1,7713,1000,3,1,2,0,0,Writing; Science; Twitter,0.6667,0.427,0.5483,0.392,0.5
71888547,CONSULTANT,13-1111.00,Management Analysts,1,5735,810,4,0,3,1,0,Writing; Speaking; Science; Time Management,1.0,0.4847,0.6342,0.4015,0.4962
29770086,CONSULTANT,13-1111.00,Management Analysts,1,6925,921,6,5,1,0,2,Writing; Basecamp; Google; Google Analytics; LinkedIn; WordPress,0.5,0.6018,0.75,0.5492,0.6429
99714410,CONSULTANT,13-1111.00,Management Analysts,1,7811,1019,2,1,0,1,1,Complex Problem Solving; TypeScript,0.5,0.6512,0.75,0.547,0.6429
39441617,CONSULTANT,13-1111.00,Management Analysts,1,9179,1130,18,14,1,3,10,Science; Installation; Troubleshooting; Systems Analysis; C++; SQL; Linux; Python; JavaScript; Hypertext markup language HTML; Microsoft Dynamics; Microsoft Dynamics GP; Microsoft Visual Basic; MySQL; Oracle E-Business Suite; PHP; Perl; VMware,0.8889,0.5722,0.75,0.508,0.6429
12374933,CONSULTANT,13-1111.00,Management Analysts,1,11856,1542,18,12,2,4,7,Science; Monitoring; Installation; Programming; Troubleshooting; Repairing; SQL; Linux; Adobe Acrobat; Appointment scheduling software; McAfee; Microsoft Access; Microsoft Visio; MySQL; PHP; Scheduling software; Ubuntu; VMware,0.8333,0.4968,0.75,0.4456,0.6429
20176584,CONSULTANT,13-1111.00,Management Analysts,1,11414,1413,2,0,1,1,0,Science; Troubleshooting,1.0,0.2448,0.2568,0.2106,0.2188
32433431,CONSULTANT,13-1111.00,Management Analysts,1,6643,831,3,2,0,1,0,Time Management; Microsoft Dynamics; Microsoft Dynamics CRM,0.6667,0.5079,0.5236,0.4779,0.5
88691367,CONSULTANT,13-1111.00,Management Analysts,1,5094,632,1,0,0,1,0,Coordination,1.0,0.5305,0.5305,0.4487,0.4487
17025292,CONSULTANT,13-1111.00,Management Analysts,1,5883,735,9,5,1,3,3,Monitoring; Coordination; Installation; Troubleshooting; LinkedIn; Microsoft Outlook; Microsoft Word; ServiceNow; VMware,0.8889,0.5195,0.75,0.4589,0.6429
23302948,CONSULTANT,13-1111.00,Management Analysts,1,8693,1110,3,2,0,1,2,Coordination; C++; Unix,1.0,0.6768,0.75,0.5781,0.6429
24828381,CONSULTANT,13-1111.00,Management Analysts,1,6692,845,0,0,0,0,0,,0.0,0.0,0.0,0.0,0.0
38896303,CONSULTANT,13-1111.00,Management Analysts,1,6171,797,6,2,2,2,1,Science; Monitoring; Installation; Programming; FileMaker Pro; PHP,1.0,0.3786,0.75,0.3329,0.6429
31217840,CONSULTANT,13-1111.00,Management Analysts,1,11011,1438,7,1,2,4,1,Science; Monitoring; Installation; Programming; Troubleshooting; Systems Analysis; SQL,0.8571,0.2842,0.5774,0.2419,0.483
38399177,CONSULTANT,13-1111.00,Management Analysts,1,2483,286,1,0,1,0,0,Science,1.0,0.2327,0.2327,0.2023,0.2023
19161572,CONSULTANT,13-1111.00,Management Analysts,1,1805,212,1,0,0,1,0,Troubleshooting,1.0,0.2568,0.2568,0.2188,0.2188
29647215,CONSULTANT,13-1111.00,Management Analysts,1,8537,1068,5,3,1,1,2,Writing; Troubleshooting; SQL; Unix; Cerner Millennium,0.6,0.5138,0.75,0.4588,0.6429
73075521,CONSULTANT,13-1111.00,Management Analysts,1,12837,1568,3,1,1,1,0,Monitoring; Equipment Maintenance; Minitab,1.0,0.4173,0.5774,0.3772,0.5
17983957,CONSULTANT,13-1111.00,Management Analysts,1,5450,661,4,0,1,3,0,Science; Coordination; Installation; Troubleshooting,1.0,0.2702,0.5305,0.2303,0.4487
20314980,CONSULTANT,13-1111.00,Management Analysts,1,12971,1812,10,6,1,3,5,Monitoring; Installation; Programming; Systems Analysis; C#; .NET; SQL; Oracle Database; Perl; VMware,0.8,0.4957,0.75,0.4323,0.6429
21512769,CONSULTANT,13-1111.00,Management Analysts,1,4874,618,3,1,2,0,1,Speaking; Monitoring; Microsoft Word,1.0,0.6539,0.75,0.5407,0.6429
21568833,CONSULTANT,13-1111.00,Management Analysts,1,5366,714,0,0,0,0,0,,0.0,0.0,0.0,0.0,0.0
27726066,CONSULTANT,13-1111.00,Management Analysts,1,8991,1191,1,0,0,1,0,Time Management,1.0,0.5236,0.5236,0.4337,0.4337
91189201,CONSULTANT,13-1111.00,Management Analysts,1,5113,697,8,7,1,0,5,Science; .NET; AWS; Azure; SQL; Tableau; Google; VMware,0.375,0.5113,0.75,0.4702,0.6429
95429627,CONSULTANT,13-1111.00,Management Analysts,1,8024,1051,5,4,1,0,4,Monitoring; SQL; Python; JavaScript; PHP,0.8,0.7069,0.75,0.6029,0.6429
12526702,CONSULTANT,13-1111.00,Management Analysts,1,7190,838,8,4,2,2,4,Writing; Science; Installation; Programming; C++; Microsoft Project; Microsoft Visual Basic; Microsoft Windows,1.0,0.499,0.75,0.4271,0.6429
92246939,CONSULTANT,13-1111.00,Management Analysts,1,11623,1551,3,0,1,2,0,Writing; Coordination; Instructing,1.0,0.512,0.5483,0.4453,0.4737
48533663,CONSULTANT,13-1111.00,Management Analysts,1,6860,899,1,1,0,0,0,Billing software,0.0,0.5,0.5,0.5,0.5
38457612,CONSULTANT,13-1111.00,Management Analysts,1,6108,766,4,0,2,2,0,Science; Monitoring; Installation; Troubleshooting,1.0,0.2819,0.5774,0.2389,0.483
27788376,CONSULTANT,13-1111.00,Management Analysts,1,2728,338,2,0,2,0,0,Science; Critical Thinking,1.0,0.4311,0.6295,0.357,0.5116
31016926,CONSULTANT,13-1111.00,Management Analysts,1,9078,1156,1,0,1,0,0,Science,1.0,0.2327,0.2327,0.2023,0.2023
43378989,CONSULTANT,13-1111.00,Management Analysts,1,2561,308,15,13,1,1,11,Science; Programming; C++; C#; SQL; Java; JavaScript; Database management systems; Microsoft Access; Microsoft SQL Server; Microsoft Visio; Microsoft Visual Basic; Microsoft Windows; Microsoft Windows XP; MySQL,0.7333,0.6256,0.75,0.5466,0.6429
13454871,CONSULTANT,13-1111.00,Management Analysts,1,5534,771,3,3,0,0,1,SQL; Oracle E-Business Suite; Scheme,0.0,0.5,0.5,0.5,0.5
19936735,CONSULTANT,13-1111.00,Management Analysts,1,2213,278,1,0,0,1,0,Programming,1.0,0.1506,0.1506,0.118,0.118
33919379,CONSULTANT,13-1111.00,Management Analysts,1,2682,328,1,0,1,0,0,Science,1.0,0.2327,0.2327,0.2023,0.2023
95350373,CONSULTANT,13-1111.00,Management Analysts,1,5018,641,2,0,1,1,0,Writing; Negotiation,1.0,0.474,0.5483,0.4187,0.4737
15602094,CONSULTANT,13-1111.00,Management Analysts,1,6798,842,17,13,2,2,11,Science; Monitoring; Programming; Troubleshooting; C++; C#; .NET; SQL; Linux; JavaScript; Adobe Illustrator; Adobe InDesign; Adobe Photoshop; IBM WebSphere; MySQL; PHP; QuarkXPress,0.7059,0.5978,0.75,0.5205,0.6429
95792386,CONSULTANT,13-1111.00,Management Analysts,1,11205,1339,4,1,2,1,1,Writing; Science; Complex Problem Solving; SQL,0.75,0.4445,0.5525,0.3757,0.4737
28243590,CONSULTANT,13-1111.00,Management Analysts,1,2511,323,0,0,0,0,0,,0.0,0.0,0.0,0.0,0.0
14593060,CONSULTANT,13-1111.00,Management Analysts,1,9178,1136,8,4,2,2,3,Science; Monitoring; Installation; Troubleshooting; SQL; Linux; Microsoft Windows; VMware,0.875,0.4468,0.75,0.3916,0.6429
13313917,CONSULTANT,13-1111.00,Management Analysts,1,5776,705,0,0,0,0,0,,0.0,0.0,0.0,0.0,0.0
12251115,CONSULTANT,13-1111.00,Management Analysts,1,3285,393,1,0,1,0,0,Science,1.0,0.2327,0.2327,0.2023,0.2023
20574232,CONSULTANT,13-1111.00,Management Analysts,1,5796,742,5,2,1,2,2,Science; Installation; Troubleshooting; SQL; Microsoft Windows,0.8,0.3251,0.75,0.2789,0.6429
12955994,CONSULTANT,13-1111.00,Management Analysts,1,8867,1092,2,0,1,1,0,Science; Negotiation,1.0,0.3162,0.3998,0.283,0.3637
16964217,CONSULTANT,13-1111.00,Management Analysts,1,5916,775,0,0,0,0,0,,0.0,0.0,0.0,0.0,0.0
13215696,CONSULTANT,13-1111.00,Management Analysts,1,9881,1219,5,0,1,4,0,Active Listening; Negotiation; Complex Problem Solving; Troubleshooting; Time Management,1.0,0.4763,0.649,0.3952,0.5086
29196643,CONSULTANT,13-1111.00,Management Analysts,1,7283,1009,7,7,0,0,6,SQL; Linux; Java; Google; Google Analytics; Microsoft Excel; MySQL,0.5714,0.7125,0.75,0.6214,0.6429
22351830,CONSULTANT,13-1111.00,Management Analysts,1,6853,929,13,11,1,1,11,Monitoring; Programming; NoSQL; Git; Linux; Java; JavaScript; Elasticsearch; JUnit; MySQL; Puppet; Scala; Spring Framework,0.9231,0.6857,0.75,0.5858,0.6429
11415967,CONSULTANT,13-1111.00,Management Analysts,1,5958,707,3,0,2,1,0,Writing; Science; Negotiation,1.0,0.3936,0.5483,0.3466,0.4737
29297393,CONSULTANT,13-1111.00,Management Analysts,1,13529,1748,2,0,2,0,0,Writing; Science,1.0,0.3905,0.5483,0.338,0.4737
18227306,CONSULTANT,13-1111.00,Management Analysts,1,5776,738,2,0,1,1,0,Science; Programming,1.0,0.1916,0.2327,0.1602,0.2023
31201660,CONSULTANT,13-1111.00,Management Analysts,1,5331,675,2,0,2,0,0,Writing; Speaking,1.0,0.5912,0.6342,0.485,0.4962
25258040,CONSULTANT,13-1111.00,Management Analysts,1,6440,826,1,0,0,1,0,Coordination,1.0,0.5305,0.5305,0.4487,0.4487
56792999,CONSULTANT,13-1111.00,Management Analysts,1,5270,669,1,0,1,0,0,Science,1.0,0.2327,0.2327,0.2023,0.2023
22571461,CONSULTANT,13-1111.00,Management Analysts,1,4726,608,2,2,0,0,1,LinkedIn; Microsoft PowerPoint,1.0,0.625,0.75,0.5714,0.6429
80527194,CONSULTANT,13-1111.00,Management Analysts,1,7302,967,4,4,0,0,1,Facebook; Instagram; Quicken; Twitter,0.0,0.5625,0.75,0.5357,0.6429
37818861,CONSULTANT,13-1111.00,Management Analysts,1,3214,408,0,0,0,0,0,,0.0,0.0,0.0,0.0,0.0
91116867,CONSULTANT,13-1111.00,Management Analysts,1,2511,309,0,0,0,0,0,,0.0,0.0,0.0,0.0,0.0
14346702,CONSULTANT,13-1111.00,Management Analysts,1,5128,668,0,0,0,0,0,,0.0,0.0,0.0,0.0,0.0
15083600,CONSULTANT,13-1111.00,Management Analysts,1,5904,756,2,2,0,0,2,SQL; Python,0.5,0.75,0.75,0.6429,0.6429
63670997,CONSULTANT,13-1111.00,Management Analysts,1,5338,649,2,1,1,0,1,Science; Facebook,0.5,0.4913,0.75,0.4226,0.6429
17307206,CONSULTANT,13-1111.00,Management Analysts,1,6196,829,1,0,1,0,0,Writing,1.0,0.5483,0.5483,0.4737,0.4737
67406885,CONSULTANT,13-1111.00,Management Analysts,1,8078,1112,2,1,0,1,0,Troubleshooting; Reporting software,0.5,0.3963,0.5357,0.3696,0.5204
57364820,CONSULTANT,13-1111.00,Management Analysts,1,6914,904,6,2,2,2,2,Science; Monitoring; Coordination; Time Management; Unix; Java,0.8333,0.5228,0.75,0.4421,0.6429
79570655,CONSULTANT,13-1111.00,Management Analysts,1,1805,194,1,0,1,0,0,Monitoring,1.0,0.5774,0.5774,0.483,0.483
13569152,CONSULTANT,13-1111.00,Management Analysts,1,5599,696,2,0,2,0,0,Writing; Science,1.0,0.3905,0.5483,0.338,0.4737
65062795,CONSULTANT,13-1111.00,Management Analysts,1,5204,655,11,7,2,2,7,Writing; Science; Programming; Troubleshooting; SQL; Java; Microsoft SQL Server; Microsoft Visual Studio; Oracle Database; PHP; jQuery,0.8182,0.5487,0.75,0.4697,0.6429
10984392,CONSULTANT,13-1111.00,Management Analysts,1,6459,856,3,1,0,2,1,Negotiation; Operations Analysis; Swift,1.0,0.4667,0.75,0.4123,0.6429
49777184,CONSULTANT,13-1111.00,Management Analysts,1,8293,964,3,1,0,2,1,Programming; Time Management; Microsoft Excel,1.0,0.4747,0.75,0.3982,0.6429
11835339,CONSULTANT,13-1111.00,Management Analysts,1,8200,1223,0,0,0,0,0,,0.0,0.0,0.0,0.0,0.0
21156767,CONSULTANT,13-1111.00,Management Analysts,1,5514,749,11,9,1,1,9,Science; Programming; C#; Azure; SQL; Machine Learning; Python; Java; JavaScript; Microsoft Visual Studio; MySQL,0.6364,0.5905,0.75,0.5049,0.6429
26234972,CONSULTANT,13-1111.00,Management Analysts,1,7357,915,3,0,1,2,0,Speaking; Troubleshooting; Time Management,1.0,0.4715,0.6342,0.3829,0.4962
15535920,CONSULTANT,13-1111.00,Management Analysts,1,12722,1656,7,5,1,1,0,Monitoring; Time Management; Google; Microsoft Dynamics; Microsoft Dynamics CRM; Microsoft Exchange; VMware,0.7143,0.5234,0.5774,0.4932,0.5357
26919036,CONSULTANT,13-1111.00,Management Analysts,1,5544,735,2,0,1,1,0,Monitoring; Negotiation,1.0,0.4886,0.5774,0.4233,0.483
57601040,CONSULTANT,13-1111.00,Management Analysts,1,7968,997,1,0,0,1,0,Repairing,1.0,0.1668,0.1668,0.1439,0.1439
29076405,CONSULTANT,13-1111.00,Management Analysts,1,7363,929,1,0,1,0,0,Monitoring,1.0,0.5774,0.5774,0.483,0.483
26167298,CONSULTANT,13-1111.00,Management Analysts,1,15411,2018,6,5,1,0,2,Writing; Constant Contact; Database software; Facebook; LinkedIn; WordPress,0.5,0.5914,0.75,0.5432,0.6429
13837784,DIGITAL-MEDIA,unmapped,unmapped,0,2750,346,10,9,1,0,3,Writing; Drupal; Facebook; Google; Google Analytics; Instagram; LinkedIn; Pinterest; Twitter; WordPress,0.0,0.5867,0.75,0.5442,0.6429
16509761,DIGITAL-MEDIA,unmapped,unmapped,0,2007,254,4,1,3,0,1,Writing; Speaking; Science; Adobe Photoshop,0.0,0.5413,0.75,0.4538,0.6429
29915354,DIGITAL-MEDIA,unmapped,unmapped,0,4885,647,7,4,2,1,2,Writing; Speaking; Troubleshooting; Adobe After Effects; Adobe Photoshop; Adobe Premiere Pro; YouTube,0.0,0.577,0.75,0.5045,0.6429
82929064,DIGITAL-MEDIA,unmapped,unmapped,0,2348,303,6,4,2,0,2,Writing; Science; Facebook; Google; Google Analytics; Instagram,0.0,0.5572,0.75,0.4996,0.6429
10515955,DIGITAL-MEDIA,unmapped,unmapped,0,5993,772,2,0,1,1,0,Science; Negotiation,0.0,0.3162,0.3998,0.283,0.3637
14945250,DIGITAL-MEDIA,unmapped,unmapped,0,7998,1085,2,0,1,1,0,Monitoring; Negotiation,0.0,0.4886,0.5774,0.4233,0.483
28609364,DIGITAL-MEDIA,unmapped,unmapped,0,5454,702,3,2,1,0,0,Critical Thinking; Google; Social media sites,0.0,0.564,0.6295,0.5158,0.5357
19861776,DIGITAL-MEDIA,unmapped,unmapped,0,10758,1333,0,0,0,0,0,,0.0,0.0,0.0,0.0,0.0
14036515,DIGITAL-MEDIA,unmapped,unmapped,0,5151,655,0,0,0,0,0,,0.0,0.0,0.0,0.0,0.0
11005406,DIGITAL-MEDIA,unmapped,unmapped,0,5982,811,10,8,1,1,4,Monitoring; Installation; AWS; Azure; SQL; Microsoft Exchange; Microsoft Windows; SolarWinds; Ubuntu; VMware,0.0,0.484,0.75,0.4539,0.6429
17132168,DIGITAL-MEDIA,unmapped,unmapped,0,6322,867,5,4,1,0,2,Speaking; Facebook; Google; Google Docs; Twitter,0.0,0.6393,0.75,0.5635,0.6429
15353911,DIGITAL-MEDIA,unmapped,unmapped,0,1797,237,3,3,0,0,2,Adobe Illustrator; Adobe Photoshop; YouTube,0.0,0.6667,0.75,0.5952,0.6429
18501746,DIGITAL-MEDIA,unmapped,unmapped,0,3082,412,0,0,0,0,0,,0.0,0.0,0.0,0.0,0.0
26341987,DIGITAL-MEDIA,unmapped,unmapped,0,14801,2050,5,2,1,2,1,Science; Negotiation; Programming; SQL; Microsoft Exchange,0.0,0.3208,0.5,0.296,0.5
27419236,DIGITAL-MEDIA,unmapped,unmapped,0,9378,1222,8,5,2,1,4,Writing; Science; Troubleshooting; SQL; Email software; Facebook; Microsoft Word; WordPress,0.0,0.5411,0.75,0.4748,0.6429
13328680,DIGITAL-MEDIA,unmapped,unmapped,0,6059,815,3,3,0,0,2,Facebook; Google; Google Analytics,0.0,0.6875,0.75,0.6071,0.6429
17584743,DIGITAL-MEDIA,unmapped,unmapped,0,5702,722,0,0,0,0,0,,0.0,0.0,0.0,0.0,0.0
14761906,DIGITAL-MEDIA,unmapped,unmapped,0,5099,728,4,1,1,2,0,Writing; Troubleshooting; Time Management; Google,0.0,0.4728,0.5625,0.4155,0.5357
31162167,DIGITAL-MEDIA,unmapped,unmapped,0,5466,718,7,6,0,1,1,Coordination; Evernote; Facebook; Google; Instagram; Optimization software; Twitter,0.0,0.549,0.75,0.5182,0.6429
15226699,DIGITAL-MEDIA,unmapped,unmapped,0,5254,701,8,4,1,3,2,Science; Installation; Troubleshooting; Repairing; Adobe Dreamweaver; Adobe Illustrator; Adobe Photoshop; Corel Painter,0.0,0.4021,0.75,0.3628,0.6429
25525152,DIGITAL-MEDIA,unmapped,unmapped,0,2718,329,3,1,2,0,0,Writing; Science; Video editing software,0.0,0.4398,0.5483,0.3993,0.522
13343786,DIGITAL-MEDIA,unmapped,unmapped,0,6952,845,4,1,1,2,0,Science; Coordination; Time Management; Ada,0.0,0.4467,0.5305,0.3962,0.5
15484097,DIGITAL-MEDIA,unmapped,unmapped,0,7195,945,3,0,1,2,0,Science; Installation; Troubleshooting,0.0,0.1834,0.2568,0.1575,0.2188
25723793,DIGITAL-MEDIA,unmapped,unmapped,0,5328,674,4,3,1,0,2,Science; Adobe Photoshop; Microsoft Access; Quicken,0.0,0.5582,0.75,0.497,0.6429
19444529,DIGITAL-MEDIA,unmapped,unmapped,0,6139,791,5,4,1,0,1,Writing; Facebook; Instagram; Social media sites; Twitter,0.0,0.5596,0.75,0.5233,0.6429
33893326,DIGITAL-MEDIA,unmapped,unmapped,0,7170,887,5,2,3,0,1,Mathematics; Science; Monitoring; Facebook; Skype,0.0,0.4897,0.75,0.4384,0.6429
18442517,DIGITAL-MEDIA,unmapped,unmapped,0,8509,1079,10,8,1,1,8,Science; Programming; Angular; Git; JavaScript; Bootstrap; MySQL; PHP; Perl; Selenium,0.0,0.6259,0.75,0.5356,0.6429
40883703,DIGITAL-MEDIA,unmapped,unmapped,0,3765,511,1,0,1,0,0,Science,0.0,0.2327,0.2327,0.2023,0.2023
27981289,DIGITAL-MEDIA,unmapped,unmapped,0,3884,514,10,9,1,0,7,Writing; Angular; JavaScript; Adobe Analytics; Google; Google Analytics; Microsoft Excel; PHP; Slack; jQuery,0.0,0.7067,0.75,0.6122,0.6429
18900722,DIGITAL-MEDIA,unmapped,unmapped,0,6162,756,1,0,0,1,0,Persuasion,0.0,0.4341,0.4341,0.3933,0.3933
28109594,DIGITAL-MEDIA,unmapped,unmapped,0,6420,843,8,8,0,0,2,Facebook; Instagram; LinkedIn; Pinterest; Snapchat; Twitter; WordPress; YouTube,0.0,0.5625,0.75,0.5357,0.6429
31929166,DIGITAL-MEDIA,unmapped,unmapped,0,3570,450,8,6,2,0,2,Writing; Science; Facebook; Google; Instagram; Pinterest; Twitter; WordPress,0.0,0.5429,0.75,0.4997,0.6429
24574164,DIGITAL-MEDIA,unmapped,unmapped,0,11244,1498,2,0,2,0,0,Writing; Science,0.0,0.3905,0.5483,0.338,0.4737
23085604,DIGITAL-MEDIA,unmapped,unmapped,0,24500,3301,2,0,0,2,0,Programming; Troubleshooting,0.0,0.2037,0.2568,0.1684,0.2188
27080812,DIGITAL-MEDIA,unmapped,unmapped,0,6582,854,1,1,0,0,1,Machine Learning,0.0,0.0,0.0,0.0,0.0
14209965,DIGITAL-MEDIA,unmapped,unmapped,0,7602,1013,4,3,0,1,0,Negotiation; Google; Google Drive; QuarkXPress,0.0,0.4906,0.5625,0.4749,0.5357
20330739,DIGITAL-MEDIA,unmapped,unmapped,0,6644,844,0,0,0,0,0,,0.0,0.0,0.0,0.0,0.0
37739183,DIGITAL-MEDIA,unmapped,unmapped,0,13098,1769,3,0,2,1,0,Science; Monitoring; Coordination,0.0,0.4469,0.5774,0.378,0.483
14771530,DIGITAL-MEDIA,unmapped,unmapped,0,2710,334,3,1,1,1,0,Science; Time Management; Basecamp,0.0,0.4188,0.5236,0.3787,0.5
62700506,DIGITAL-MEDIA,unmapped,unmapped,0,7977,1110,0,0,0,0,0,,0.0,0.0,0.0,0.0,0.0
34319869,DIGITAL-MEDIA,unmapped,unmapped,0,5115,634,7,5,1,1,4,Monitoring; Troubleshooting; GitHub; Tableau; Adobe Acrobat; SAP Business Objects; Salesforce software,0.0,0.6192,0.75,0.539,0.6429
30999638,DIGITAL-MEDIA,unmapped,unmapped,0,4387,543,10,7,1,2,4,Writing; Troubleshooting; Time Management; Facebook; Instagram; Microsoft Outlook; Microsoft Windows; Microsoft Word; Pinterest; Twitter,0.0,0.5829,0.75,0.5198,0.6429
11677012,DIGITAL-MEDIA,unmapped,unmapped,0,2766,330,4,2,1,1,1,Speaking; Time Management; Facebook; Instagram,0.0,0.602,0.75,0.5182,0.6429
18525641,DIGITAL-MEDIA,unmapped,unmapped,0,5875,816,0,0,0,0,0,,0.0,0.0,0.0,0.0,0.0
91539554,DIGITAL-MEDIA,unmapped,unmapped,0,5040,643,1,1,0,0,0,Statistical analysis software,0.0,0.5,0.5,0.5,0.5
13503650,DIGITAL-MEDIA,unmapped,unmapped,0,5428,663,0,0,0,0,0,,0.0,0.0,0.0,0.0,0.0
23864858,DIGITAL-MEDIA,unmapped,unmapped,0,5359,691,10,9,1,0,5,Science; SQL; Basecamp; Facebook; Google; Google Analytics; MicroStrategy; Microsoft Excel; Microsoft Word; YouTube,0.0,0.5884,0.75,0.5344,0.6429
24658786,DIGITAL-MEDIA,unmapped,unmapped,0,7538,985,13,8,1,4,3,Writing; Coordination; Negotiation; Installation; Programming; JavaScript; Facebook; Google; Google Analytics; Instagram; Pinterest; Twitter; YouTube,0.0,0.5002,0.75,0.4554,0.6429
39166680,DIGITAL-MEDIA,unmapped,unmapped,0,6913,910,8,8,0,0,6,SQL; Tableau; JavaScript; Adobe Analytics; Google; Google Analytics; SAS; jQuery,0.0,0.7232,0.75,0.6276,0.6429
25038571,DIGITAL-MEDIA,unmapped,unmapped,0,5429,739,5,4,1,0,1,Science; Facebook; Google; LinkedIn; Twitter,0.0,0.509,0.75,0.4762,0.6429
33542483,DIGITAL-MEDIA,unmapped,unmapped,0,5282,695,10,10,0,0,3,Facebook; Google; Google Analytics; Instagram; LinkedIn; Skype; Social media sites; Twitter; WordPress; YouTube,0.0,0.5813,0.75,0.5464,0.6429
58915642,DIGITAL-MEDIA,unmapped,unmapped,0,6104,845,2,1,1,0,1,Science; Java,0.0,0.2327,0.2327,0.2023,0.2023
18927233,DIGITAL-MEDIA,unmapped,unmapped,0,2839,343,4,4,0,0,3,Adobe Photoshop; Google; Google Analytics; WordPress,0.0,0.7031,0.75,0.6161,0.6429
16893572,DIGITAL-MEDIA,unmapped,unmapped,0,6768,853,15,13,1,1,7,Writing; Programming; JavaScript; Facebook; Google; Google Analytics; Instagram; LinkedIn; Microsoft Excel; MySQL; PHP; Pinterest; Twitter; WordPress; YouTube,0.0,0.6008,0.75,0.5418,0.6429
18488289,DIGITAL-MEDIA,unmapped,unmapped,0,5928,705,7,5,1,1,2,Science; Time Management; Facebook; Google; Google Analytics; LinkedIn; Twitter,0.0,0.5455,0.75,0.4939,0.6429
31909493,DIGITAL-MEDIA,unmapped,unmapped,0,8089,1058,3,3,0,0,2,Facebook; Google; Google Analytics,0.0,0.6875,0.75,0.6071,0.6429
29002596,DIGITAL-MEDIA,unmapped,unmapped,0,8529,1081,2,0,2,0,0,Writing; Science,0.0,0.3905,0.5483,0.338,0.4737
73282756,DIGITAL-MEDIA,unmapped,unmapped,0,9454,1217,8,7,0,1,6,Negotiation; C++; .NET; Google; Google Analytics; Microsoft Access; Microsoft Outlook; Microsoft Windows,0.0,0.6732,0.75,0.5877,0.6429
94492380,DIGITAL-MEDIA,unmapped,unmapped,0,5507,783,8,6,1,1,1,Science; Programming; Facebook; Instagram; Pinterest; Snapchat; Twitter; YouTube,0.0,0.4542,0.75,0.4329,0.6429
18905648,DIGITAL-MEDIA,unmapped,unmapped,0,1888,257,5,4,1,0,2,Speaking; Facebook; Instagram; Microsoft Word; Twitter,0.0,0.6268,0.75,0.5564,0.6429
70196518,DIGITAL-MEDIA,unmapped,unmapped,0,2995,368,6,4,1,1,1,Writing; Coordination; Facebook; Instagram; Pinterest; Twitter,0.0,0.5548,0.75,0.5109,0.6429
56952849,DIGITAL-MEDIA,unmapped,unmapped,0,8657,1138,7,4,1,2,3,Science; Installation; Troubleshooting; Linux; Unix; Cisco IOS; MySQL,0.0,0.4715,0.75,0.4144,0.6429
40311088,DIGITAL-MEDIA,unmapped,unmapped,0,5276,683,4,0,2,2,0,Writing; Science; Coordination; Programming,0.0,0.3655,0.5483,0.3107,0.4737
19053815,DIGITAL-MEDIA,unmapped,unmapped,0,7646,943,4,1,2,1,1,Writing; Speaking; Coordination; Microsoft Excel,0.0,0.6157,0.75,0.5154,0.6429
10005171,DIGITAL-MEDIA,unmapped,unmapped,0,5963,772,1,0,1,0,0,Speaking,0.0,0.6342,0.6342,0.4962,0.4962
26160200,DIGITAL-MEDIA,unmapped,unmapped,0,6787,826,1,1,0,0,1,JavaScript,0.0,0.75,0.75,0.6429,0.6429
59011090,DIGITAL-MEDIA,unmapped,unmapped,0,3082,391,12,10,1,1,3,Writing; Coordination; Basecamp; Canva; Facebook; Google; Google Analytics; Instagram; Pinterest; Snapchat; Twitter; YouTube,0.0,0.5743,0.75,0.5322,0.6429
34583750,DIGITAL-MEDIA,unmapped,unmapped,0,3242,422,1,0,1,0,0,Science,0.0,0.2327,0.2327,0.2023,0.2023
22380187,DIGITAL-MEDIA,unmapped,unmapped,0,2437,298,8,7,1,0,3,Monitoring; Facebook; Google; Google Analytics; Instagram; Pinterest; Twitter; WordPress,0.0,0.6112,0.75,0.5559,0.6429
24953921,DIGITAL-MEDIA,unmapped,unmapped,0,6463,856,5,2,1,2,1,Science; Coordination; Technology Design; Google; PHP,0.0,0.4505,0.75,0.3935,0.6429
20490741,DIGITAL-MEDIA,unmapped,unmapped,0,12914,1869,0,0,0,0,0,,0.0,0.0,0.0,0.0,0.0
21125113,DIGITAL-MEDIA,unmapped,unmapped,0,6349,845,4,0,2,2,0,Speaking; Science; Installation; Troubleshooting,0.0,0.2961,0.6342,0.2422,0.4962
11270462,DIGITAL-MEDIA,unmapped,unmapped,0,5917,861,6,5,1,0,1,Writing; Constant Contact; Facebook; Instagram; Social media sites; Twitter,0.0,0.5497,0.75,0.5194,0.6429
90685127,DIGITAL-MEDIA,unmapped,unmapped,0,3244,424,3,2,1,0,1,Science; Google; Google Analytics,0.0,0.5151,0.75,0.4603,0.6429
20628003,DIGITAL-MEDIA,unmapped,unmapped,0,2185,272,3,2,1,0,1,Monitoring; Google; Google Analytics,0.0,0.63,0.75,0.5538,0.6429
30504149,DIGITAL-MEDIA,unmapped,unmapped,0,4548,580,2,0,1,1,0,Science; Programming,0.0,0.1916,0.2327,0.1602,0.2023
25706337,DIGITAL-MEDIA,unmapped,unmapped,0,2711,331,1,0,1,0,0,Science,0.0,0.2327,0.2327,0.2023,0.2023
91318828,DIGITAL-MEDIA,unmapped,unmapped,0,4951,631,10,7,2,1,4,Writing; Science; Time Management; Facebook; Google; Google Analytics; Google Docs; Instagram; Twitter; WordPress,0.0,0.5867,0.75,0.5217,0.6429
42156237,DIGITAL-MEDIA,unmapped,unmapped,0,3091,379,10,10,0,0,8,SQL; Tableau; Power BI; Python; JavaScript; Google; Google Analytics; Minitab; MySQL; PHP,0.0,0.6953,0.75,0.6116,0.6429
80679862,DIGITAL-MEDIA,unmapped,unmapped,0,10000,1285,11,9,1,1,6,Science; Time Management; GitHub; GitLab; Adobe Analytics; Constant Contact; Google; Google Analytics; Microsoft Excel; Slack; WordPress,0.0,0.6426,0.75,0.5611,0.6429
16276121,DIGITAL-MEDIA,unmapped,unmapped,0,3709,484,5,5,0,0,2,Facebook; Google; Google Analytics; Instagram; Twitter,0.0,0.6125,0.75,0.5643,0.6429
27921561,DIGITAL-MEDIA,unmapped,unmapped,0,7849,1000,2,1,1,0,1,Monitoring; JavaScript,0.0,0.6637,0.75,0.5629,0.6429
50219114,DIGITAL-MEDIA,unmapped,unmapped,0,6303,806,12,10,2,0,6,Science; Critical Thinking; Adobe Photoshop; Drupal; Facebook; Google; Google Analytics; Google Tag Manager; Microsoft SharePoint; PHP; Twitter; WordPress,0.0,0.6401,0.75,0.5628,0.6429
30864828,DIGITAL-MEDIA,unmapped,unmapped,0,5221,636,2,1,1,0,1,Science; Microsoft Excel,0.0,0.4913,0.75,0.4226,0.6429
17562754,DIGITAL-MEDIA,unmapped,unmapped,0,6450,850,2,1,1,0,1,Writing; Artificial Intelligence,0.0,0.5483,0.5483,0.4737,0.4737
24679149,DIGITAL-MEDIA,unmapped,unmapped,0,5283,703,3,3,0,0,2,.NET; Google; Google Analytics,0.0,0.6562,0.75,0.5893,0.6429
81508860,DIGITAL-MEDIA,unmapped,unmapped,0,7507,972,6,4,1,1,1,Science; Time Management; Facebook; LinkedIn; Testing software; Twitter,0.0,0.501,0.75,0.4631,0.6429
28679359,DIGITAL-MEDIA,unmapped,unmapped,0,8970,1146,7,3,3,1,2,Writing; Speaking; Monitoring; Coordination; Google; Google Analytics; Microsoft Windows,0.0,0.6218,0.75,0.5319,0.6429
14556869,DIGITAL-MEDIA,unmapped,unmapped,0,4884,596,8,8,0,0,4,Adobe Illustrator; Adobe Photoshop; Facebook; LinkedIn; Microsoft Publisher; Social media sites; Twitter; WordPress,0.0,0.625,0.75,0.5714,0.6429
23810469,DIGITAL-MEDIA,unmapped,unmapped,0,7020,869,2,0,2,0,0,Speaking; Science,0.0,0.4334,0.6342,0.3493,0.4962
16536141,DIGITAL-MEDIA,unmapped,unmapped,0,7945,987,10,8,1,1,3,Science; Programming; Apple iMovie; Facebook; Google; Google Analytics; Pinterest; Twitter; Video editing software; WordPress,0.0,0.5234,0.75,0.4807,0.6429
12085736,DIGITAL-MEDIA,unmapped,unmapped,0,6479,766,4,2,1,1,2,Science; Negotiation; SQL; JavaScript,0.0,0.4608,0.75,0.403,0.6429
20210676,DIGITAL-MEDIA,unmapped,unmapped,0,3687,470,8,7,1,0,3,Writing; Adobe Acrobat; Facebook; Google; Google Analytics; LinkedIn; Twitter; YouTube,0.0,0.6076,0.75,0.5547,0.6429
22706174,DIGITAL-MEDIA,unmapped,unmapped,0,5540,695,1,0,0,1,0,Time Management,0.0,0.5236,0.5236,0.4337,0.4337
18354623,DIGITAL-MEDIA,unmapped,unmapped,0,6674,845,10,8,1,1,7,Science; Coordination; JavaScript; AJAX; Adobe Photoshop; Google; Google Analytics; PHP; Swift; jQuery,0.0,0.6576,0.75,0.5687,0.6429
17432318,DIGITAL-MEDIA,unmapped,unmapped,0,4422,535,6,5,1,0,1,Speaking; Facebook; Instagram; Pinterest; Snapchat; Twitter,0.0,0.564,0.75,0.5232,0.6429
11797122,AUTOMOBILE,49-3023.00,Automotive Service Technicians and Mechanics,1,7935,1001,1,0,0,1,0,Troubleshooting,1.0,0.2568,0.2568,0.2188,0.2188
16332293,AUTOMOBILE,49-3023.00,Automotive Service Technicians and Mechanics,1,1749,213,0,0,0,0,0,,0.0,0.0,0.0,0.0,0.0
28790806,AUTOMOBILE,49-3023.00,Automotive Service Technicians and Mechanics,1,6974,920,6,5,1,0,5,Writing; SQL; Unix; IBM DB2; Oracle Database; UNIX Shell,0.1667,0.7097,0.75,0.609,0.6429
91515108,AUTOMOBILE,49-3023.00,Automotive Service Technicians and Mechanics,1,5033,632,2,0,1,1,0,Monitoring; Time Management,1.0,0.5505,0.5774,0.4583,0.483
32109048,AUTOMOBILE,49-3023.00,Automotive Service Technicians and Mechanics,1,5493,693,2,0,2,0,0,Science; Critical Thinking,1.0,0.4311,0.6295,0.357,0.5116
11152490,AUTOMOBILE,49-3023.00,Automotive Service Technicians and Mechanics,1,13903,1763,4,1,2,1,0,Science; Monitoring; Troubleshooting; Quicken,0.75,0.3917,0.5774,0.351,0.5
99680385,AUTOMOBILE,49-3023.00,Automotive Service Technicians and Mechanics,1,9725,1286,5,1,3,1,0,Writing; Science; Monitoring; Installation; Pascal,0.8,0.3838,0.5774,0.3421,0.5
15790602,AUTOMOBILE,49-3023.00,Automotive Service Technicians and Mechanics,1,7045,899,2,0,1,1,0,Science; Negotiation,1.0,0.3162,0.3998,0.283,0.3637
17510973,AUTOMOBILE,49-3023.00,Automotive Service Technicians and Mechanics,1,4535,561,1,0,0,1,0,Time Management,1.0,0.5236,0.5236,0.4337,0.4337
23522150,AUTOMOBILE,49-3023.00,Automotive Service Technicians and Mechanics,1,5226,651,2,0,1,1,0,Mathematics; Time Management,1.0,0.4559,0.5236,0.3989,0.4337
11257723,AUTOMOBILE,49-3023.00,Automotive Service Technicians and Mechanics,1,3593,439,1,0,0,1,0,Time Management,1.0,0.5236,0.5236,0.4337,0.4337
14455622,AUTOMOBILE,49-3023.00,Automotive Service Technicians and Mechanics,1,7186,863,1,0,1,0,0,Science,1.0,0.2327,0.2327,0.2023,0.2023
84295343,AUTOMOBILE,49-3023.00,Automotive Service Technicians and Mechanics,1,2210,278,1,0,0,1,0,Time Management,1.0,0.5236,0.5236,0.4337,0.4337
78357954,AUTOMOBILE,49-3023.00,Automotive Service Technicians and Mechanics,1,6056,794,2,0,1,1,0,Speaking; Time Management,1.0,0.5789,0.6342,0.465,0.4962
24703983,AUTOMOBILE,49-3023.00,Automotive Service Technicians and Mechanics,1,2379,283,1,0,1,0,0,Science,1.0,0.2327,0.2327,0.2023,0.2023
47487091,AUTOMOBILE,49-3023.00,Automotive Service Technicians and Mechanics,1,6618,840,6,1,2,3,1,Science; Critical Thinking; Negotiation; Programming; Time Management; Microsoft Access,0.8333,0.4477,0.75,0.3787,0.6429
23009962,AUTOMOBILE,49-3023.00,Automotive Service Technicians and Mechanics,1,5500,683,0,0,0,0,0,,0.0,0.0,0.0,0.0,0.0
22732234,AUTOMOBILE,49-3023.00,Automotive Service Technicians and Mechanics,1,6173,799,1,0,1,0,0,Science,1.0,0.2327,0.2327,0.2023,0.2023
18448085,AUTOMOBILE,49-3023.00,Automotive Service Technicians and Mechanics,1,3485,462,13,11,2,0,10,Mathematics; Science; SQL; Pandas; NumPy; Tableau; Python; Apache Spark; Microsoft Access; Minitab; MySQL; Oracle Database; SAS,0.1538,0.6559,0.75,0.571,0.6429
11887930,AUTOMOBILE,49-3023.00,Automotive Service Technicians and Mechanics,1,6651,852,5,4,1,0,4,Monitoring; Microsoft Excel; Microsoft PowerPoint; Microsoft SharePoint; Microsoft Word,0.6,0.7155,0.75,0.6109,0.6429
14508237,AUTOMOBILE,49-3023.00,Automotive Service Technicians and Mechanics,1,6307,822,4,1,1,2,1,Writing; Troubleshooting; Repairing; Microsoft Word,1.0,0.4305,0.75,0.3698,0.6429
15100547,AUTOMOBILE,49-3023.00,Automotive Service Technicians and Mechanics,1,5056,661,2,0,1,1,0,Writing; Negotiation,1.0,0.474,0.5483,0.4187,0.4737
97449528,AUTOMOBILE,49-3023.00,Automotive Service Technicians and Mechanics,1,7274,885,2,0,1,1,0,Writing; Time Management,1.0,0.5359,0.5483,0.4537,0.4737
26341645,AUTOMOBILE,49-3023.00,Automotive Service Technicians and Mechanics,1,7498,974,3,2,1,0,2,Science; SQL; Microsoft SQL Server,0.3333,0.4913,0.75,0.4226,0.6429
82140102,AUTOMOBILE,49-3023.00,Automotive Service Technicians and Mechanics,1,7175,929,4,0,1,3,0,Writing; Coordination; Negotiation; Time Management,1.0,0.5005,0.5483,0.4299,0.4737
17571262,AUTOMOBILE,49-3023.00,Automotive Service Technicians and Mechanics,1,4952,659,0,0,0,0,0,,0.0,0.0,0.0,0.0,0.0
32069695,AUTOMOBILE,49-3023.00,Automotive Service Technicians and Mechanics,1,8239,994,2,0,2,0,0,Active Listening; Writing,1.0,0.5986,0.649,0.4911,0.5086
22946204,AUTOMOBILE,49-3023.00,Automotive Service Technicians and Mechanics,1,5943,738,10,8,1,1,6,Science; Programming; C; SQL; Machine Learning; Computer Vision; Python; Java; Database software; LaTeX,0.3,0.4805,0.75,0.4343,0.6429
63989974,AUTOMOBILE,49-3023.00,Automotive Service Technicians and Mechanics,1,5430,692,4,1,1,2,1,Science; Installation; Troubleshooting; Unix,0.75,0.3251,0.75,0.2789,0.6429
15484011,AUTOMOBILE,49-3023.00,Automotive Service Technicians and Mechanics,1,5198,636,1,1,0,0,1,Microsoft Excel,1.0,0.75,0.75,0.6429,0.6429
18932512,AUTOMOBILE,49-3023.00,Automotive Service Technicians and Mechanics,1,5738,767,0,0,0,0,0,,0.0,0.0,0.0,0.0,0.0
15210069,AUTOMOBILE,49-3023.00,Automotive Service Technicians and Mechanics,1,5038,609,4,0,3,1,0,Active Listening; Science; Monitoring; Installation,1.0,0.38,0.649,0.3113,0.5086
25047127,AUTOMOBILE,49-3023.00,Automotive Service Technicians and Mechanics,1,3675,440,3,1,2,0,1,Science; Critical Thinking; Microsoft Excel,1.0,0.5374,0.75,0.4523,0.6429
22452756,AUTOMOBILE,49-3023.00,Automotive Service Technicians and Mechanics,1,5401,804,0,0,0,0,0,,0.0,0.0,0.0,0.0,0.0
24592627,AUTOMOBILE,49-3023.00,Automotive Service Technicians and Mechanics,1,5140,684,1,0,1,0,0,Writing,1.0,0.5483,0.5483,0.4737,0.4737
51508889,AUTOMOBILE,49-3023.00,Automotive Service Technicians and Mechanics,1,22032,2889,8,6,1,1,6,Science; Installation; SQL; Unix; Java; JavaScript; Apache Tomcat; Shell script,0.25,0.5489,0.75,0.4709,0.6429
15180322,CHEF,35-1011.00,Chefs and Head Cooks,1,7687,1046,0,0,0,0,0,,0.0,0.0,0.0,0.0,0.0
24221960,CHEF,35-1011.00,Chefs and Head Cooks,1,3780,506,1,0,1,0,0,Science,1.0,0.2327,0.2327,0.2023,0.2023
24673903,CHEF,35-1011.00,Chefs and Head Cooks,1,1935,240,1,0,1,0,0,Active Listening,1.0,0.649,0.649,0.5086,0.5086
19007667,CHEF,35-1011.00,Chefs and Head Cooks,1,1483,189,0,0,0,0,0,,0.0,0.0,0.0,0.0,0.0
30311202,CHEF,35-1011.00,Chefs and Head Cooks,1,6268,827,0,0,0,0,0,,0.0,0.0,0.0,0.0,0.0
11121498,CHEF,35-1011.00,Chefs and Head Cooks,1,6399,854,3,0,2,1,0,Speaking; Science; Time Management,1.0,0.4635,0.6342,0.3774,0.4962
32518109,CHEF,35-1011.00,Chefs and Head Cooks,1,2102,286,1,0,1,0,0,Science,1.0,0.2327,0.2327,0.2023,0.2023
26718039,CHEF,35-1011.00,Chefs and Head Cooks,1,1447,193,0,0,0,0,0,,0.0,0.0,0.0,0.0,0.0
23568731,CHEF,35-1011.00,Chefs and Head Cooks,1,8552,1171,1,0,1,0,0,Science,1.0,0.2327,0.2327,0.2023,0.2023
14663897,CHEF,35-1011.00,Chefs and Head Cooks,1,38842,5080,1,0,0,1,0,Equipment Maintenance,1.0,0.1744,0.1744,0.1487,0.1487
21904897,CHEF,35-1011.00,Chefs and Head Cooks,1,3004,442,0,0,0,0,0,,0.0,0.0,0.0,0.0,0.0
23591247,CHEF,35-1011.00,Chefs and Head Cooks,1,2319,286,5,2,1,2,2,Active Listening; Negotiation; Complex Problem Solving; Microsoft Excel; Microsoft Word,1.0,0.6203,0.75,0.5218,0.6429
16594812,CHEF,35-1011.00,Chefs and Head Cooks,1,2017,273,1,0,1,0,0,Science,1.0,0.2327,0.2327,0.2023,0.2023
19831366,CHEF,35-1011.00,Chefs and Head Cooks,1,2156,251,2,1,1,0,1,Science; Microsoft Excel,1.0,0.4913,0.75,0.4226,0.6429
16804396,CHEF,35-1011.00,Chefs and Head Cooks,1,4977,627,1,0,1,0,0,Science,1.0,0.2327,0.2327,0.2023,0.2023
92122785,CHEF,35-1011.00,Chefs and Head Cooks,1,5651,873,0,0,0,0,0,,0.0,0.0,0.0,0.0,0.0
27831220,CHEF,35-1011.00,Chefs and Head Cooks,1,5351,668,0,0,0,0,0,,0.0,0.0,0.0,0.0,0.0
13411858,CHEF,35-1011.00,Chefs and Head Cooks,1,7656,1099,4,0,4,0,0,Writing; Speaking; Science; Learning Strategies,1.0,0.4655,0.6342,0.3949,0.4962
25924968,CHEF,35-1011.00,Chefs and Head Cooks,1,6134,849,2,0,1,1,0,Science; Troubleshooting,1.0,0.2448,0.2568,0.2106,0.2188
34252537,CHEF,35-1011.00,Chefs and Head Cooks,1,9746,1257,2,0,0,2,0,Troubleshooting; Time Management,1.0,0.3902,0.5236,0.3262,0.4337
81373857,CHEF,35-1011.00,Chefs and Head Cooks,1,3005,408,2,1,1,0,1,Science; Microsoft Word,1.0,0.4913,0.75,0.4226,0.6429
92985983,CHEF,35-1011.00,Chefs and Head Cooks,1,4849,650,2,0,2,0,0,Speaking; Science,1.0,0.4334,0.6342,0.3493,0.4962
34452806,CHEF,35-1011.00,Chefs and Head Cooks,1,6303,784,1,0,1,0,0,Monitoring,1.0,0.5774,0.5774,0.483,0.483
21611637,CHEF,35-1011.00,Chefs and Head Cooks,1,7965,1016,2,0,2,0,0,Writing; Monitoring,1.0,0.5628,0.5774,0.4783,0.483
13095891,CHEF,35-1011.00,Chefs and Head Cooks,1,6847,918,0,0,0,0,0,,0.0,0.0,0.0,0.0,0.0
12717345,CHEF,35-1011.00,Chefs and Head Cooks,1,4934,691,2,0,1,1,0,Monitoring; Time Management,1.0,0.5505,0.5774,0.4583,0.483
23841877,CHEF,35-1011.00,Chefs and Head Cooks,1,5730,716,3,1,1,1,1,Science; Troubleshooting; Microsoft Word,1.0,0.4132,0.75,0.3547,0.6429
23032276,CHEF,35-1011.00,Chefs and Head Cooks,1,12404,1650,3,0,2,1,0,Writing; Science; Installation,1.0,0.2806,0.5483,0.2425,0.4737
32605413,CHEF,35-1011.00,Chefs and Head Cooks,1,6264,803,1,0,0,1,0,Negotiation,1.0,0.3998,0.3998,0.3637,0.3637
65373280,CHEF,35-1011.00,Chefs and Head Cooks,1,14694,1979,2,0,1,1,0,Monitoring; Time Management,1.0,0.5505,0.5774,0.4583,0.483
27909372,CHEF,35-1011.00,Chefs and Head Cooks,1,5189,684,5,3,2,0,1,Science; Monitoring; Facebook; Instagram; Twitter,0.6,0.512,0.75,0.4656,0.6429
47603843,CHEF,35-1011.00,Chefs and Head Cooks,1,2431,321,6,5,1,0,4,Science; .NET; Java; JavaScript; Bootstrap; Google,0.1667,0.5738,0.75,0.5059,0.6429
11444536,CHEF,35-1011.00,Chefs and Head Cooks,1,5130,646,2,1,0,1,0,Time Management; Forth,0.5,0.5118,0.5236,0.4668,0.5
25953797,CHEF,35-1011.00,Chefs and Head Cooks,1,1390,176,1,0,1,0,0,Science,1.0,0.2327,0.2327,0.2023,0.2023
23185829,CHEF,35-1011.00,Chefs and Head Cooks,1,4961,771,2,0,1,1,0,Science; Time Management,1.0,0.3781,0.5236,0.318,0.4337
21869994,CHEF,35-1011.00,Chefs and Head Cooks,1,5817,782,1,0,1,0,0,Writing,1.0,0.5483,0.5483,0.4737,0.4737
28424982,CHEF,35-1011.00,Chefs and Head Cooks,1,5245,700,0,0,0,0,0,,0.0,0.0,0.0,0.0,0.0
47317494,CHEF,35-1011.00,Chefs and Head Cooks,1,1349,164,2,1,1,0,1,Science; Microsoft Word,1.0,0.4913,0.75,0.4226,0.6429
29784524,CHEF,35-1011.00,Chefs and Head Cooks,1,5606,730,1,0,0,1,0,Time Management,1.0,0.5236,0.5236,0.4337,0.4337
10001727,CHEF,35-1011.00,Chefs and Head Cooks,1,5198,677,4,1,1,2,0,Science; Programming; Time Management; Ada,0.75,0.3517,0.5236,0.3135,0.5
74522938,CHEF,35-1011.00,Chefs and Head Cooks,1,8602,1033,1,1,0,0,1,PHP,0.0,0.75,0.75,0.6429,0.6429
91591026,CHEF,35-1011.00,Chefs and Head Cooks,1,6310,780,0,0,0,0,0,,0.0,0.0,0.0,0.0,0.0
21511817,CHEF,35-1011.00,Chefs and Head Cooks,1,6266,839,0,0,0,0,0,,0.0,0.0,0.0,0.0,0.0
35468363,CHEF,35-1011.00,Chefs and Head Cooks,1,1130,149,0,0,0,0,0,,0.0,0.0,0.0,0.0,0.0
37231163,CHEF,35-1011.00,Chefs and Head Cooks,1,3527,487,0,0,0,0,0,,0.0,0.0,0.0,0.0,0.0
16924102,CHEF,35-1011.00,Chefs and Head Cooks,1,3642,453,1,0,0,1,0,Negotiation,1.0,0.3998,0.3998,0.3637,0.3637
28092317,CHEF,35-1011.00,Chefs and Head Cooks,1,2282,293,1,0,1,0,0,Science,1.0,0.2327,0.2327,0.2023,0.2023
16855929,CHEF,35-1011.00,Chefs and Head Cooks,1,5630,912,1,0,0,1,0,Programming,1.0,0.1506,0.1506,0.118,0.118
29211359,CHEF,35-1011.00,Chefs and Head Cooks,1,5921,798,2,0,2,0,0,Speaking; Science,1.0,0.4334,0.6342,0.3493,0.4962
27820360,CHEF,35-1011.00,Chefs and Head Cooks,1,6421,903,0,0,0,0,0,,0.0,0.0,0.0,0.0,0.0
48580330,CHEF,35-1011.00,Chefs and Head Cooks,1,6100,891,2,0,2,0,0,Writing; Science,1.0,0.3905,0.5483,0.338,0.4737
29072179,CHEF,35-1011.00,Chefs and Head Cooks,1,6446,864,0,0,0,0,0,,0.0,0.0,0.0,0.0,0.0
94047639,CHEF,35-1011.00,Chefs and Head Cooks,1,10608,1429,1,0,1,0,0,Science,1.0,0.2327,0.2327,0.2023,0.2023
21622444,CHEF,35-1011.00,Chefs and Head Cooks,1,5337,906,1,0,1,0,0,Science,1.0,0.2327,0.2327,0.2023,0.2023
33964275,CHEF,35-1011.00,Chefs and Head Cooks,1,11306,1449,7,3,2,2,1,Writing; Science; Coordination; Programming; Facebook; Instagram; Twitter,0.7143,0.4589,0.75,0.4122,0.6429
21101152,CHEF,35-1011.00,Chefs and Head Cooks,1,8357,1223,0,0,0,0,0,,0.0,0.0,0.0,0.0,0.0
25128608,CHEF,35-1011.00,Chefs and Head Cooks,1,5547,716,0,0,0,0,0,,0.0,0.0,0.0,0.0,0.0
18825446,CHEF,35-1011.00,Chefs and Head Cooks,1,7887,1030,1,0,0,1,0,Coordination,1.0,0.5305,0.5305,0.4487,0.4487
61322296,CHEF,35-1011.00,Chefs and Head Cooks,1,6260,911,2,0,1,1,0,Science; Instructing,1.0,0.345,0.4573,0.308,0.4137
20817322,CHEF,35-1011.00,Chefs and Head Cooks,1,5136,713,1,1,0,0,1,Microsoft Excel,1.0,0.75,0.75,0.6429,0.6429
29449419,CHEF,35-1011.00,Chefs and Head Cooks,1,5522,716,2,1,1,0,0,Science; Quicken,0.5,0.3663,0.5,0.3512,0.5
20321582,CHEF,35-1011.00,Chefs and Head Cooks,1,6785,844,0,0,0,0,0,,0.0,0.0,0.0,0.0,0.0
19285236,CHEF,35-1011.00,Chefs and Head Cooks,1,6087,804,2,0,2,0,0,Speaking; Critical Thinking,1.0,0.6318,0.6342,0.5039,0.5116
13264154,CHEF,35-1011.00,Chefs and Head Cooks,1,6498,877,1,1,0,0,1,Microsoft Word,1.0,0.75,0.75,0.6429,0.6429
47729453,CHEF,35-1011.00,Chefs and Head Cooks,1,5240,701,1,0,0,1,0,Time Management,1.0,0.5236,0.5236,0.4337,0.4337
51554903,CHEF,35-1011.00,Chefs and Head Cooks,1,6129,868,0,0,0,0,0,,0.0,0.0,0.0,0.0,0.0
14569498,CHEF,35-1011.00,Chefs and Head Cooks,1,3755,460,2,0,1,1,0,Monitoring; Negotiation,1.0,0.4886,0.5774,0.4233,0.483
22561438,CHEF,35-1011.00,Chefs and Head Cooks,1,2008,271,0,0,0,0,0,,0.0,0.0,0.0,0.0,0.0
12420359,CHEF,35-1011.00,Chefs and Head Cooks,1,5612,781,0,0,0,0,0,,0.0,0.0,0.0,0.0,0.0
16248476,CHEF,35-1011.00,Chefs and Head Cooks,1,2077,257,0,0,0,0,0,,0.0,0.0,0.0,0.0,0.0
10653119,CHEF,35-1011.00,Chefs and Head Cooks,1,8390,1120,3,1,1,1,0,Science; Equipment Maintenance; Forth,0.6667,0.3024,0.5,0.2837,0.5
11209758,CHEF,35-1011.00,Chefs and Head Cooks,1,6468,833,4,3,1,0,2,Science; Facebook; Google; Microsoft Word,0.75,0.5738,0.75,0.5059,0.6429
86551046,CHEF,35-1011.00,Chefs and Head Cooks,1,2734,399,0,0,0,0,0,,0.0,0.0,0.0,0.0,0.0
23807940,CHEF,35-1011.00,Chefs and Head Cooks,1,7744,1038,1,0,0,1,0,Coordination,1.0,0.5305,0.5305,0.4487,0.4487
29775391,CHEF,35-1011.00,Chefs and Head Cooks,1,9794,1222,4,1,1,2,0,Writing; Coordination; Time Management; Inventory management systems,0.75,0.5385,0.5517,0.4714,0.5296
53265899,CHEF,35-1011.00,Chefs and Head Cooks,1,6482,869,1,0,1,0,0,Science,1.0,0.2327,0.2327,0.2023,0.2023
38309905,CHEF,35-1011.00,Chefs and Head Cooks,1,5804,742,0,0,0,0,0,,0.0,0.0,0.0,0.0,0.0
29772450,CHEF,35-1011.00,Chefs and Head Cooks,1,3794,512,0,0,0,0,0,,0.0,0.0,0.0,0.0,0.0
21334981,CHEF,35-1011.00,Chefs and Head Cooks,1,6062,779,2,0,2,0,0,Active Listening; Science,1.0,0.4408,0.649,0.3554,0.5086
10276858,CHEF,35-1011.00,Chefs and Head Cooks,1,5829,757,0,0,0,0,0,,0.0,0.0,0.0,0.0,0.0
10588874,CHEF,35-1011.00,Chefs and Head Cooks,1,6880,911,4,1,1,2,0,Science; Complex Problem Solving; Time Management; Quicken,0.75,0.4522,0.5525,0.3968,0.5
35157762,CHEF,35-1011.00,Chefs and Head Cooks,1,5850,731,2,2,0,0,2,Microsoft Windows; Microsoft Word,0.5,0.75,0.75,0.6429,0.6429
91072502,CHEF,35-1011.00,Chefs and Head Cooks,1,5369,732,0,0,0,0,0,,0.0,0.0,0.0,0.0,0.0
13212436,CHEF,35-1011.00,Chefs and Head Cooks,1,7016,950,1,0,0,1,0,Negotiation,1.0,0.3998,0.3998,0.3637,0.3637
15261348,CHEF,35-1011.00,Chefs and Head Cooks,1,5152,627,1,0,1,0,0,Science,1.0,0.2327,0.2327,0.2023,0.2023
27662298,CHEF,35-1011.00,Chefs and Head Cooks,1,6318,793,0,0,0,0,0,,0.0,0.0,0.0,0.0,0.0
16066857,CHEF,35-1011.00,Chefs and Head Cooks,1,6694,867,0,0,0,0,0,,0.0,0.0,0.0,0.0,0.0
30337969,CHEF,35-1011.00,Chefs and Head Cooks,1,6136,743,2,0,2,0,0,Science; Monitoring,1.0,0.405,0.5774,0.3426,0.483
10333299,CHEF,35-1011.00,Chefs and Head Cooks,1,5903,711,3,0,2,1,0,Writing; Speaking; Time Management,1.0,0.5687,0.6342,0.4679,0.4962
28396528,CHEF,35-1011.00,Chefs and Head Cooks,1,8810,1125,0,0,0,0,0,,0.0,0.0,0.0,0.0,0.0
19268120,CHEF,35-1011.00,Chefs and Head Cooks,1,7394,1018,1,0,1,0,0,Science,1.0,0.2327,0.2327,0.2023,0.2023
20691949,CHEF,35-1011.00,Chefs and Head Cooks,1,3254,433,2,0,1,1,0,Critical Thinking; Time Management,1.0,0.5765,0.6295,0.4726,0.5116
26189601,CHEF,35-1011.00,Chefs and Head Cooks,1,5316,739,0,0,0,0,0,,0.0,0.0,0.0,0.0,0.0
30826569,CHEF,35-1011.00,Chefs and Head Cooks,1,5886,731,1,0,1,0,0,Science,1.0,0.2327,0.2327,0.2023,0.2023
91268638,CHEF,35-1011.00,Chefs and Head Cooks,1,6623,903,0,0,0,0,0,,0.0,0.0,0.0,0.0,0.0
18036030,CHEF,35-1011.00,Chefs and Head Cooks,1,5359,714,0,0,0,0,0,,0.0,0.0,0.0,0.0,0.0
36366044,CHEF,35-1011.00,Chefs and Head Cooks,1,9066,1242,7,1,3,3,1,Writing; Speaking; Science; Coordination; Negotiation; Time Management; Microsoft Word,1.0,0.517,0.75,0.4373,0.6429
23398733,CHEF,35-1011.00,Chefs and Head Cooks,1,1716,192,1,0,1,0,0,Science,1.0,0.2327,0.2327,0.2023,0.2023
29990140,CHEF,35-1011.00,Chefs and Head Cooks,1,6632,862,2,1,0,1,1,Time Management; TypeScript,0.5,0.6368,0.75,0.5383,0.6429
30128072,CHEF,35-1011.00,Chefs and Head Cooks,1,2181,274,2,0,2,0,0,Mathematics; Science,1.0,0.3104,0.3882,0.2832,0.3641
28176889,CHEF,35-1011.00,Chefs and Head Cooks,1,3104,405,1,0,1,0,0,Speaking,1.0,0.6342,0.6342,0.4962,0.4962
10889157,CHEF,35-1011.00,Chefs and Head Cooks,1,7100,1158,0,0,0,0,0,,0.0,0.0,0.0,0.0,0.0
19951766,CHEF,35-1011.00,Chefs and Head Cooks,1,5654,764,1,0,0,1,0,Equipment Maintenance,1.0,0.1744,0.1744,0.1487,0.1487
57262959,CHEF,35-1011.00,Chefs and Head Cooks,1,5516,661,0,0,0,0,0,,0.0,0.0,0.0,0.0,0.0
20033302,CHEF,35-1011.00,Chefs and Head Cooks,1,5838,736,4,3,1,0,2,Science; Google; Google Docs; Microsoft Word,0.5,0.5738,0.75,0.5059,0.6429
24709432,CHEF,35-1011.00,Chefs and Head Cooks,1,5125,650,3,2,1,0,2,Science; React; Microsoft Word,0.6667,0.5776,0.75,0.496,0.6429
62555739,CHEF,35-1011.00,Chefs and Head Cooks,1,7298,967,5,2,2,1,1,Active Listening; Critical Thinking; Time Management; Adobe Illustrator; Calendar software,0.6,0.6104,0.75,0.5193,0.6429
31547476,CHEF,35-1011.00,Chefs and Head Cooks,1,5536,688,2,0,1,1,0,Science; Troubleshooting,1.0,0.2448,0.2568,0.2106,0.2188
18480859,CHEF,35-1011.00,Chefs and Head Cooks,1,5884,793,0,0,0,0,0,,0.0,0.0,0.0,0.0,0.0
12254068,CHEF,35-1011.00,Chefs and Head Cooks,1,6777,896,1,0,1,0,0,Science,1.0,0.2327,0.2327,0.2023,0.2023
11432686,CHEF,35-1011.00,Chefs and Head Cooks,1,10901,1417,8,4,2,2,3,Writing; Critical Thinking; Coordination; Persuasion; Facebook; Microsoft Access; Microsoft Dynamics; Microsoft Project,0.625,0.6115,0.75,0.532,0.6429
25452321,CHEF,35-1011.00,Chefs and Head Cooks,1,7618,1113,1,0,0,1,0,Time Management,1.0,0.5236,0.5236,0.4337,0.4337
28230807,CHEF,35-1011.00,Chefs and Head Cooks,1,6872,931,1,0,0,1,0,Instructing,1.0,0.4573,0.4573,0.4137,0.4137
15354126,CHEF,35-1011.00,Chefs and Head Cooks,1,5091,696,2,1,1,0,1,Science; Microsoft Word,1.0,0.4913,0.75,0.4226,0.6429
12155206,CHEF,35-1011.00,Chefs and Head Cooks,1,5327,648,4,0,3,1,0,Speaking; Science; Learning Strategies; Time Management,1.0,0.4593,0.6342,0.3849,0.4962
27298953,CHEF,35-1011.00,Chefs and Head Cooks,1,7137,869,3,0,2,1,0,Writing; Science; Installation,1.0,0.2806,0.5483,0.2425,0.4737
68338341,CHEF,35-1011.00,Chefs and Head Cooks,1,5521,769,1,0,1,0,0,Science,1.0,0.2327,0.2327,0.2023,0.2023
22349169,CHEF,35-1011.00,Chefs and Head Cooks,1,5274,675,0,0,0,0,0,,0.0,0.0,0.0,0.0,0.0
11877150,FINANCE,13-2051.00,Financial and Investment Analysts,1,3547,464,2,0,1,1,0,Critical Thinking; Time Management,0.0,0.5765,0.6295,0.4726,0.5116
86549455,FINANCE,13-2051.00,Financial and Investment Analysts,1,3096,373,2,0,2,0,0,Speaking; Science,0.0,0.4334,0.6342,0.3493,0.4962
26530575,FINANCE,13-2051.00,Financial and Investment Analysts,1,10236,1203,2,1,0,1,1,Negotiation; Microsoft Word,0.5,0.5749,0.75,0.5033,0.6429
23955183,FINANCE,13-2051.00,Financial and Investment Analysts,1,5886,744,2,0,1,1,0,Science; Complex Problem Solving,0.0,0.3926,0.5525,0.3268,0.4512
24854026,FINANCE,13-2051.00,Financial and Investment Analysts,1,3565,432,2,1,1,0,1,Science; SQL,0.0,0.2327,0.2327,0.2023,0.2023
48285304,FINANCE,13-2051.00,Financial and Investment Analysts,1,4260,531,2,1,1,0,0,Science; Quicken,0.0,0.3663,0.5,0.3512,0.5
14722634,FINANCE,13-2051.00,Financial and Investment Analysts,1,7276,968,1,0,0,1,0,Negotiation,0.0,0.3998,0.3998,0.3637,0.3637
27789372,FINANCE,13-2051.00,Financial and Investment Analysts,1,2076,256,2,1,1,0,1,Science; Microsoft Excel,0.5,0.4913,0.75,0.4226,0.6429
26767199,FINANCE,13-2051.00,Financial and Investment Analysts,1,5779,741,3,0,3,0,0,Writing; Science; Monitoring,0.0,0.4528,0.5774,0.3863,0.483
15891494,FINANCE,13-2051.00,Financial and Investment Analysts,1,7066,869,6,0,3,3,0,Active Listening; Science; Monitoring; Quality Control Analysis; Judgment and Decision Making; Time Management,0.0,0.4826,0.649,0.3985,0.5086
78229715,FINANCE,13-2051.00,Financial and Investment Analysts,1,6521,805,2,1,0,1,1,Time Management; Microsoft Excel,0.5,0.6368,0.75,0.5383,0.6429
22720697,FINANCE,13-2051.00,Financial and Investment Analysts,1,5444,718,4,2,1,1,2,Writing; Programming; Microsoft Outlook; Microsoft Word,0.5,0.5497,0.75,0.4693,0.6429
70541112,FINANCE,13-2051.00,Financial and Investment Analysts,1,8546,1083,4,1,1,2,1,Science; Complex Problem Solving; Time Management; SQL,0.0,0.4363,0.5525,0.3624,0.4512
20705888,FINANCE,13-2051.00,Financial and Investment Analysts,1,5721,720,6,4,2,0,4,Writing; Science; Microsoft Excel; Microsoft Outlook; Microsoft PowerPoint; Microsoft Word,0.6667,0.6302,0.75,0.5412,0.6429
28522529,FINANCE,13-2051.00,Financial and Investment Analysts,1,5845,758,2,0,1,1,0,Monitoring; Negotiation,0.0,0.4886,0.5774,0.4233,0.483
19147603,FINANCE,13-2051.00,Financial and Investment Analysts,1,5196,650,1,0,1,0,0,Science,0.0,0.2327,0.2327,0.2023,0.2023
11490673,FINANCE,13-2051.00,Financial and Investment Analysts,1,5170,627,1,0,1,0,0,Science,0.0,0.2327,0.2327,0.2023,0.2023
84356308,FINANCE,13-2051.00,Financial and Investment Analysts,1,10154,1281,3,0,2,1,0,Mathematics; Science; Negotiation,0.0,0.3402,0.3998,0.31,0.3641
91564103,FINANCE,13-2051.00,Financial and Investment Analysts,1,6144,750,1,1,0,0,0,Quicken,0.0,0.5,0.5,0.5,0.5
22622351,FINANCE,13-2051.00,Financial and Investment Analysts,1,5602,723,1,1,0,0,0,Tax software,1.0,0.5147,0.5147,0.5084,0.5084
61634281,FINANCE,13-2051.00,Financial and Investment Analysts,1,4349,550,2,2,0,0,1,Google; Google Analytics,0.0,0.6562,0.75,0.5893,0.6429
24530382,FINANCE,13-2051.00,Financial and Investment Analysts,1,7685,957,1,0,1,0,0,Science,0.0,0.2327,0.2327,0.2023,0.2023
27018361,FINANCE,13-2051.00,Financial and Investment Analysts,1,5727,829,2,0,1,1,0,Critical Thinking; Negotiation,0.0,0.5146,0.6295,0.4376,0.5116
92524964,FINANCE,13-2051.00,Financial and Investment Analysts,1,5776,772,3,2,1,0,1,Monitoring; Unix; dBASE,0.0,0.6091,0.75,0.5419,0.6429
19405513,FINANCE,13-2051.00,Financial and Investment Analysts,1,5114,661,3,0,1,2,0,Science; Troubleshooting; Time Management,0.0,0.3377,0.5236,0.2849,0.4337
17775916,FINANCE,13-2051.00,Financial and Investment Analysts,1,6699,903,2,0,0,2,0,Negotiation; Time Management,0.0,0.4617,0.5236,0.3987,0.4337
18975686,FINANCE,13-2051.00,Financial and Investment Analysts,1,5976,771,1,0,0,1,0,Time Management,0.0,0.5236,0.5236,0.4337,0.4337
28758002,FINANCE,13-2051.00,Financial and Investment Analysts,1,5948,717,1,0,1,0,0,Science,0.0,0.2327,0.2327,0.2023,0.2023
59938965,FINANCE,13-2051.00,Financial and Investment Analysts,1,2707,334,0,0,0,0,0,,0.0,0.0,0.0,0.0,0.0
28396458,FINANCE,13-2051.00,Financial and Investment Analysts,1,8645,1110,0,0,0,0,0,,0.0,0.0,0.0,0.0,0.0
27914096,FINANCE,13-2051.00,Financial and Investment Analysts,1,5743,751,3,3,0,0,3,Microsoft Access; Microsoft Outlook; Microsoft Word,1.0,0.75,0.75,0.6429,0.6429
57088974,FINANCE,13-2051.00,Financial and Investment Analysts,1,5545,689,3,0,0,3,0,Coordination; Complex Problem Solving; Time Management,0.0,0.5355,0.5525,0.4445,0.4512
26231609,FINANCE,13-2051.00,Financial and Investment Analysts,1,5639,714,2,1,1,0,1,Science; Tableau,0.5,0.4913,0.75,0.4226,0.6429
20836112,FINANCE,13-2051.00,Financial and Investment Analysts,1,3696,477,3,0,2,1,0,Writing; Speaking; Programming,0.0,0.4443,0.6342,0.3626,0.4962
26961846,FINANCE,13-2051.00,Financial and Investment Analysts,1,6705,1009,2,1,1,0,1,Science; PHP,0.0,0.4913,0.75,0.4226,0.6429
37931076,FINANCE,13-2051.00,Financial and Investment Analysts,1,3221,400,0,0,0,0,0,,0.0,0.0,0.0,0.0,0.0
16426777,FINANCE,13-2051.00,Financial and Investment Analysts,1,8381,1093,2,0,2,0,0,Mathematics; Science,0.0,0.3104,0.3882,0.2832,0.3641
26750846,FINANCE,13-2051.00,Financial and Investment Analysts,1,5400,672,3,2,0,1,1,Time Management; Microsoft Windows; Microsoft Windows XP,0.0,0.5912,0.75,0.5255,0.6429
28623782,FINANCE,13-2051.00,Financial and Investment Analysts,1,8151,1026,1,0,1,0,0,Science,0.0,0.2327,0.2327,0.2023,0.2023
81677620,FINANCE,13-2051.00,Financial and Investment Analysts,1,9741,1255,3,0,1,2,0,Monitoring; Coordination; Negotiation,0.0,0.5026,0.5774,0.4318,0.483
14413148,FINANCE,13-2051.00,Financial and Investment Analysts,1,6226,798,3,0,2,1,0,Science; Monitoring; Negotiation,0.0,0.4033,0.5774,0.3497,0.483
76454959,FINANCE,13-2051.00,Financial and Investment Analysts,1,5722,764,2,1,1,0,1,Monitoring; Microsoft Office software,0.5,0.6637,0.75,0.5629,0.6429
11441764,FINANCE,13-2051.00,Financial and Investment Analysts,1,6192,795,4,3,1,0,3,Science; SQL; SAP software; SAS,0.5,0.5776,0.75,0.496,0.6429
24411323,FINANCE,13-2051.00,Financial and Investment Analysts,1,3276,407,1,0,0,1,0,Negotiation,0.0,0.3998,0.3998,0.3637,0.3637
33685988,FINANCE,13-2051.00,Financial and Investment Analysts,1,5048,684,1,0,1,0,0,Science,0.0,0.2327,0.2327,0.2023,0.2023
62850928,FINANCE,13-2051.00,Financial and Investment Analysts,1,5512,717,4,1,1,2,0,Science; Installation; Time Management; Budgeting software,0.0,0.3293,0.5236,0.2968,0.5
34250007,FINANCE,13-2051.00,Financial and Investment Analysts,1,5677,755,1,1,0,0,1,Tableau,1.0,0.75,0.75,0.6429,0.6429
74849878,FINANCE,13-2051.00,Financial and Investment Analysts,1,2442,280,2,1,1,0,1,Monitoring; Microsoft Word,0.5,0.6637,0.75,0.5629,0.6429
25497147,FINANCE,13-2051.00,Financial and Investment Analysts,1,5413,637,0,0,0,0,0,,0.0,0.0,0.0,0.0,0.0
31948488,FINANCE,13-2051.00,Financial and Investment Analysts,1,5216,622,3,3,0,0,3,Microsoft Excel; Microsoft Project; Microsoft Word,1.0,0.75,0.75,0.6429,0.6429
18640927,FINANCE,13-2051.00,Financial and Investment Analysts,1,7302,1015,2,1,0,1,0,Time Management; Forth,0.0,0.5118,0.5236,0.4668,0.5
77638654,FINANCE,13-2051.00,Financial and Investment Analysts,1,5635,691,4,1,1,2,1,Critical Thinking; Installation; Time Management; Microsoft Outlook,0.25,0.491,0.75,0.4099,0.6429
38441665,FINANCE,13-2051.00,Financial and Investment Analysts,1,5357,648,5,1,2,2,0,Science; Monitoring; Coordination; Service Orientation; Microsoft Dynamics,0.2,0.4651,0.5774,0.4085,0.5
18072085,FINANCE,13-2051.00,Financial and Investment Analysts,1,6762,902,1,0,1,0,0,Monitoring,0.0,0.5774,0.5774,0.483,0.483
14408510,FINANCE,13-2051.00,Financial and Investment Analysts,1,5049,625,1,1,0,0,1,Microsoft Excel,1.0,0.75,0.75,0.6429,0.6429
12858898,FINANCE,13-2051.00,Financial and Investment Analysts,1,5705,702,1,0,0,1,0,Coordination,0.0,0.5305,0.5305,0.4487,0.4487
24670867,FINANCE,13-2051.00,Financial and Investment Analysts,1,9468,1211,0,0,0,0,0,,0.0,0.0,0.0,0.0,0.0
29648950,FINANCE,13-2051.00,Financial and Investment Analysts,1,5254,764,1,0,1,0,0,Science,0.0,0.2327,0.2327,0.2023,0.2023
27330027,FINANCE,13-2051.00,Financial and Investment Analysts,1,5165,636,1,1,0,0,1,SAS,1.0,0.75,0.75,0.6429,0.6429
17880988,FINANCE,13-2051.00,Financial and Investment Analysts,1,7793,993,2,1,1,0,1,Monitoring; Slack,0.0,0.6637,0.75,0.5629,0.6429
15011085,FINANCE,13-2051.00,Financial and Investment Analysts,1,20698,2667,3,0,1,2,0,Science; Coordination; Operations Analysis,0.0,0.3378,0.5305,0.2938,0.4487
20977412,FINANCE,13-2051.00,Financial and Investment Analysts,1,7601,951,5,4,1,0,4,Writing; SQL; Facebook; Microsoft Outlook; Microsoft PowerPoint,0.4,0.6996,0.75,0.6006,0.6429
26013403,FINANCE,13-2051.00,Financial and Investment Analysts,1,5859,742,2,1,1,0,1,Writing; SQL,0.0,0.5483,0.5483,0.4737,0.4737
84373843,FINANCE,13-2051.00,Financial and Investment Analysts,1,5631,867,3,1,1,1,0,Critical Thinking; Time Management; Quicken,0.0,0.551,0.6295,0.4818,0.5116
21912637,FINANCE,13-2051.00,Financial and Investment Analysts,1,5891,723,3,2,0,1,1,Time Management; Financial accounting software; Microsoft Word,0.3333,0.5912,0.75,0.5255,0.6429
14181049,FINANCE,13-2051.00,Financial and Investment Analysts,1,9293,1274,4,2,2,0,1,Writing; Science; SQL; Minitab,0.0,0.427,0.5483,0.392,0.5
29998869,FINANCE,13-2051.00,Financial and Investment Analysts,1,7174,974,1,0,1,0,0,Critical Thinking,0.0,0.6295,0.6295,0.5116,0.5116
18024825,FINANCE,13-2051.00,Financial and Investment Analysts,1,5480,734,6,3,2,1,3,Science; Critical Thinking; Complex Problem Solving; C++; SQL; SAS,0.1667,0.5829,0.75,0.4902,0.6429
28973180,FINANCE,13-2051.00,Financial and Investment Analysts,1,9036,1246,3,0,2,1,0,Science; Monitoring; Instructing,0.0,0.4225,0.5774,0.3663,0.483
23573064,FINANCE,13-2051.00,Financial and Investment Analysts,1,5919,758,2,0,1,1,0,Monitoring; Negotiation,0.0,0.4886,0.5774,0.4233,0.483
10549585,FINANCE,13-2051.00,Financial and Investment Analysts,1,6037,737,7,3,2,2,2,Writing; Science; Negotiation; Installation; C++; Java; Educational software,0.0,0.4153,0.75,0.3723,0.6429
23354541,FINANCE,13-2051.00,Financial and Investment Analysts,1,2521,287,1,0,1,0,0,Science,0.0,0.2327,0.2327,0.2023,0.2023
29494962,FINANCE,13-2051.00,Financial and Investment Analysts,1,5441,698,2,0,1,1,0,Science; Time Management,0.0,0.3781,0.5236,0.318,0.4337
81217013,FINANCE,13-2051.00,Financial and Investment Analysts,1,8641,1210,2,0,0,2,0,Coordination; Time Management,0.0,0.527,0.5305,0.4412,0.4487
39675895,FINANCE,13-2051.00,Financial and Investment Analysts,1,5499,724,2,0,1,1,0,Science; Coordination,0.0,0.3816,0.5305,0.3255,0.4487
12071138,FINANCE,13-2051.00,Financial and Investment Analysts,1,10878,1382,2,0,1,1,0,Monitoring; Coordination,0.0,0.5539,0.5774,0.4658,0.483
25330083,FINANCE,13-2051.00,Financial and Investment Analysts,1,5492,694,3,0,1,2,0,Science; Complex Problem Solving; Time Management,0.0,0.4363,0.5525,0.3624,0.4512
69487178,FINANCE,13-2051.00,Financial and Investment Analysts,1,5005,620,2,0,1,1,0,Science; Coordination,0.0,0.3816,0.5305,0.3255,0.4487
86595128,FINANCE,13-2051.00,Financial and Investment Analysts,1,5125,681,1,0,1,0,0,Science,0.0,0.2327,0.2327,0.2023,0.2023
74512244,FINANCE,13-2051.00,Financial and Investment Analysts,1,5675,693,3,1,1,1,0,Science; Time Management; Scheme,0.0,0.4188,0.5236,0.3787,0.5
25678238,FINANCE,13-2051.00,Financial and Investment Analysts,1,7325,916,0,0,0,0,0,,0.0,0.0,0.0,0.0,0.0
38907798,FINANCE,13-2051.00,Financial and Investment Analysts,1,5468,689,4,3,1,0,3,Science; Microsoft Excel; Microsoft PowerPoint; Microsoft Word,0.75,0.6207,0.75,0.5327,0.6429
58165257,FINANCE,13-2051.00,Financial and Investment Analysts,1,5909,751,1,0,1,0,0,Science,0.0,0.2327,0.2327,0.2023,0.2023
93653247,FINANCE,13-2051.00,Financial and Investment Analysts,1,7275,914,1,0,1,0,0,Science,0.0,0.2327,0.2327,0.2023,0.2023
29612672,FINANCE,13-2051.00,Financial and Investment Analysts,1,5875,822,3,1,1,1,1,Critical Thinking; Time Management; Microsoft Excel,0.3333,0.6344,0.75,0.5294,0.6429
66741193,FINANCE,13-2051.00,Financial and Investment Analysts,1,7461,963,1,0,1,0,0,Science,0.0,0.2327,0.2327,0.2023,0.2023
24553863,FINANCE,13-2051.00,Financial and Investment Analysts,1,6110,845,1,1,0,0,1,SAP ERP,0.0,0.75,0.75,0.6429,0.6429
16449850,FINANCE,13-2051.00,Financial and Investment Analysts,1,5189,683,0,0,0,0,0,,0.0,0.0,0.0,0.0,0.0
47410104,FINANCE,13-2051.00,Financial and Investment Analysts,1,5143,645,1,0,1,0,0,Science,0.0,0.2327,0.2327,0.2023,0.2023
38225199,FINANCE,13-2051.00,Financial and Investment Analysts,1,6295,820,1,0,1,0,0,Science,0.0,0.2327,0.2327,0.2023,0.2023
14106638,FINANCE,13-2051.00,Financial and Investment Analysts,1,8628,1099,2,0,2,0,0,Science; Monitoring,0.0,0.405,0.5774,0.3426,0.483
19243556,FINANCE,13-2051.00,Financial and Investment Analysts,1,5781,727,0,0,0,0,0,,0.0,0.0,0.0,0.0,0.0
20880935,FINANCE,13-2051.00,Financial and Investment Analysts,1,5562,724,0,0,0,0,0,,0.0,0.0,0.0,0.0,0.0
95519832,FINANCE,13-2051.00,Financial and Investment Analysts,1,3035,401,1,1,0,0,1,Swift,0.0,0.75,0.75,0.6429,0.6429
39295103,FINANCE,13-2051.00,Financial and Investment Analysts,1,6219,647,7,2,3,2,2,Science; Critical Thinking; Monitoring; Service Orientation; Time Management; Microsoft Excel; Microsoft Word,0.2857,0.564,0.75,0.475,0.6429
25101183,FINANCE,13-2051.00,Financial and Investment Analysts,1,7764,951,1,0,1,0,0,Science,0.0,0.2327,0.2327,0.2023,0.2023
88038965,FINANCE,13-2051.00,Financial and Investment Analysts,1,6208,807,1,0,1,0,0,Science,0.0,0.2327,0.2327,0.2023,0.2023
17392859,FINANCE,13-2051.00,Financial and Investment Analysts,1,6805,866,2,0,2,0,0,Science; Monitoring,0.0,0.405,0.5774,0.3426,0.483
20969845,FINANCE,13-2051.00,Financial and Investment Analysts,1,4158,533,3,1,1,1,1,Monitoring; Time Management; Adobe Photoshop,0.0,0.617,0.75,0.5198,0.6429
20275356,FINANCE,13-2051.00,Financial and Investment Analysts,1,5054,701,2,0,1,1,0,Science; Coordination,0.0,0.3816,0.5305,0.3255,0.4487
59818742,FINANCE,13-2051.00,Financial and Investment Analysts,1,6775,936,2,0,0,2,0,Complex Problem Solving; Time Management,0.0,0.5381,0.5525,0.4424,0.4512
72136463,FINANCE,13-2051.00,Financial and Investment Analysts,1,8232,989,7,4,1,2,2,Writing; Coordination; Time Management; Adobe Illustrator; FileMaker Pro; Intuit QuickBooks; QuarkXPress,0.2857,0.586,0.75,0.5202,0.6429
98513424,FINANCE,13-2051.00,Financial and Investment Analysts,1,7338,959,1,0,1,0,0,Science,0.0,0.2327,0.2327,0.2023,0.2023
15717923,FINANCE,13-2051.00,Financial and Investment Analysts,1,5570,774,2,0,2,0,0,Science; Monitoring,0.0,0.405,0.5774,0.3426,0.483
24833063,FINANCE,13-2051.00,Financial and Investment Analysts,1,11123,1440,2,0,1,1,0,Science; Time Management,0.0,0.3781,0.5236,0.318,0.4337
15792052,FINANCE,13-2051.00,Financial and Investment Analysts,1,5558,714,0,0,0,0,0,,0.0,0.0,0.0,0.0,0.0
59450123,FINANCE,13-2051.00,Financial and Investment Analysts,1,6722,955,3,1,1,1,0,Monitoring; Time Management; DataVision,0.0,0.5337,0.5774,0.4722,0.5
24611721,FINANCE,13-2051.00,Financial and Investment Analysts,1,5097,634,0,0,0,0,0,,0.0,0.0,0.0,0.0,0.0
15224503,FINANCE,13-2051.00,Financial and Investment Analysts,1,5851,768,1,0,0,1,0,Coordination,0.0,0.5305,0.5305,0.4487,0.4487
27409087,FINANCE,13-2051.00,Financial and Investment Analysts,1,10227,1297,4,1,2,1,1,Science; Monitoring; Time Management; SAP ERP,0.0,0.5209,0.75,0.4404,0.6429
20918464,FINANCE,13-2051.00,Financial and Investment Analysts,1,7193,855,3,1,1,1,0,Monitoring; Programming; Scheme,0.0,0.4093,0.5774,0.367,0.5
19540089,FINANCE,13-2051.00,Financial and Investment Analysts,1,8599,1136,0,0,0,0,0,,0.0,0.0,0.0,0.0,0.0
28724469,FINANCE,13-2051.00,Financial and Investment Analysts,1,7286,934,2,1,1,0,1,Critical Thinking; Microsoft Project,0.5,0.6897,0.75,0.5772,0.6429
18636651,FINANCE,13-2051.00,Financial and Investment Analysts,1,7196,908,3,2,0,1,0,Negotiation; Microsoft Dynamics; Microsoft Dynamics GP,0.6667,0.4666,0.5,0.4546,0.5
59777056,FINANCE,13-2051.00,Financial and Investment Analysts,1,5272,634,4,2,1,1,2,Science; Time Management; Microsoft Excel; WordPress,0.25,0.5641,0.75,0.4804,0.6429
22492537,FINANCE,13-2051.00,Financial and Investment Analysts,1,6209,745,1,1,0,0,1,Microsoft Windows,0.0,0.75,0.75,0.6429,0.6429
24967652,FINANCE,13-2051.00,Financial and Investment Analysts,1,9511,1240,2,0,2,0,0,Writing; Science,0.0,0.3905,0.5483,0.338,0.4737
24533931,APPAREL,unmapped,unmapped,0,1970,250,1,0,0,1,0,Time Management,0.0,0.5236,0.5236,0.4337,0.4337
21807211,APPAREL,unmapped,unmapped,0,6304,793,6,5,1,0,5,Science; Microsoft Excel; Microsoft Outlook; Microsoft PowerPoint; Microsoft Visio; Microsoft Word,0.0,0.6638,0.75,0.5694,0.6429
71767359,APPAREL,unmapped,unmapped,0,9176,1289,0,0,0,0,0,,0.0,0.0,0.0,0.0,0.0
27694040,APPAREL,unmapped,unmapped,0,2250,265,2,1,1,0,1,Science; Adobe Photoshop,0.0,0.4913,0.75,0.4226,0.6429
15535408,APPAREL,unmapped,unmapped,0,5533,674,1,0,1,0,0,Monitoring,0.0,0.5774,0.5774,0.483,0.483
13386301,APPAREL,unmapped,unmapped,0,6825,920,1,1,0,0,1,Microsoft Excel,0.0,0.75,0.75,0.6429,0.6429
27091280,APPAREL,unmapped,unmapped,0,8073,1225,1,0,1,0,0,Science,0.0,0.2327,0.2327,0.2023,0.2023
14413257,APPAREL,unmapped,unmapped,0,6706,788,3,1,1,1,1,Mathematics; Complex Problem Solving; PHP,0.0,0.5636,0.75,0.4861,0.6429
11677077,APPAREL,unmapped,unmapped,0,8022,1110,2,0,1,1,0,Monitoring; Time Management,0.0,0.5505,0.5774,0.4583,0.483
29521434,APPAREL,unmapped,unmapped,0,2323,283,2,0,1,1,0,Critical Thinking; Time Management,0.0,0.5765,0.6295,0.4726,0.5116
50324968,APPAREL,unmapped,unmapped,0,2947,402,2,1,1,0,1,Writing; Microsoft Word,0.0,0.6491,0.75,0.5583,0.6429
13764840,APPAREL,unmapped,unmapped,0,2377,291,4,3,0,1,3,Time Management; Microsoft Excel; Microsoft PowerPoint; Microsoft Word,0.0,0.6934,0.75,0.5906,0.6429
19070271,APPAREL,unmapped,unmapped,0,6552,813,2,0,0,2,0,Installation; Troubleshooting,0.0,0.1588,0.2568,0.1351,0.2188
56151548,APPAREL,unmapped,unmapped,0,5008,654,2,0,2,0,0,Writing; Monitoring,0.0,0.5628,0.5774,0.4783,0.483
16391949,APPAREL,unmapped,unmapped,0,5322,675,1,0,1,0,0,Active Listening,0.0,0.649,0.649,0.5086,0.5086
13418452,APPAREL,unmapped,unmapped,0,7801,992,7,5,0,2,3,Installation; Troubleshooting; Unix; Adobe Acrobat; McAfee; Remote control software; SAS,0.0,0.5097,0.75,0.457,0.6429
27099856,APPAREL,unmapped,unmapped,0,7117,979,1,0,0,1,0,Negotiation,0.0,0.3998,0.3998,0.3637,0.3637
26046878,APPAREL,unmapped,unmapped,0,4930,647,0,0,0,0,0,,0.0,0.0,0.0,0.0,0.0
35121930,APPAREL,unmapped,unmapped,0,5659,784,1,0,1,0,0,Science,0.0,0.2327,0.2327,0.2023,0.2023
10182582,APPAREL,unmapped,unmapped,0,2499,302,1,1,0,0,1,Microsoft Outlook,0.0,0.75,0.75,0.6429,0.6429
12669075,APPAREL,unmapped,unmapped,0,5051,620,0,0,0,0,0,,0.0,0.0,0.0,0.0,0.0
16915389,APPAREL,unmapped,unmapped,0,2596,332,0,0,0,0,0,,0.0,0.0,0.0,0.0,0.0
12668625,APPAREL,unmapped,unmapped,0,5551,826,1,0,0,1,0,Time Management,0.0,0.5236,0.5236,0.4337,0.4337
14698557,APPAREL,unmapped,unmapped,0,5135,669,1,0,1,0,0,Science,0.0,0.2327,0.2327,0.2023,0.2023
27549075,APPAREL,unmapped,unmapped,0,5282,639,3,1,1,1,1,Writing; Coordination; Microsoft Word,0.0,0.6096,0.75,0.5217,0.6429
31225895,APPAREL,unmapped,unmapped,0,5168,703,3,0,3,0,0,Speaking; Science; Monitoring,0.0,0.4814,0.6342,0.3938,0.4962
15479281,APPAREL,unmapped,unmapped,0,5160,687,10,8,1,1,2,Monitoring; Programming; Facebook; Google; Google Analytics; Instagram; Pinterest; Snapchat; Twitter; YouTube,0.0,0.529,0.75,0.4922,0.6429
26691587,APPAREL,unmapped,unmapped,0,5643,737,0,0,0,0,0,,0.0,0.0,0.0,0.0,0.0
11232471,APPAREL,unmapped,unmapped,0,2165,286,0,0,0,0,0,,0.0,0.0,0.0,0.0,0.0
21007083,APPAREL,unmapped,unmapped,0,2213,250,2,1,1,0,1,Science; Adobe Photoshop,0.0,0.4913,0.75,0.4226,0.6429
20905088,APPAREL,unmapped,unmapped,0,7919,1051,5,1,1,3,0,Monitoring; Negotiation; Installation; Time Management; Inventory control software,0.0,0.4123,0.5774,0.3663,0.5
16723524,APPAREL,unmapped,unmapped,0,6261,832,1,0,1,0,0,Monitoring,0.0,0.5774,0.5774,0.483,0.483
14937492,APPAREL,unmapped,unmapped,0,6810,918,0,0,0,0,0,,0.0,0.0,0.0,0.0,0.0
72807293,APPAREL,unmapped,unmapped,0,5374,683,1,0,0,1,0,Time Management,0.0,0.5236,0.5236,0.4337,0.4337
30344127,APPAREL,unmapped,unmapped,0,6933,950,1,1,0,0,1,Tableau,0.0,0.75,0.75,0.6429,0.6429
23719943,APPAREL,unmapped,unmapped,0,5572,729,3,0,1,2,0,Science; Negotiation; Time Management,0.0,0.3854,0.5236,0.3332,0.4337
58208591,APPAREL,unmapped,unmapped,0,12984,1596,3,0,2,1,0,Writing; Monitoring; Coordination,0.0,0.552,0.5774,0.4684,0.483
15154822,APPAREL,unmapped,unmapped,0,5349,692,0,0,0,0,0,,0.0,0.0,0.0,0.0,0.0
46514339,APPAREL,unmapped,unmapped,0,5923,752,0,0,0,0,0,,0.0,0.0,0.0,0.0,0.0
11409460,APPAREL,unmapped,unmapped,0,3263,397,1,0,1,0,0,Science,0.0,0.2327,0.2327,0.2023,0.2023
99806115,APPAREL,unmapped,unmapped,0,6489,847,0,0,0,0,0,,0.0,0.0,0.0,0.0,0.0
29640922,APPAREL,unmapped,unmapped,0,7540,986,2,1,0,1,1,Time Management; Adobe Illustrator,0.0,0.6368,0.75,0.5383,0.6429
12860543,APPAREL,unmapped,unmapped,0,6567,859,2,2,0,0,1,Adobe Photoshop; Scanning software,0.0,0.625,0.75,0.5714,0.6429
29764492,APPAREL,unmapped,unmapped,0,11733,1515,3,2,1,0,2,Science; Adobe Illustrator; Adobe Photoshop,0.0,0.5776,0.75,0.496,0.6429
91533580,APPAREL,unmapped,unmapped,0,5206,683,0,0,0,0,0,,0.0,0.0,0.0,0.0,0.0
13807808,APPAREL,unmapped,unmapped,0,2652,345,1,0,0,1,0,Coordination,0.0,0.5305,0.5305,0.4487,0.4487
16605640,APPAREL,unmapped,unmapped,0,6504,813,3,1,2,0,1,Science; Monitoring; Microsoft Project,0.0,0.52,0.75,0.4427,0.6429
17714174,APPAREL,unmapped,unmapped,0,13114,1735,2,1,1,0,0,Science; Forth,0.0,0.3663,0.5,0.3512,0.5
28998957,APPAREL,unmapped,unmapped,0,6594,846,10,9,1,0,7,Science; SQL; Unix; Google; Google Analytics; MicroStrategy; Microsoft Access; Microsoft Project; Microsoft Windows; SAS,0.0,0.6439,0.75,0.5661,0.6429
71499299,APPAREL,unmapped,unmapped,0,4999,651,3,2,0,1,1,Time Management; Bookkeeping software; Microsoft Word,0.0,0.5912,0.75,0.5255,0.6429
30430249,APPAREL,unmapped,unmapped,0,6371,832,1,1,0,0,1,Microsoft Outlook,0.0,0.75,0.75,0.6429,0.6429
10876132,APPAREL,unmapped,unmapped,0,5838,756,1,0,1,0,0,Writing,0.0,0.5483,0.5483,0.4737,0.4737
18509268,APPAREL,unmapped,unmapped,0,5090,663,1,0,1,0,0,Science,0.0,0.2327,0.2327,0.2023,0.2023
35571205,APPAREL,unmapped,unmapped,0,9262,1091,1,0,0,1,0,Installation,0.0,0.0608,0.0608,0.0514,0.0514
23190306,APPAREL,unmapped,unmapped,0,5073,651,0,0,0,0,0,,0.0,0.0,0.0,0.0,0.0
29028935,APPAREL,unmapped,unmapped,0,6938,869,1,0,0,1,0,Coordination,0.0,0.5305,0.5305,0.4487,0.4487
12059610,APPAREL,unmapped,unmapped,0,6843,921,0,0,0,0,0,,0.0,0.0,0.0,0.0,0.0
26829561,APPAREL,unmapped,unmapped,0,3639,433,1,0,0,1,0,Installation,0.0,0.0608,0.0608,0.0514,0.0514
78273826,APPAREL,unmapped,unmapped,0,8229,1110,1,1,0,0,1,Adobe Illustrator,0.0,0.75,0.75,0.6429,0.6429
27176039,APPAREL,unmapped,unmapped,0,6043,755,3,0,2,1,0,Science; Monitoring; Troubleshooting,0.0,0.3556,0.5774,0.3014,0.483
22249155,APPAREL,unmapped,unmapped,0,5320,650,0,0,0,0,0,,0.0,0.0,0.0,0.0,0.0
25142074,APPAREL,unmapped,unmapped,0,3266,424,4,3,1,0,1,Writing; Facebook; Instagram; Twitter,0.0,0.5746,0.75,0.5291,0.6429
19402977,APPAREL,unmapped,unmapped,0,2824,362,0,0,0,0,0,,0.0,0.0,0.0,0.0,0.0
13858219,APPAREL,unmapped,unmapped,0,2209,286,0,0,0,0,0,,0.0,0.0,0.0,0.0,0.0
15746146,APPAREL,unmapped,unmapped,0,7897,1031,0,0,0,0,0,,0.0,0.0,0.0,0.0,0.0
17659053,APPAREL,unmapped,unmapped,0,7291,921,3,0,2,1,0,Reading Comprehension; Active Listening; Time Management,0.0,0.5984,0.649,0.4883,0.5227
26586477,APPAREL,unmapped,unmapped,0,5241,685,2,0,0,2,0,Negotiation; Time Management,0.0,0.4617,0.5236,0.3987,0.4337
37750854,APPAREL,unmapped,unmapped,0,6160,797,1,0,1,0,0,Monitoring,0.0,0.5774,0.5774,0.483,0.483
33665485,APPAREL,unmapped,unmapped,0,5278,665,2,0,1,1,0,Science; Negotiation,0.0,0.3162,0.3998,0.283,0.3637
26098594,APPAREL,unmapped,unmapped,0,5819,758,1,0,1,0,0,Writing,0.0,0.5483,0.5483,0.4737,0.4737
91026230,APPAREL,unmapped,unmapped,0,6310,809,7,6,1,0,2,Science; Facebook; Google; Google Analytics; Instagram; Snapchat; Twitter,0.0,0.5422,0.75,0.5034,0.6429
16985289,APPAREL,unmapped,unmapped,0,5887,711,5,5,0,0,4,React; Adobe Illustrator; Facebook; Google; Google Analytics,0.0,0.7125,0.75,0.6214,0.6429
54308684,APPAREL,unmapped,unmapped,0,7957,1022,1,0,1,0,0,Science,0.0,0.2327,0.2327,0.2023,0.2023
10562768,APPAREL,unmapped,unmapped,0,6782,828,2,1,1,0,0,Science; Google,0.0,0.3976,0.5625,0.369,0.5357
41586420,APPAREL,unmapped,unmapped,0,8153,1053,2,0,2,0,0,Science; Monitoring,0.0,0.405,0.5774,0.3426,0.483
21570485,APPAREL,unmapped,unmapped,0,6423,796,2,0,1,1,0,Speaking; Coordination,0.0,0.5823,0.6342,0.4725,0.4962
12122372,APPAREL,unmapped,unmapped,0,2991,358,7,4,3,0,2,Science; Critical Thinking; Monitoring; .NET; Facebook; Instagram; Pinterest,0.0,0.5316,0.75,0.4733,0.6429
14304010,APPAREL,unmapped,unmapped,0,5423,676,2,0,2,0,0,Writing; Science,0.0,0.3905,0.5483,0.338,0.4737
36136569,APPAREL,unmapped,unmapped,0,6988,890,2,0,1,1,0,Science; Time Management,0.0,0.3781,0.5236,0.318,0.4337
35603950,APPAREL,unmapped,unmapped,0,7101,925,2,1,0,1,1,Equipment Maintenance; Microsoft Word,0.0,0.4622,0.75,0.3958,0.6429
52252936,APPAREL,unmapped,unmapped,0,6187,799,3,2,0,1,2,Time Management; Microsoft Excel; Microsoft Word,0.0,0.6745,0.75,0.5731,0.6429
70750649,APPAREL,unmapped,unmapped,0,9218,1205,3,1,2,0,1,Science; Monitoring; Swift,0.0,0.52,0.75,0.4427,0.6429
43852883,APPAREL,unmapped,unmapped,0,6671,837,6,3,2,1,2,Science; Monitoring; Troubleshooting; Adobe Acrobat; Adobe Illustrator; Payroll software,0.0,0.5136,0.75,0.4497,0.6429
31761591,APPAREL,unmapped,unmapped,0,6497,868,1,1,0,0,0,Constant Contact,0.0,0.5,0.5,0.5,0.5
31362807,APPAREL,unmapped,unmapped,0,5892,763,0,0,0,0,0,,0.0,0.0,0.0,0.0,0.0
24516163,APPAREL,unmapped,unmapped,0,5003,684,2,1,1,0,1,Science; Adobe Photoshop,0.0,0.4913,0.75,0.4226,0.6429
20504094,APPAREL,unmapped,unmapped,0,7394,919,2,0,1,1,0,Monitoring; Coordination,0.0,0.5539,0.5774,0.4658,0.483
24989856,APPAREL,unmapped,unmapped,0,5169,647,1,0,0,1,0,Troubleshooting,0.0,0.2568,0.2568,0.2188,0.2188
16500168,APPAREL,unmapped,unmapped,0,6099,845,3,3,0,0,2,Facebook; Microsoft Excel; Twitter,0.0,0.6667,0.75,0.5952,0.6429
35985133,APPAREL,unmapped,unmapped,0,8726,1136,1,0,1,0,0,Science,0.0,0.2327,0.2327,0.2023,0.2023
22852364,APPAREL,unmapped,unmapped,0,6543,824,2,0,2,0,0,Science; Monitoring,0.0,0.405,0.5774,0.3426,0.483
83566455,APPAREL,unmapped,unmapped,0,5437,706,0,0,0,0,0,,0.0,0.0,0.0,0.0,0.0
10738095,APPAREL,unmapped,unmapped,0,8608,1117,9,4,4,1,4,Writing; Speaking; Critical Thinking; Active Learning; Service Orientation; Microsoft Excel; Microsoft Outlook; Microsoft PowerPoint; Microsoft Word,0.0,0.6475,0.75,0.5466,0.6429
36094883,APPAREL,unmapped,unmapped,0,5093,655,3,0,2,1,0,Writing; Science; Negotiation,0.0,0.3936,0.5483,0.3466,0.4737
19714635,APPAREL,unmapped,unmapped,0,11171,1513,1,0,1,0,0,Science,0.0,0.2327,0.2327,0.2023,0.2023
56025640,APPAREL,unmapped,unmapped,0,7098,915,3,1,0,2,1,Negotiation; Installation; Microsoft Excel,0.0,0.4035,0.75,0.3527,0.6429
25543217,APPAREL,unmapped,unmapped,0,6326,797,2,0,1,1,0,Monitoring; Time Management,0.0,0.5505,0.5774,0.4583,0.483
14206561,ENGINEERING,unmapped,unmapped,0,3651,433,2,0,0,2,0,Coordination; Installation,0.0,0.2956,0.5305,0.25,0.4487
15139979,ENGINEERING,unmapped,unmapped,0,13441,1714,5,0,2,3,0,Critical Thinking; Monitoring; Installation; Repairing; Time Management,0.0,0.3916,0.6295,0.3247,0.5116
44624796,ENGINEERING,unmapped,unmapped,0,3741,457,2,0,0,2,0,Coordination; Installation,0.0,0.2956,0.5305,0.25,0.4487
54227873,ENGINEERING,unmapped,unmapped,0,6319,913,9,6,1,2,4,Science; Installation; Programming; C++; Linux; Python; Java; Autodesk Inventor; Xcode,0.0,0.4652,0.75,0.4145,0.6429
28005884,ENGINEERING,unmapped,unmapped,0,4850,619,2,1,1,0,1,Writing; Microsoft Access,0.0,0.6491,0.75,0.5583,0.6429
82246962,ENGINEERING,unmapped,unmapped,0,7852,1049,9,5,1,3,4,Mathematics; Installation; Programming; Troubleshooting; SQL; Linux; Unix; Python; McAfee,0.0,0.4508,0.75,0.3976,0.6429
13149176,ENGINEERING,unmapped,unmapped,0,7037,879,4,0,1,3,0,Science; Troubleshooting; Repairing; Time Management,0.0,0.295,0.5236,0.2497,0.4337
12022566,ENGINEERING,unmapped,unmapped,0,5703,740,3,2,1,0,1,Science; C++; Minitab,0.0,0.4942,0.75,0.4484,0.6429
20981299,ENGINEERING,unmapped,unmapped,0,5625,735,3,1,1,1,0,Science; Programming; Minitab,0.0,0.2944,0.5,0.2734,0.5
25919149,ENGINEERING,unmapped,unmapped,0,5250,644,4,0,3,1,0,Writing; Science; Critical Thinking; Troubleshooting,0.0,0.4168,0.6295,0.3516,0.5116
86828820,ENGINEERING,unmapped,unmapped,0,5463,669,5,2,1,2,1,Science; Coordination; Installation; Ada; Microsoft Project,0.0,0.4148,0.75,0.3691,0.6429
28320387,ENGINEERING,unmapped,unmapped,0,5228,639,1,0,1,0,0,Science,0.0,0.2327,0.2327,0.2023,0.2023
27756469,ENGINEERING,unmapped,unmapped,0,5776,743,2,0,1,1,0,Science; Troubleshooting,0.0,0.2448,0.2568,0.2106,0.2188
14049846,ENGINEERING,unmapped,unmapped,0,5927,743,3,0,2,1,0,Science; Monitoring; Troubleshooting,0.0,0.3556,0.5774,0.3014,0.483
43752620,ENGINEERING,unmapped,unmapped,0,7164,926,3,0,2,1,0,Writing; Science; Programming,0.0,0.3105,0.5483,0.2647,0.4737
74236636,ENGINEERING,unmapped,unmapped,0,5786,777,3,1,1,1,1,Science; Installation; Microsoft Word,0.0,0.3478,0.75,0.2989,0.6429
47549345,ENGINEERING,unmapped,unmapped,0,4317,539,5,2,1,2,1,Science; Installation; Programming; C++; ETAP,0.0,0.3888,0.75,0.3315,0.6429
28505854,ENGINEERING,unmapped,unmapped,0,8402,1172,7,7,0,0,7,C++; Linux; Unix; Machine Learning; Computer Vision; TensorFlow; Java,0.0,0.75,0.75,0.6429,0.6429
38535335,ENGINEERING,unmapped,unmapped,0,1604,216,0,0,0,0,0,,0.0,0.0,0.0,0.0,0.0
25608963,ENGINEERING,unmapped,unmapped,0,6531,849,3,1,0,2,1,Equipment Maintenance; Troubleshooting; Microsoft Excel,0.0,0.3937,0.75,0.3368,0.6429
24647794,ENGINEERING,unmapped,unmapped,0,5252,707,10,6,1,3,3,Science; Programming; Troubleshooting; Systems Analysis; C++; C#; .NET; ETAP; Simulation software; Verilog,0.0,0.4808,0.75,0.4279,0.6429
16803215,ENGINEERING,unmapped,unmapped,0,5172,760,4,1,2,1,1,Writing; Critical Thinking; Time Management; Java,0.0,0.5671,0.6295,0.473,0.5116
37335325,ENGINEERING,unmapped,unmapped,0,9248,1220,9,8,1,0,5,Science; C++; C#; Git; Linux; Java; Bugzilla; Objective C; Testing software,0.0,0.5916,0.75,0.5342,0.6429
81125166,ENGINEERING,unmapped,unmapped,0,9566,1265,2,0,0,2,0,Installation; Programming,0.0,0.1057,0.1506,0.0847,0.118
32081266,ENGINEERING,unmapped,unmapped,0,10798,1392,7,3,2,2,2,Science; Monitoring; Coordination; Systems Analysis; SQL; Adobe Captivate; SAS,0.0,0.5029,0.75,0.4424,0.6429
25797445,ENGINEERING,unmapped,unmapped,0,5033,641,4,1,1,2,1,Science; Programming; Troubleshooting; Microsoft Word,0.0,0.3475,0.75,0.2955,0.6429
28831378,ENGINEERING,unmapped,unmapped,0,5568,715,5,0,2,3,0,Science; Monitoring; Installation; Programming; Troubleshooting,0.0,0.2557,0.5774,0.2147,0.483
50328713,ENGINEERING,unmapped,unmapped,0,9461,1209,12,11,0,1,11,Programming; C++; SQL; Git; Linux; Unix; Machine Learning; TensorFlow; Scikit-learn; Pandas; Python; Bash,0.0,0.6901,0.75,0.5904,0.6429
27040860,ENGINEERING,unmapped,unmapped,0,3330,440,2,0,1,1,0,Science; Time Management,0.0,0.3781,0.5236,0.318,0.4337
21807224,ENGINEERING,unmapped,unmapped,0,3116,369,2,2,0,0,1,AWS; Minitab,0.0,0.5,0.5,0.5,0.5
17926546,ENGINEERING,unmapped,unmapped,0,6438,824,7,3,2,2,3,Writing; Science; Programming; Troubleshooting; Microsoft Excel; Microsoft Visio; Microsoft Visual Basic,0.0,0.4912,0.75,0.4202,0.6429
20882041,ENGINEERING,unmapped,unmapped,0,6267,826,2,0,1,1,0,Science; Installation,0.0,0.1468,0.2327,0.1269,0.2023
56691064,ENGINEERING,unmapped,unmapped,0,6184,842,5,3,1,1,2,Science; Installation; C#; Java; Google,0.0,0.4015,0.75,0.3581,0.6429
64755882,ENGINEERING,unmapped,unmapped,0,4994,648,5,3,1,1,2,Science; Programming; C++; Linux; Verilog,0.0,0.4787,0.75,0.4224,0.6429
30097175,ENGINEERING,unmapped,unmapped,0,5197,644,7,3,3,1,2,Writing; Speaking; Science; Programming; C++; SQL; Verilog,0.0,0.471,0.75,0.4065,0.6429
28628090,ENGINEERING,unmapped,unmapped,0,11853,1529,3,2,1,0,0,Speaking; Pascal; Statistical software,0.0,0.551,0.6342,0.5023,0.5107
19612167,ENGINEERING,unmapped,unmapped,0,3351,406,2,0,1,1,0,Monitoring; Troubleshooting,0.0,0.4171,0.5774,0.3509,0.483
21298336,ENGINEERING,unmapped,unmapped,0,1400,156,3,1,1,1,1,Science; Installation; Microsoft Word,0.0,0.3478,0.75,0.2989,0.6429
25930778,ENGINEERING,unmapped,unmapped,0,2234,276,0,0,0,0,0,,0.0,0.0,0.0,0.0,0.0
31684925,ENGINEERING,unmapped,unmapped,0,6246,816,4,2,1,1,1,Science; Installation; Google; SAP software,0.0,0.4015,0.75,0.3581,0.6429
39855211,ENGINEERING,unmapped,unmapped,0,7537,940,6,0,3,3,0,Active Listening; Critical Thinking; Monitoring; Installation; Troubleshooting; Time Management,0.0,0.4495,0.649,0.3678,0.5116
12518008,ENGINEERING,unmapped,unmapped,0,7234,968,3,1,2,0,1,Science; Critical Thinking; Microsoft Project,0.0,0.5374,0.75,0.4523,0.6429
20566550,ENGINEERING,unmapped,unmapped,0,7409,988,8,4,2,2,3,Mathematics; Science; Programming; Time Management; SQL; Python; LaTeX; Microsoft Project,0.0,0.4707,0.75,0.4148,0.6429
55953734,ENGINEERING,unmapped,unmapped,0,5401,710,3,1,1,1,1,Science; Troubleshooting; Python,0.0,0.4132,0.75,0.3547,0.6429
23234047,ENGINEERING,unmapped,unmapped,0,5904,730,7,2,2,3,1,Science; Monitoring; Coordination; Programming; Troubleshooting; Java; Ladder Logic,0.0,0.3747,0.5774,0.3285,0.5
38314236,ENGINEERING,unmapped,unmapped,0,3540,457,1,1,0,0,0,Testing software,0.0,0.5,0.5,0.5,0.5
25425322,ENGINEERING,unmapped,unmapped,0,8036,1029,3,0,2,1,0,Science; Monitoring; Installation,0.0,0.2903,0.5774,0.2456,0.483
55595908,ENGINEERING,unmapped,unmapped,0,6711,909,4,1,1,2,1,Science; Equipment Maintenance; Troubleshooting; SAS,0.0,0.3535,0.75,0.3032,0.6429
28631840,ENGINEERING,unmapped,unmapped,0,5323,699,2,0,1,1,0,Science; Coordination,0.0,0.3816,0.5305,0.3255,0.4487
23438227,ENGINEERING,unmapped,unmapped,0,6143,804,1,1,0,0,1,Microsoft Outlook,0.0,0.75,0.75,0.6429,0.6429
35737840,ENGINEERING,unmapped,unmapped,0,5980,700,2,0,0,2,0,Equipment Maintenance; Troubleshooting,0.0,0.2156,0.2568,0.1838,0.2188
90280583,ENGINEERING,unmapped,unmapped,0,6896,847,5,4,1,0,4,Science; Tableau; Power BI; Microsoft Project; Microsoft SharePoint,0.0,0.6207,0.75,0.5327,0.6429
51588273,ENGINEERING,unmapped,unmapped,0,3018,372,7,6,1,0,6,Science; C#; .NET; SQL; Java; JavaScript; PHP,0.0,0.6207,0.75,0.5327,0.6429
15601399,ENGINEERING,unmapped,unmapped,0,2274,294,2,0,1,1,0,Science; Troubleshooting,0.0,0.2448,0.2568,0.2106,0.2188
64468610,ENGINEERING,unmapped,unmapped,0,6381,868,5,4,1,0,3,Science; C++; C#; JavaScript; Video editing software,0.0,0.6042,0.75,0.5306,0.6429
28078163,ENGINEERING,unmapped,unmapped,0,6450,874,5,4,1,0,3,Science; C++; C#; JavaScript; Video editing software,0.0,0.6042,0.75,0.5306,0.6429
31677347,ENGINEERING,unmapped,unmapped,0,6714,899,5,4,1,0,3,Science; C++; C#; JavaScript; Video editing software,0.0,0.6042,0.75,0.5306,0.6429
28762662,ENGINEERING,unmapped,unmapped,0,7212,976,5,4,1,0,3,Science; C++; C#; JavaScript; Video editing software,0.0,0.6042,0.75,0.5306,0.6429
15858254,ENGINEERING,unmapped,unmapped,0,5205,614,4,1,0,3,1,Installation; Troubleshooting; Time Management; Linux,0.0,0.3978,0.75,0.3367,0.6429
16911115,ENGINEERING,unmapped,unmapped,0,5181,699,4,2,1,1,2,Monitoring; Installation; Microsoft Excel; Oracle Database,0.0,0.5346,0.75,0.455,0.6429
27152464,ENGINEERING,unmapped,unmapped,0,6152,815,18,14,2,2,10,Science; Critical Thinking; Programming; Time Management; SQL; Git; Linux; Unix; Python; Bash; Bugzilla; LinkedIn; MongoDB; Perl; PostgreSQL; Postman; UNIX Shell; VMware,0.0,0.6198,0.75,0.5408,0.6429
35651876,ENGINEERING,unmapped,unmapped,0,15541,1961,4,0,2,2,0,Mathematics; Monitoring; Installation; Troubleshooting,0.0,0.3208,0.5774,0.2793,0.483
19124258,ENGINEERING,unmapped,unmapped,0,5447,648,3,1,1,1,1,Monitoring; Installation; Adobe Acrobat,0.0,0.4627,0.75,0.3924,0.6429
24322804,ENGINEERING,unmapped,unmapped,0,5362,768,3,1,1,1,1,Science; Programming; C++,0.0,0.3777,0.75,0.3211,0.6429
12488356,ENGINEERING,unmapped,unmapped,0,7359,891,3,1,1,1,0,Science; Programming; Google,0.0,0.3152,0.5625,0.2853,0.5357
26834746,ENGINEERING,unmapped,unmapped,0,7589,980,7,1,1,5,0,Monitoring; Coordination; Installation; Programming; Troubleshooting; Repairing; Database software,0.0,0.3204,0.5774,0.2805,0.5
32985311,ENGINEERING,unmapped,unmapped,0,3284,430,5,3,1,1,3,Mathematics; Programming; SQL; Tableau; Python,0.0,0.5097,0.75,0.4419,0.6429
39835894,ENGINEERING,unmapped,unmapped,0,5849,956,1,1,0,0,1,Linux,0.0,0.75,0.75,0.6429,0.6429
21847415,ENGINEERING,unmapped,unmapped,0,6527,817,5,2,2,1,1,Science; Critical Thinking; Troubleshooting; Google; Microsoft Excel,0.0,0.4863,0.75,0.4223,0.6429
30288581,ENGINEERING,unmapped,unmapped,0,3673,467,3,1,2,0,1,Mathematics; Science; MySQL,0.0,0.457,0.75,0.4031,0.6429
36149549,ENGINEERING,unmapped,unmapped,0,4982,637,1,0,0,1,0,Coordination,0.0,0.5305,0.5305,0.4487,0.4487
17103000,ENGINEERING,unmapped,unmapped,0,5702,702,5,2,2,1,2,Science; Monitoring; Installation; Microsoft Project; Microsoft Visio,0.0,0.4742,0.75,0.4045,0.6429
12011623,ENGINEERING,unmapped,unmapped,0,6980,915,10,9,1,0,8,Science; C#; .NET; SQL; Machine Learning; Pandas; Tableau; Python; SAS; Statistical software,0.0,0.6431,0.75,0.561,0.6429
12748557,ENGINEERING,unmapped,unmapped,0,5869,751,4,1,2,1,1,Science; Monitoring; Coordination; React,0.0,0.5226,0.75,0.4442,0.6429
28923650,ENGINEERING,unmapped,unmapped,0,5772,752,3,1,2,0,1,Science; Monitoring; Machine Learning,0.0,0.405,0.5774,0.3426,0.483
30542184,ENGINEERING,unmapped,unmapped,0,9147,1115,2,0,1,1,0,Science; Troubleshooting,0.0,0.2448,0.2568,0.2106,0.2188
19396040,ENGINEERING,unmapped,unmapped,0,5291,707,7,4,2,1,3,Writing; Science; Programming; C++; Python; Java; Minitab,0.0,0.4886,0.75,0.4299,0.6429
35389360,ENGINEERING,unmapped,unmapped,0,10455,1306,9,5,0,4,5,Installation; Programming; Troubleshooting; Repairing; Linux; Java; MySQL; PHP; jQuery,0.0,0.4544,0.75,0.3879,0.6429
36517781,ENGINEERING,unmapped,unmapped,0,6662,849,2,1,1,0,1,Critical Thinking; Microsoft Excel,0.0,0.6897,0.75,0.5772,0.6429
15941675,ENGINEERING,unmapped,unmapped,0,5254,647,2,0,1,1,0,Science; Time Management,0.0,0.3781,0.5236,0.318,0.4337
19397727,ENGINEERING,unmapped,unmapped,0,5050,599,6,1,1,4,0,Science; Installation; Equipment Maintenance; Troubleshooting; Repairing; Data acquisition systems,0.0,0.2319,0.5,0.2109,0.5
47919212,ENGINEERING,unmapped,unmapped,0,5796,773,2,1,1,0,1,Science; Azure,0.0,0.2327,0.2327,0.2023,0.2023
10712803,ENGINEERING,unmapped,unmapped,0,9807,1209,6,2,0,4,2,Installation; Programming; Troubleshooting; Repairing; Microsoft Access; Microsoft Windows,0.0,0.3558,0.75,0.303,0.6429
14554542,ENGINEERING,unmapped,unmapped,0,11856,1566,4,0,1,3,0,Monitoring; Coordination; Installation; Troubleshooting,0.0,0.3564,0.5774,0.3005,0.483
22605864,ENGINEERING,unmapped,unmapped,0,7414,1058,2,0,1,1,0,Monitoring; Troubleshooting,0.0,0.4171,0.5774,0.3509,0.483
49127329,ENGINEERING,unmapped,unmapped,0,8903,1163,3,0,1,2,0,Science; Installation; Programming,0.0,0.148,0.2327,0.1239,0.2023
10219099,ENGINEERING,unmapped,unmapped,0,8510,1044,4,0,0,4,0,Installation; Programming; Troubleshooting; Repairing,0.0,0.1587,0.2568,0.133,0.2188
82125182,ENGINEERING,unmapped,unmapped,0,4404,578,2,1,1,0,1,Science; Java,0.0,0.2327,0.2327,0.2023,0.2023
22890839,ENGINEERING,unmapped,unmapped,0,6064,802,15,12,1,2,6,Critical Thinking; Installation; Troubleshooting; Linux; Python; Antivirus software; Bash; Cisco IOS; Google; Google Drive; Microsoft Windows; Microsoft Windows Server; Puppet; Ubuntu; Wireshark,0.0,0.5673,0.75,0.5116,0.6429
17108676,ENGINEERING,unmapped,unmapped,0,5616,722,5,3,1,1,3,Science; Time Management; Microsoft Excel; Microsoft PowerPoint; Microsoft Word,0.0,0.6013,0.75,0.5129,0.6429
17488801,ENGINEERING,unmapped,unmapped,0,5079,635,2,0,1,1,0,Science; Installation,0.0,0.1468,0.2327,0.1269,0.2023
23497307,ENGINEERING,unmapped,unmapped,0,6983,906,3,2,0,1,2,Installation; Microsoft Teams; Oracle PeopleSoft,0.0,0.5203,0.75,0.4457,0.6429
19553067,ENGINEERING,unmapped,unmapped,0,5078,639,2,0,1,1,0,Monitoring; Complex Problem Solving,0.0,0.565,0.5774,0.4671,0.483
11981094,ENGINEERING,unmapped,unmapped,0,5980,810,5,4,1,0,3,Science; C++; C#; JavaScript; Video editing software,0.0,0.6042,0.75,0.5306,0.6429
17043822,ENGINEERING,unmapped,unmapped,0,6866,898,7,4,1,2,4,Monitoring; Negotiation; Programming; Linux; Unix; MySQL; PHP,0.0,0.5897,0.75,0.5052,0.6429
21038022,ENGINEERING,unmapped,unmapped,0,8557,1085,9,7,1,1,7,Science; Complex Problem Solving; C++; .NET; SQL; Java; Microsoft Access; Microsoft Project; Microsoft Visio,0.0,0.6309,0.75,0.5375,0.6429
60004873,ENGINEERING,unmapped,unmapped,0,3271,386,1,0,1,0,0,Science,0.0,0.2327,0.2327,0.2023,0.2023
38220146,ENGINEERING,unmapped,unmapped,0,5120,652,4,1,1,2,0,Mathematics; Programming; Time Management; G-code,0.0,0.4174,0.6071,0.3692,0.5612
47276718,ENGINEERING,unmapped,unmapped,0,8561,1073,4,1,0,3,1,Installation; Programming; Troubleshooting; C,0.0,0.3046,0.75,0.2578,0.6429
28630325,ENGINEERING,unmapped,unmapped,0,2938,379,9,8,1,0,7,Science; C#; .NET; Bootstrap; MySQL; Objective C; PHP; Perl; jQuery,0.0,0.6541,0.75,0.5699,0.6429
13264796,ENGINEERING,unmapped,unmapped,0,19632,2579,7,3,3,1,3,Speaking; Science; Monitoring; Programming; R; Computer Vision; Ruby,0.0,0.5158,0.75,0.4309,0.6429
96029688,ENGINEERING,unmapped,unmapped,0,8226,1039,3,2,1,0,1,Science; Microsoft Project; Minitab,0.0,0.4942,0.75,0.4484,0.6429
32802563,ENGINEERING,unmapped,unmapped,0,6177,790,0,0,0,0,0,,0.0,0.0,0.0,0.0,0.0
18753367,ENGINEERING,unmapped,unmapped,0,8218,979,6,2,1,3,2,Science; Coordination; Installation; Troubleshooting; Microsoft Access; Microsoft Project,0.0,0.4301,0.75,0.3678,0.6429
26456899,ENGINEERING,unmapped,unmapped,0,4894,630,10,6,1,3,6,Science; Installation; Troubleshooting; Repairing; C++; SQL; Linux; Java; Microsoft Team Foundation Server; Microsoft Word,0.0,0.4646,0.75,0.3985,0.6429
10985403,ENGINEERING,unmapped,unmapped,0,4991,648,2,2,0,0,1,Machine Learning; Autodesk Inventor,0.0,0.5278,0.5278,0.5159,0.5159
10030015,ENGINEERING,unmapped,unmapped,0,2902,371,1,0,1,0,0,Science,0.0,0.2327,0.2327,0.2023,0.2023
86209934,ENGINEERING,unmapped,unmapped,0,7261,940,5,1,2,2,0,Writing; Science; Coordination; Programming; Minitab,0.0,0.3924,0.5483,0.3485,0.5
11890896,ENGINEERING,unmapped,unmapped,0,6045,758,11,5,4,2,4,Writing; Mathematics; Science; Monitoring; Operations Analysis; Programming; C++; SQL; Google; Google Docs; Microsoft PowerPoint,0.0,0.496,0.75,0.4336,0.6429
10624813,ENGINEERING,unmapped,unmapped,0,7263,974,16,14,1,1,14,Science; Programming; C++; AWS; SQL; GitHub; Python; Java; JavaScript; AJAX; Bootstrap; JUnit; MongoDB; PHP; Perl; Selenium,0.0,0.6641,0.75,0.5686,0.6429
61579998,ENGINEERING,unmapped,unmapped,0,5578,719,5,4,1,0,3,Science; C++; Java; Microsoft Visual Studio; Zemax,0.0,0.5894,0.75,0.5149,0.6429
62071407,ENGINEERING,unmapped,unmapped,0,6005,718,6,0,1,5,0,Science; Coordination; Installation; Programming; Troubleshooting; Time Management,0.0,0.2925,0.5305,0.2455,0.4487
12472574,ENGINEERING,unmapped,unmapped,0,18043,2449,11,9,1,1,7,Writing; Coordination; C++; SQL; Linux; Unix; Java; JavaScript; Data acquisition software; Microsoft Windows; dBASE,0.0,0.6476,0.75,0.5707,0.6429
31694970,ENGINEERING,unmapped,unmapped,0,8410,1034,5,4,1,0,4,Science; C#; .NET; SQL; SAS,0.0,0.5776,0.75,0.496,0.6429
33685075,ENGINEERING,unmapped,unmapped,0,7102,909,2,1,1,0,0,Science; Minitab,0.0,0.3663,0.5,0.3512,0.5
77828437,ENGINEERING,unmapped,unmapped,0,6199,846,3,2,1,0,0,Science; Autodesk Inventor; Scheme,0.0,0.4202,0.5278,0.4061,0.5159
35172961,ENGINEERING,unmapped,unmapped,0,5830,759,1,0,1,0,0,Monitoring,0.0,0.5774,0.5774,0.483,0.483
21629057,ENGINEERING,unmapped,unmapped,0,7722,1068,4,0,1,3,0,Science; Installation; Equipment Maintenance; Time Management,0.0,0.2479,0.5236,0.209,0.4337
15906625,ACCOUNTANT,13-2011.00,Accountants and Auditors,1,6268,774,2,2,0,0,1,Bookkeeping software; Microsoft Word,0.5,0.625,0.75,0.5714,0.6429
30361788,ACCOUNTANT,13-2011.00,Accountants and Auditors,1,2399,291,0,0,0,0,0,,0.0,0.0,0.0,0.0,0.0
21031285,ACCOUNTANT,13-2011.00,Accountants and Auditors,1,5863,759,2,1,1,0,1,Science; SQL,0.5,0.2327,0.2327,0.2023,0.2023
25749150,ACCOUNTANT,13-2011.00,Accountants and Auditors,1,6755,824,2,1,1,0,0,Monitoring; Billing software,1.0,0.5387,0.5774,0.4915,0.5
12338274,ACCOUNTANT,13-2011.00,Accountants and Auditors,1,6284,810,2,2,0,0,2,Adobe Illustrator; Adobe Photoshop,0.0,0.75,0.75,0.6429,0.6429
33527446,ACCOUNTANT,13-2011.00,Accountants and Auditors,1,6538,808,3,0,2,1,0,Mathematics; Science; Installation,1.0,0.2272,0.3882,0.2059,0.3641
12442909,ACCOUNTANT,13-2011.00,Accountants and Auditors,1,5202,653,1,0,1,0,0,Science,1.0,0.2327,0.2327,0.2023,0.2023
37997506,ACCOUNTANT,13-2011.00,Accountants and Auditors,1,8016,1021,3,2,1,0,2,Monitoring; Microsoft Access; Microsoft PowerPoint,1.0,0.6925,0.75,0.5896,0.6429
37370455,ACCOUNTANT,13-2011.00,Accountants and Auditors,1,5783,731,3,0,2,1,0,Science; Monitoring; Programming,1.0,0.3202,0.5774,0.2678,0.483
10554236,ACCOUNTANT,13-2011.00,Accountants and Auditors,1,24695,3459,1,0,1,0,0,Critical Thinking,1.0,0.6295,0.6295,0.5116,0.5116
31602598,ACCOUNTANT,13-2011.00,Accountants and Auditors,1,5462,699,0,0,0,0,0,,0.0,0.0,0.0,0.0,0.0
19545827,ACCOUNTANT,13-2011.00,Accountants and Auditors,1,7135,926,6,2,3,1,2,Writing; Speaking; Science; Troubleshooting; .NET; Microsoft Office software,0.8333,0.4844,0.75,0.4068,0.6429
14470533,ACCOUNTANT,13-2011.00,Accountants and Auditors,1,6562,837,3,3,0,0,0,Google; Google Drive; Tax software,0.3333,0.5257,0.5625,0.5147,0.5357
43685045,ACCOUNTANT,13-2011.00,Accountants and Auditors,1,5216,697,3,3,0,0,0,Financial reporting software; Forth; Reporting software,0.3333,0.5119,0.5357,0.5068,0.5204
18365791,ACCOUNTANT,13-2011.00,Accountants and Auditors,1,1774,203,1,0,1,0,0,Science,1.0,0.2327,0.2327,0.2023,0.2023
14224370,ACCOUNTANT,13-2011.00,Accountants and Auditors,1,3347,425,2,2,0,0,1,Adobe Acrobat; Tax software,1.0,0.6324,0.75,0.5756,0.6429
21794875,ACCOUNTANT,13-2011.00,Accountants and Auditors,1,6253,795,4,2,1,1,1,Writing; Coordination; Puppet; Tax software,0.75,0.5859,0.75,0.5184,0.6429
23734441,ACCOUNTANT,13-2011.00,Accountants and Auditors,1,6465,848,0,0,0,0,0,,0.0,0.0,0.0,0.0,0.0
39115899,ACCOUNTANT,13-2011.00,Accountants and Auditors,1,5120,639,5,3,2,0,3,Speaking; Science; SQL; Microsoft Excel; Microsoft Word,0.8,0.5917,0.75,0.4961,0.6429
23139819,ACCOUNTANT,13-2011.00,Accountants and Auditors,1,7094,863,2,0,2,0,0,Science; Monitoring,1.0,0.405,0.5774,0.3426,0.483
42487883,ACCOUNTANT,13-2011.00,Accountants and Auditors,1,5130,650,4,1,1,2,0,Science; Coordination; Time Management; SAP Crystal Reports,1.0,0.4467,0.5305,0.3962,0.5
23636277,ACCOUNTANT,13-2011.00,Accountants and Auditors,1,6827,859,1,0,0,1,0,Coordination,1.0,0.5305,0.5305,0.4487,0.4487
21338490,ACCOUNTANT,13-2011.00,Accountants and Auditors,1,5338,647,0,0,0,0,0,,0.0,0.0,0.0,0.0,0.0
14491649,ACCOUNTANT,13-2011.00,Accountants and Auditors,1,5823,743,7,5,1,1,5,Science; Time Management; Microsoft Access; Microsoft Excel; Microsoft Outlook; Microsoft PowerPoint; Microsoft Word,1.0,0.6438,0.75,0.55,0.6429
17407184,ACCOUNTANT,13-2011.00,Accountants and Auditors,1,5484,671,2,0,2,0,0,Science; Learning Strategies,1.0,0.3397,0.4468,0.3048,0.4073
30813919,ACCOUNTANT,13-2011.00,Accountants and Auditors,1,6947,831,1,0,1,0,0,Writing,1.0,0.5483,0.5483,0.4737,0.4737
78403342,ACCOUNTANT,13-2011.00,Accountants and Auditors,1,6679,867,4,1,2,1,1,Science; Critical Thinking; Complex Problem Solving; Microsoft Excel,1.0,0.5412,0.75,0.452,0.6429
20393721,ACCOUNTANT,13-2011.00,Accountants and Auditors,1,5866,718,3,1,2,0,1,Science; Monitoring; SAS,1.0,0.52,0.75,0.4427,0.6429
24817041,ACCOUNTANT,13-2011.00,Accountants and Auditors,1,2176,271,1,0,1,0,0,Science,1.0,0.2327,0.2327,0.2023,0.2023
27980446,ACCOUNTANT,13-2011.00,Accountants and Auditors,1,5544,709,1,0,0,1,0,Repairing,1.0,0.1668,0.1668,0.1439,0.1439
25462793,ACCOUNTANT,13-2011.00,Accountants and Auditors,1,3730,452,1,1,0,0,1,Microsoft Windows,1.0,0.75,0.75,0.6429,0.6429
29456173,ACCOUNTANT,13-2011.00,Accountants and Auditors,1,5330,681,3,0,1,2,0,Science; Complex Problem Solving; Time Management,1.0,0.4363,0.5525,0.3624,0.4512
59403481,ACCOUNTANT,13-2011.00,Accountants and Auditors,1,6241,747,1,0,1,0,0,Science,1.0,0.2327,0.2327,0.2023,0.2023
13491889,ACCOUNTANT,13-2011.00,Accountants and Auditors,1,5515,686,6,4,0,2,4,Coordination; Time Management; Microsoft Excel; Microsoft Outlook; Microsoft PowerPoint; Microsoft Word,1.0,0.6757,0.75,0.5756,0.6429
25846894,ACCOUNTANT,13-2011.00,Accountants and Auditors,1,6339,773,4,1,2,1,1,Science; Monitoring; Coordination; Microsoft Word,1.0,0.5226,0.75,0.4442,0.6429
53640713,ACCOUNTANT,13-2011.00,Accountants and Auditors,1,12286,1581,3,0,1,2,0,Monitoring; Coordination; Installation,1.0,0.3896,0.5774,0.3277,0.483
11163645,ACCOUNTANT,13-2011.00,Accountants and Auditors,1,5097,628,0,0,0,0,0,,0.0,0.0,0.0,0.0,0.0
23513618,ACCOUNTANT,13-2011.00,Accountants and Auditors,1,6024,761,2,1,0,1,1,Coordination; Microsoft Word,1.0,0.6402,0.75,0.5458,0.6429
75286906,ACCOUNTANT,13-2011.00,Accountants and Auditors,1,6164,796,3,2,1,0,2,Science; Microsoft Access; Microsoft Windows,1.0,0.5776,0.75,0.496,0.6429
20253563,ACCOUNTANT,13-2011.00,Accountants and Auditors,1,5194,674,1,0,1,0,0,Science,1.0,0.2327,0.2327,0.2023,0.2023
16237710,ACCOUNTANT,13-2011.00,Accountants and Auditors,1,6588,837,3,0,1,2,0,Critical Thinking; Complex Problem Solving; Time Management,1.0,0.5685,0.6295,0.4655,0.5116
13294301,ACCOUNTANT,13-2011.00,Accountants and Auditors,1,5093,632,2,0,2,0,0,Science; Critical Thinking,1.0,0.4311,0.6295,0.357,0.5116
13130984,ACCOUNTANT,13-2011.00,Accountants and Auditors,1,4338,510,6,4,1,1,4,Writing; Time Management; Adobe Acrobat; Microsoft Access; Microsoft Excel; Microsoft Office software,1.0,0.6786,0.75,0.5798,0.6429
25127518,ACCOUNTANT,13-2011.00,Accountants and Auditors,1,3693,442,1,0,1,0,0,Science,1.0,0.2327,0.2327,0.2023,0.2023
24799301,ACCOUNTANT,13-2011.00,Accountants and Auditors,1,1210,143,0,0,0,0,0,,0.0,0.0,0.0,0.0,0.0
25067742,ACCOUNTANT,13-2011.00,Accountants and Auditors,1,2936,344,1,0,1,0,0,Monitoring,1.0,0.5774,0.5774,0.483,0.483
15821633,ACCOUNTANT,13-2011.00,Accountants and Auditors,1,6684,862,2,0,1,1,0,Monitoring; Installation,1.0,0.3191,0.5774,0.2672,0.483
15363277,ACCOUNTANT,13-2011.00,Accountants and Auditors,1,6911,928,1,0,1,0,0,Science,1.0,0.2327,0.2327,0.2023,0.2023
18132924,ACCOUNTANT,13-2011.00,Accountants and Auditors,1,6947,856,7,4,2,1,3,Writing; Science; Time Management; SQL; Microsoft Excel; Microsoft Windows; Tax software,0.8571,0.5532,0.75,0.484,0.6429
63137898,ACCOUNTANT,13-2011.00,Accountants and Auditors,1,5685,789,5,2,1,2,2,Science; Complex Problem Solving; Time Management; Intuit QuickBooks; SAP software,1.0,0.5618,0.75,0.4746,0.6429
21763056,ACCOUNTANT,13-2011.00,Accountants and Auditors,1,5948,750,1,0,0,1,0,Programming,1.0,0.1506,0.1506,0.118,0.118
20624984,ACCOUNTANT,13-2011.00,Accountants and Auditors,1,5093,644,0,0,0,0,0,,0.0,0.0,0.0,0.0,0.0
25935030,ACCOUNTANT,13-2011.00,Accountants and Auditors,1,5861,750,3,0,1,2,0,Active Listening; Programming; Time Management,1.0,0.4411,0.649,0.3534,0.5086
17556527,ACCOUNTANT,13-2011.00,Accountants and Auditors,1,8498,1147,0,0,0,0,0,,0.0,0.0,0.0,0.0,0.0
28939941,ACCOUNTANT,13-2011.00,Accountants and Auditors,1,7053,899,3,1,2,0,1,Writing; Monitoring; Microsoft Visual Studio,0.6667,0.6252,0.75,0.5332,0.6429
28359817,ACCOUNTANT,13-2011.00,Accountants and Auditors,1,6186,857,1,0,1,0,0,Monitoring,1.0,0.5774,0.5774,0.483,0.483
20345168,ACCOUNTANT,13-2011.00,Accountants and Auditors,1,4022,465,5,2,2,1,0,Writing; Science; Time Management; Fund accounting software; Quicken,0.8,0.4609,0.5483,0.4219,0.5
14496667,ACCOUNTANT,13-2011.00,Accountants and Auditors,1,5296,681,1,0,1,0,0,Science,1.0,0.2327,0.2327,0.2023,0.2023
25862026,ACCOUNTANT,13-2011.00,Accountants and Auditors,1,5992,753,4,2,2,0,0,Science; Monitoring; Microsoft Dynamics; Microsoft Dynamics NAV,1.0,0.4525,0.5774,0.4213,0.5
23246831,ACCOUNTANT,13-2011.00,Accountants and Auditors,1,5877,685,1,1,0,0,1,Microsoft Excel,1.0,0.75,0.75,0.6429,0.6429
49204385,ACCOUNTANT,13-2011.00,Accountants and Auditors,1,11831,1519,8,5,2,1,4,Science; Monitoring; Complex Problem Solving; Microsoft Access; Microsoft Excel; Microsoft Outlook; Microsoft Publisher; Microsoft Word,1.0,0.6078,0.75,0.526,0.6429
12802330,ACCOUNTANT,13-2011.00,Accountants and Auditors,1,6652,816,2,0,0,2,0,Coordination; Negotiation,1.0,0.4651,0.5305,0.4062,0.4487
22925443,ACCOUNTANT,13-2011.00,Accountants and Auditors,1,5361,649,2,0,2,0,0,Critical Thinking; Monitoring,1.0,0.6034,0.6295,0.4973,0.5116
28614791,ACCOUNTANT,13-2011.00,Accountants and Auditors,1,6425,842,2,0,1,1,0,Science; Time Management,1.0,0.3781,0.5236,0.318,0.4337
30304575,ACCOUNTANT,13-2011.00,Accountants and Auditors,1,8365,1046,2,1,1,0,1,Science; Microsoft Excel,1.0,0.4913,0.75,0.4226,0.6429
26065877,ACCOUNTANT,13-2011.00,Accountants and Auditors,1,5296,651,7,7,0,0,4,Intuit QuickBooks; LinkedIn; Microsoft Dynamics; Microsoft Dynamics AX; Microsoft Excel; Microsoft PowerPoint; Microsoft Word,0.7143,0.6429,0.75,0.5816,0.6429
29821051,ACCOUNTANT,13-2011.00,Accountants and Auditors,1,8966,1065,2,0,1,1,0,Science; Operations Analysis,1.0,0.2415,0.2503,0.2163,0.2303
29999135,ACCOUNTANT,13-2011.00,Accountants and Auditors,1,10809,1407,3,3,0,0,3,Microsoft Excel; Microsoft Outlook; Microsoft Word,1.0,0.75,0.75,0.6429,0.6429
21853199,ACCOUNTANT,13-2011.00,Accountants and Auditors,1,5754,737,4,3,0,1,0,Time Management; Microsoft Dynamics; Microsoft Dynamics AX; Tax software,0.75,0.5096,0.5236,0.4855,0.5084
39674178,ACCOUNTANT,13-2011.00,Accountants and Auditors,1,5623,706,1,0,1,0,0,Science,1.0,0.2327,0.2327,0.2023,0.2023
14449423,ACCOUNTANT,13-2011.00,Accountants and Auditors,1,7834,982,10,4,3,3,4,Writing; Science; Critical Thinking; Coordination; Programming; Time Management; C; SQL; Microsoft Word; Oracle Database,0.8,0.5406,0.75,0.4574,0.6429
25547145,ACCOUNTANT,13-2011.00,Accountants and Auditors,1,7245,909,1,0,1,0,0,Active Listening,1.0,0.649,0.649,0.5086,0.5086
14055988,ACCOUNTANT,13-2011.00,Accountants and Auditors,1,5030,616,4,0,2,2,0,Speaking; Monitoring; Instructing; Time Management,1.0,0.5481,0.6342,0.4566,0.4962
27637576,ACCOUNTANT,13-2011.00,Accountants and Auditors,1,9292,1165,4,1,0,3,0,Installation; Troubleshooting; Time Management; Ada,0.75,0.3353,0.5236,0.301,0.5
49997097,ACCOUNTANT,13-2011.00,Accountants and Auditors,1,5332,693,1,0,1,0,0,Science,1.0,0.2327,0.2327,0.2023,0.2023
27558837,ACCOUNTANT,13-2011.00,Accountants and Auditors,1,5092,740,2,2,0,0,2,Microsoft Access; Microsoft Excel,1.0,0.75,0.75,0.6429,0.6429
14126433,ACCOUNTANT,13-2011.00,Accountants and Auditors,1,6628,823,3,1,2,0,0,Science; Monitoring; Quicken,0.6667,0.4367,0.5774,0.3951,0.5
34198885,ACCOUNTANT,13-2011.00,Accountants and Auditors,1,5556,686,3,1,1,1,0,Monitoring; Time Management; Sage MAS 200 ERP,1.0,0.5337,0.5774,0.4722,0.5
62809577,ACCOUNTANT,13-2011.00,Accountants and Auditors,1,3997,468,2,0,0,2,0,Complex Problem Solving; Time Management,1.0,0.5381,0.5525,0.4424,0.4512
12065211,ACCOUNTANT,13-2011.00,Accountants and Auditors,1,5847,782,2,1,0,1,1,Coordination; SQL,0.5,0.5305,0.5305,0.4487,0.4487
23416654,ACCOUNTANT,13-2011.00,Accountants and Auditors,1,5621,712,1,1,0,0,0,ERP software,0.0,0.5,0.5,0.5,0.5
38847011,ACCOUNTANT,13-2011.00,Accountants and Auditors,1,6870,885,2,1,1,0,0,Writing; ADP Enterprise HR,0.5,0.5241,0.5483,0.4868,0.5
27573855,ACCOUNTANT,13-2011.00,Accountants and Auditors,1,7106,916,1,0,1,0,0,Science,1.0,0.2327,0.2327,0.2023,0.2023
15592167,ACCOUNTANT,13-2011.00,Accountants and Auditors,1,5322,670,0,0,0,0,0,,0.0,0.0,0.0,0.0,0.0
20082776,ACCOUNTANT,13-2011.00,Accountants and Auditors,1,5373,682,3,1,1,1,0,Science; Installation; Tax software,1.0,0.2694,0.5147,0.254,0.5084
10674770,ACCOUNTANT,13-2011.00,Accountants and Auditors,1,7826,1047,6,3,2,1,3,Writing; Science; Coordination; Microsoft Access; Microsoft Excel; Microsoft Word,1.0,0.5936,0.75,0.5089,0.6429
24294778,ACCOUNTANT,13-2011.00,Accountants and Auditors,1,9467,1219,4,0,1,3,0,Science; Coordination; Complex Problem Solving; Time Management,1.0,0.4598,0.5525,0.384,0.4512
11759079,ACCOUNTANT,13-2011.00,Accountants and Auditors,1,6166,849,4,2,1,1,1,Writing; Programming; Microsoft Excel; Scheme,0.75,0.4872,0.75,0.4336,0.6429
18669563,ACCOUNTANT,13-2011.00,Accountants and Auditors,1,4633,594,1,0,1,0,0,Monitoring,1.0,0.5774,0.5774,0.483,0.483
18569929,ACCOUNTANT,13-2011.00,Accountants and Auditors,1,4498,544,2,0,1,1,0,Science; Programming,1.0,0.1916,0.2327,0.1602,0.2023
80053367,ACCOUNTANT,13-2011.00,Accountants and Auditors,1,4940,600,2,0,2,0,0,Science; Monitoring,1.0,0.405,0.5774,0.3426,0.483
87635012,ACCOUNTANT,13-2011.00,Accountants and Auditors,1,5812,731,2,2,0,0,2,SQL; Microsoft Excel,0.5,0.75,0.75,0.6429,0.6429
24703009,ACCOUNTANT,13-2011.00,Accountants and Auditors,1,6262,827,3,0,1,2,0,Science; Complex Problem Solving; Time Management,1.0,0.4363,0.5525,0.3624,0.4512
25867805,ACCOUNTANT,13-2011.00,Accountants and Auditors,1,4899,628,3,0,3,0,0,Writing; Science; Critical Thinking,1.0,0.4701,0.6295,0.3959,0.5116
35554162,ACCOUNTANT,13-2011.00,Accountants and Auditors,1,5403,677,0,0,0,0,0,,0.0,0.0,0.0,0.0,0.0
13701259,ACCOUNTANT,13-2011.00,Accountants and Auditors,1,6898,866,3,1,1,1,1,Science; Time Management; Microsoft Word,1.0,0.5021,0.75,0.4263,0.6429
12202337,ACCOUNTANT,13-2011.00,Accountants and Auditors,1,5540,743,5,1,1,3,0,Science; Negotiation; Complex Problem Solving; Time Management; Google,0.8,0.4542,0.5625,0.3973,0.5357
19446337,ACCOUNTANT,13-2011.00,Accountants and Auditors,1,6636,747,4,0,1,3,0,Science; Complex Problem Solving; Installation; Time Management,1.0,0.3424,0.5525,0.2847,0.4512
15289348,ACCOUNTANT,13-2011.00,Accountants and Auditors,1,8688,1186,5,1,2,2,1,Writing; Monitoring; Complex Problem Solving; Time Management; Microsoft Excel,1.0,0.5904,0.75,0.4969,0.6429
28969385,ACCOUNTANT,13-2011.00,Accountants and Auditors,1,5969,739,5,1,1,3,1,Science; Coordination; Complex Problem Solving; Time Management; Microsoft Excel,1.0,0.5179,0.75,0.4357,0.6429
36425270,ACCOUNTANT,13-2011.00,Accountants and Auditors,1,5047,655,2,0,2,0,0,Science; Monitoring,1.0,0.405,0.5774,0.3426,0.483
78257294,ACCOUNTANT,13-2011.00,Accountants and Auditors,1,8728,1090,0,0,0,0,0,,0.0,0.0,0.0,0.0,0.0
23438112,ACCOUNTANT,13-2011.00,Accountants and Auditors,1,5562,636,2,0,1,1,0,Science; Coordination,1.0,0.3816,0.5305,0.3255,0.4487
98559931,ACCOUNTANT,13-2011.00,Accountants and Auditors,1,6075,797,1,0,1,0,0,Science,1.0,0.2327,0.2327,0.2023,0.2023
17306905,ACCOUNTANT,13-2011.00,Accountants and Auditors,1,13691,1825,2,1,1,0,1,Monitoring; Microsoft Excel,1.0,0.6637,0.75,0.5629,0.6429
12780508,ACCOUNTANT,13-2011.00,Accountants and Auditors,1,7958,994,4,1,2,1,1,Science; Monitoring; Equipment Maintenance; Microsoft Word,1.0,0.4336,0.75,0.3692,0.6429
26975573,ACCOUNTANT,13-2011.00,Accountants and Auditors,1,8779,1060,3,0,3,0,0,Science; Critical Thinking; Monitoring,1.0,0.4799,0.6295,0.399,0.5116
28298773,ACCOUNTANT,13-2011.00,Accountants and Auditors,1,5174,664,1,1,0,0,1,Microsoft Word,1.0,0.75,0.75,0.6429,0.6429
29050809,ACCOUNTANT,13-2011.00,Accountants and Auditors,1,9435,1200,1,0,0,1,0,Coordination,1.0,0.5305,0.5305,0.4487,0.4487
34816637,ACCOUNTANT,13-2011.00,Accountants and Auditors,1,5275,708,0,0,0,0,0,,0.0,0.0,0.0,0.0,0.0
22465498,ACCOUNTANT,13-2011.00,Accountants and Auditors,1,8158,992,2,0,2,0,0,Science; Monitoring,1.0,0.405,0.5774,0.3426,0.483
24103168,ACCOUNTANT,13-2011.00,Accountants and Auditors,1,5603,694,2,0,1,1,0,Critical Thinking; Complex Problem Solving,1.0,0.591,0.6295,0.4814,0.5116
36024962,ACCOUNTANT,13-2011.00,Accountants and Auditors,1,2002,233,1,0,1,0,0,Science,1.0,0.2327,0.2327,0.2023,0.2023
18635654,ACCOUNTANT,13-2011.00,Accountants and Auditors,1,3589,449,2,1,0,1,1,Coordination; Microsoft Word,1.0,0.6402,0.75,0.5458,0.6429
50222417,ACCOUNTANT,13-2011.00,Accountants and Auditors,1,8968,1152,4,1,2,1,0,Science; Monitoring; Coordination; Microsoft Dynamics,1.0,0.4601,0.5774,0.4085,0.5
23387174,ACCOUNTANT,13-2011.00,Accountants and Auditors,1,6179,782,1,0,0,1,0,Complex Problem Solving,1.0,0.5525,0.5525,0.4512,0.4512
13072019,ACCOUNTANT,13-2011.00,Accountants and Auditors,1,6394,829,3,0,2,1,0,Writing; Science; Coordination,1.0,0.4371,0.5483,0.3749,0.4737
82649935,ACCOUNTANT,13-2011.00,Accountants and Auditors,1,5277,696,0,0,0,0,0,,0.0,0.0,0.0,0.0,0.0
99433371,CONSTRUCTION,11-9021.00,Construction Managers,1,1885,214,2,2,0,0,2,Adobe Photoshop; Microsoft Word,0.5,0.75,0.75,0.6429,0.6429
10734870,CONSTRUCTION,11-9021.00,Construction Managers,1,5338,727,1,0,1,0,0,Science,1.0,0.2327,0.2327,0.2023,0.2023
18472240,CONSTRUCTION,11-9021.00,Construction Managers,1,1685,222,0,0,0,0,0,,0.0,0.0,0.0,0.0,0.0
71576860,CONSTRUCTION,11-9021.00,Construction Managers,1,5403,683,2,0,1,1,0,Monitoring; Time Management,1.0,0.5505,0.5774,0.4583,0.483
29087505,CONSTRUCTION,11-9021.00,Construction Managers,1,5268,790,1,1,0,0,1,WordPress,0.0,0.75,0.75,0.6429,0.6429
22965804,CONSTRUCTION,11-9021.00,Construction Managers,1,881,113,1,0,1,0,0,Science,1.0,0.2327,0.2327,0.2023,0.2023
33141415,CONSTRUCTION,11-9021.00,Construction Managers,1,3526,461,14,11,1,2,10,Science; Programming; Systems Analysis; C#; .NET; Java; JavaScript; Adobe Dreamweaver; Adobe Photoshop; Microsoft Excel; Microsoft PowerPoint; Microsoft Word; MySQL; PHP,0.4286,0.6092,0.75,0.5284,0.6429
26509539,CONSTRUCTION,11-9021.00,Construction Managers,1,7307,959,6,3,1,2,2,Mathematics; Installation; Programming; Adobe Photoshop; Microsoft Windows; iPro,0.5,0.4333,0.75,0.3865,0.6429
36331163,CONSTRUCTION,11-9021.00,Construction Managers,1,3319,384,4,2,0,2,2,Installation; Repairing; Microsoft Excel; Microsoft Word,1.0,0.4319,0.75,0.3703,0.6429
25656981,CONSTRUCTION,11-9021.00,Construction Managers,1,5206,682,6,2,2,2,1,Science; Monitoring; Programming; Troubleshooting; Microsoft Project; Scheduling software,1.0,0.4112,0.75,0.3608,0.6429
26091595,CONSTRUCTION,11-9021.00,Construction Managers,1,6244,764,3,0,0,3,0,Coordination; Negotiation; Troubleshooting,1.0,0.3957,0.5305,0.3437,0.4487
11393213,CONSTRUCTION,11-9021.00,Construction Managers,1,5609,702,1,0,1,0,0,Science,1.0,0.2327,0.2327,0.2023,0.2023
14900898,CONSTRUCTION,11-9021.00,Construction Managers,1,4139,626,1,1,0,0,1,AWS,0.0,0.0,0.0,0.0,0.0
25098739,CONSTRUCTION,11-9021.00,Construction Managers,1,1763,232,0,0,0,0,0,,0.0,0.0,0.0,0.0,0.0
78114950,CONSTRUCTION,11-9021.00,Construction Managers,1,13910,1522,3,1,1,1,0,Monitoring; Installation; Prolog,0.6667,0.3794,0.5774,0.3448,0.5
35971546,CONSTRUCTION,11-9021.00,Construction Managers,1,7512,922,7,2,3,2,2,Writing; Science; Monitoring; Persuasion; Negotiation; Microsoft Project; Swift,0.8571,0.5275,0.75,0.4574,0.6429
22019500,CONSTRUCTION,11-9021.00,Construction Managers,1,8820,1143,3,0,0,3,0,Coordination; Complex Problem Solving; Installation,1.0,0.3813,0.5525,0.3171,0.4512
12839152,CONSTRUCTION,11-9021.00,Construction Managers,1,7820,939,1,0,0,1,0,Installation,1.0,0.0608,0.0608,0.0514,0.0514
16353584,CONSTRUCTION,11-9021.00,Construction Managers,1,5580,729,1,0,0,1,0,Negotiation,1.0,0.3998,0.3998,0.3637,0.3637
29878348,CONSTRUCTION,11-9021.00,Construction Managers,1,2162,266,0,0,0,0,0,,0.0,0.0,0.0,0.0,0.0
28815362,CONSTRUCTION,11-9021.00,Construction Managers,1,7662,936,7,3,2,2,3,Mathematics; Science; Installation; Time Management; Linux; Microsoft Project; Microsoft Visio,0.8571,0.4936,0.75,0.4257,0.6429
15564893,CONSTRUCTION,11-9021.00,Construction Managers,1,5469,702,2,0,1,1,0,Writing; Installation,1.0,0.3045,0.5483,0.2625,0.4737
12491898,CONSTRUCTION,11-9021.00,Construction Managers,1,18700,2540,3,0,2,1,0,Writing; Monitoring; Time Management,1.0,0.5498,0.5774,0.4634,0.483
29574501,CONSTRUCTION,11-9021.00,Construction Managers,1,4437,573,2,1,0,1,1,Complex Problem Solving; Intuit QuickBooks,0.5,0.6512,0.75,0.547,0.6429
32799518,CONSTRUCTION,11-9021.00,Construction Managers,1,11754,1565,0,0,0,0,0,,0.0,0.0,0.0,0.0,0.0
28942221,CONSTRUCTION,11-9021.00,Construction Managers,1,5440,666,0,0,0,0,0,,0.0,0.0,0.0,0.0,0.0
10176013,CONSTRUCTION,11-9021.00,Construction Managers,1,9431,1196,3,0,1,2,0,Science; Installation; Programming,1.0,0.148,0.2327,0.1239,0.2023
16378091,CONSTRUCTION,11-9021.00,Construction Managers,1,2815,351,1,0,0,1,0,Time Management,1.0,0.5236,0.5236,0.4337,0.4337
16203589,CONSTRUCTION,11-9021.00,Construction Managers,1,7447,932,10,1,4,5,1,Reading Comprehension; Active Listening; Critical Thinking; Monitoring; Complex Problem Solving; Judgment and Decision Making; Time Management; Management of Material Resources; Management of Personnel Resources; Angular,0.9,0.5284,0.649,0.4381,0.5227
63145386,CONSTRUCTION,11-9021.00,Construction Managers,1,5692,678,4,1,3,0,1,Writing; Science; Monitoring; Adobe Acrobat,1.0,0.5271,0.75,0.4504,0.6429
13907230,CONSTRUCTION,11-9021.00,Construction Managers,1,2124,274,2,1,1,0,1,Science; Microsoft Word,1.0,0.4913,0.75,0.4226,0.6429
21586858,CONSTRUCTION,11-9021.00,Construction Managers,1,7302,956,2,1,0,1,1,Programming; Microsoft Project,1.0,0.4503,0.75,0.3804,0.6429
61065616,CONSTRUCTION,11-9021.00,Construction Managers,1,5075,622,4,0,3,1,0,Science; Critical Thinking; Monitoring; Social Perceptiveness,1.0,0.4951,0.6295,0.4106,0.5116
19471144,CONSTRUCTION,11-9021.00,Construction Managers,1,7390,953,3,0,0,3,0,Coordination; Negotiation; Installation,1.0,0.3304,0.5305,0.2879,0.4487
17342969,CONSTRUCTION,11-9021.00,Construction Managers,1,21675,3128,3,1,1,1,1,Science; Installation; Microsoft Project,1.0,0.3478,0.75,0.2989,0.6429
10041713,CONSTRUCTION,11-9021.00,Construction Managers,1,7027,924,2,1,0,1,1,Installation; SQL,0.5,0.0608,0.0608,0.0514,0.0514
24770846,CONSTRUCTION,11-9021.00,Construction Managers,1,3764,531,2,0,1,1,0,Science; Installation,1.0,0.1468,0.2327,0.1269,0.2023
24740005,CONSTRUCTION,11-9021.00,Construction Managers,1,8334,1009,3,0,1,2,0,Writing; Coordination; Negotiation,1.0,0.4928,0.5483,0.4287,0.4737
14585273,CONSTRUCTION,11-9021.00,Construction Managers,1,5703,689,1,0,1,0,0,Science,1.0,0.2327,0.2327,0.2023,0.2023
28756444,CONSTRUCTION,11-9021.00,Construction Managers,1,8118,1043,3,0,0,3,0,Installation; Equipment Maintenance; Troubleshooting,1.0,0.164,0.2568,0.1397,0.2188
10281555,CONSTRUCTION,11-9021.00,Construction Managers,1,5681,708,4,0,2,2,0,Writing; Science; Negotiation; Installation,1.0,0.3104,0.5483,0.2728,0.4737
48549972,CONSTRUCTION,11-9021.00,Construction Managers,1,4165,527,2,0,1,1,0,Monitoring; Coordination,1.0,0.5539,0.5774,0.4658,0.483
17252448,CONSTRUCTION,11-9021.00,Construction Managers,1,5507,730,2,0,1,1,0,Science; Coordination,1.0,0.3816,0.5305,0.3255,0.4487
15721849,CONSTRUCTION,11-9021.00,Construction Managers,1,8441,1009,4,0,0,4,0,Coordination; Negotiation; Programming; Troubleshooting,1.0,0.3344,0.5305,0.2873,0.4487
56525735,CONSTRUCTION,11-9021.00,Construction Managers,1,6905,870,4,2,0,2,1,Coordination; Installation; Ada; Microsoft Project,0.75,0.4603,0.75,0.4107,0.6429
51638201,CONSTRUCTION,11-9021.00,Construction Managers,1,5186,654,3,0,0,3,0,Installation; Equipment Maintenance; Repairing,1.0,0.134,0.1744,0.1147,0.1487
94503308,CONSTRUCTION,11-9021.00,Construction Managers,1,4973,611,4,0,1,3,0,Science; Coordination; Negotiation; Installation,1.0,0.3059,0.5305,0.2665,0.4487
27835351,CONSTRUCTION,11-9021.00,Construction Managers,1,6442,815,4,0,0,4,0,Coordination; Installation; Equipment Maintenance; Troubleshooting,1.0,0.2556,0.5305,0.2169,0.4487
38946032,CONSTRUCTION,11-9021.00,Construction Managers,1,6057,779,1,1,0,0,1,SQL,0.0,0.0,0.0,0.0,0.0
39674782,CONSTRUCTION,11-9021.00,Construction Managers,1,5539,682,1,0,1,0,0,Science,1.0,0.2327,0.2327,0.2023,0.2023
29193505,CONSTRUCTION,11-9021.00,Construction Managers,1,6316,822,2,0,0,2,0,Installation; Programming,1.0,0.1057,0.1506,0.0847,0.118
12890045,CONSTRUCTION,11-9021.00,Construction Managers,1,4994,614,3,2,0,1,1,Time Management; Google; Microsoft Excel,0.6667,0.612,0.75,0.5374,0.6429
29894080,CONSTRUCTION,11-9021.00,Construction Managers,1,9190,1098,4,1,1,2,1,Monitoring; Coordination; Installation; Microsoft Project,1.0,0.4797,0.75,0.4065,0.6429
32025286,CONSTRUCTION,11-9021.00,Construction Managers,1,7443,950,2,0,1,1,0,Science; Installation,1.0,0.1468,0.2327,0.1269,0.2023
21567392,CONSTRUCTION,11-9021.00,Construction Managers,1,8133,1048,1,0,0,1,0,Installation,1.0,0.0608,0.0608,0.0514,0.0514
32265203,CONSTRUCTION,11-9021.00,Construction Managers,1,5319,670,1,0,1,0,0,Active Listening,1.0,0.649,0.649,0.5086,0.5086
27246366,CONSTRUCTION,11-9021.00,Construction Managers,1,5705,711,3,0,1,2,0,Science; Installation; Programming,1.0,0.148,0.2327,0.1239,0.2023
27066370,CONSTRUCTION,11-9021.00,Construction Managers,1,3395,454,0,0,0,0,0,,0.0,0.0,0.0,0.0,0.0
21363048,CONSTRUCTION,11-9021.00,Construction Managers,1,7756,1040,0,0,0,0,0,,0.0,0.0,0.0,0.0,0.0
21782152,CONSTRUCTION,11-9021.00,Construction Managers,1,5472,699,6,1,3,2,1,Writing; Science; Monitoring; Coordination; Troubleshooting; Microsoft Word,1.0,0.4826,0.75,0.4115,0.6429
16626724,CONSTRUCTION,11-9021.00,Construction Managers,1,3783,470,0,0,0,0,0,,0.0,0.0,0.0,0.0,0.0
25224998,CONSTRUCTION,11-9021.00,Construction Managers,1,5025,651,1,0,1,0,0,Science,1.0,0.2327,0.2327,0.2023,0.2023
28803888,CONSTRUCTION,11-9021.00,Construction Managers,1,6038,829,7,3,1,3,3,Monitoring; Installation; Repairing; Time Management; Microsoft Excel; Microsoft PowerPoint; Microsoft Word,1.0,0.5112,0.75,0.4344,0.6429
25187733,CONSTRUCTION,11-9021.00,Construction Managers,1,12552,1556,3,0,2,1,0,Science; Monitoring; Installation,1.0,0.2903,0.5774,0.2456,0.483
88859947,CONSTRUCTION,11-9021.00,Construction Managers,1,6222,780,1,1,0,0,1,Microsoft Project,1.0,0.75,0.75,0.6429,0.6429
17570634,CONSTRUCTION,11-9021.00,Construction Managers,1,6418,784,5,1,1,3,0,Science; Equipment Selection; Installation; Time Management; Scheduling software,1.0,0.2984,0.5236,0.2677,0.5
10149490,CONSTRUCTION,11-9021.00,Construction Managers,1,10077,1221,0,0,0,0,0,,0.0,0.0,0.0,0.0,0.0
19364677,CONSTRUCTION,11-9021.00,Construction Managers,1,6400,804,3,0,1,2,0,Science; Coordination; Negotiation,1.0,0.3877,0.5305,0.3382,0.4487
22983516,CONSTRUCTION,11-9021.00,Construction Managers,1,7964,985,3,0,1,2,0,Science; Installation; Equipment Maintenance,1.0,0.156,0.2327,0.1342,0.2023
31850269,CONSTRUCTION,11-9021.00,Construction Managers,1,5195,620,7,3,1,3,3,Writing; Equipment Maintenance; Troubleshooting; Time Management; Microsoft Excel; Microsoft PowerPoint; Microsoft Word,1.0,0.5362,0.75,0.4576,0.6429
27243670,CONSTRUCTION,11-9021.00,Construction Managers,1,9861,1277,3,1,1,1,0,Science; Negotiation; Deltek Costpoint,0.6667,0.3775,0.5,0.3553,0.5
44147689,CONSTRUCTION,11-9021.00,Construction Managers,1,3732,428,3,1,1,1,0,Science; Coordination; Ada,0.6667,0.4211,0.5305,0.3837,0.5
12654876,CONSTRUCTION,11-9021.00,Construction Managers,1,7206,870,0,0,0,0,0,,0.0,0.0,0.0,0.0,0.0
49685006,CONSTRUCTION,11-9021.00,Construction Managers,1,10072,1286,7,6,0,1,3,Time Management; Facebook; LinkedIn; Microsoft Outlook; SAS; Social media sites; YouTube,0.4286,0.6105,0.75,0.5517,0.6429
12212468,CONSTRUCTION,11-9021.00,Construction Managers,1,9190,1258,2,0,0,2,0,Coordination; Installation,1.0,0.2956,0.5305,0.25,0.4487
29483501,CONSTRUCTION,11-9021.00,Construction Managers,1,6071,773,1,0,0,1,0,Negotiation,1.0,0.3998,0.3998,0.3637,0.3637
69764348,CONSTRUCTION,11-9021.00,Construction Managers,1,11923,1501,6,0,3,3,0,Writing; Speaking; Science; Installation; Troubleshooting; Repairing,1.0,0.3166,0.6342,0.2644,0.4962
18882984,CONSTRUCTION,11-9021.00,Construction Managers,1,6293,802,2,0,0,2,0,Coordination; Time Management,1.0,0.527,0.5305,0.4412,0.4487
45475027,CONSTRUCTION,11-9021.00,Construction Managers,1,9004,1152,1,0,1,0,0,Science,1.0,0.2327,0.2327,0.2023,0.2023
34544955,CONSTRUCTION,11-9021.00,Construction Managers,1,6722,844,4,2,2,0,2,Writing; Science; Microsoft Excel; Microsoft Windows,0.75,0.5702,0.75,0.4904,0.6429
93436805,CONSTRUCTION,11-9021.00,Construction Managers,1,5365,656,3,0,1,2,0,Writing; Installation; Time Management,1.0,0.3776,0.5483,0.3196,0.4737
39908485,CONSTRUCTION,11-9021.00,Construction Managers,1,30055,3994,8,3,1,4,3,Science; Coordination; Negotiation; Installation; Troubleshooting; Microsoft Excel; Microsoft Project; Microsoft Word,1.0,0.4663,0.75,0.4017,0.6429
39566718,CONSTRUCTION,11-9021.00,Construction Managers,1,8125,1063,2,0,1,1,0,Monitoring; Coordination,1.0,0.5539,0.5774,0.4658,0.483
12666174,CONSTRUCTION,11-9021.00,Construction Managers,1,8459,1125,4,1,0,3,0,Coordination; Negotiation; Installation; Estimating software,0.75,0.3728,0.5305,0.3409,0.5
20565849,CONSTRUCTION,11-9021.00,Construction Managers,1,3403,448,1,0,0,1,0,Coordination,1.0,0.5305,0.5305,0.4487,0.4487
12693146,CONSTRUCTION,11-9021.00,Construction Managers,1,8442,1135,3,0,2,1,0,Writing; Science; Programming,1.0,0.3105,0.5483,0.2647,0.4737
14849103,CONSTRUCTION,11-9021.00,Construction Managers,1,6173,781,1,0,1,0,0,Science,1.0,0.2327,0.2327,0.2023,0.2023
10100240,CONSTRUCTION,11-9021.00,Construction Managers,1,6078,801,0,0,0,0,0,,0.0,0.0,0.0,0.0,0.0
22894544,CONSTRUCTION,11-9021.00,Construction Managers,1,4964,736,1,0,0,1,0,Time Management,1.0,0.5236,0.5236,0.4337,0.4337
19928941,CONSTRUCTION,11-9021.00,Construction Managers,1,1930,240,3,0,0,3,0,Negotiation; Operation and Control; Judgment and Decision Making,1.0,0.4198,0.5641,0.3565,0.4572
39027764,CONSTRUCTION,11-9021.00,Construction Managers,1,6770,853,3,0,0,3,0,Coordination; Negotiation; Installation,1.0,0.3304,0.5305,0.2879,0.4487
23818675,CONSTRUCTION,11-9021.00,Construction Managers,1,8798,1174,9,6,1,2,6,Science; Coordination; Installation; Adobe Acrobat; Microsoft Excel; Microsoft Outlook; Microsoft PowerPoint; Microsoft Project; Microsoft Word,1.0,0.5916,0.75,0.5066,0.6429
24953126,CONSTRUCTION,11-9021.00,Construction Managers,1,7582,1062,2,0,1,1,0,Critical Thinking; Installation,1.0,0.3452,0.6295,0.2815,0.5116
22718826,CONSTRUCTION,11-9021.00,Construction Managers,1,5585,707,3,0,0,3,0,Negotiation; Programming; Time Management,1.0,0.358,0.5236,0.3051,0.4337
24361598,CONSTRUCTION,11-9021.00,Construction Managers,1,7431,963,3,0,1,2,0,Science; Coordination; Installation,1.0,0.2747,0.5305,0.2341,0.4487
20681037,CONSTRUCTION,11-9021.00,Construction Managers,1,1936,236,1,1,0,0,1,Microsoft Word,1.0,0.75,0.75,0.6429,0.6429
16924279,CONSTRUCTION,11-9021.00,Construction Managers,1,5615,724,6,1,2,3,1,Science; Monitoring; Coordination; Instructing; Troubleshooting; Microsoft Windows,0.8333,0.4674,0.75,0.4016,0.6429
30311725,CONSTRUCTION,11-9021.00,Construction Managers,1,5713,727,4,1,0,3,1,Installation; Programming; Time Management; Microsoft Project,1.0,0.3713,0.75,0.3115,0.6429
29061628,CONSTRUCTION,11-9021.00,Construction Managers,1,2723,328,1,0,1,0,0,Science,1.0,0.2327,0.2327,0.2023,0.2023
33023370,CONSTRUCTION,11-9021.00,Construction Managers,1,5854,877,2,0,1,1,0,Monitoring; Installation,1.0,0.3191,0.5774,0.2672,0.483
32773331,CONSTRUCTION,11-9021.00,Construction Managers,1,6768,892,4,1,1,2,1,Monitoring; Coordination; Time Management; Microsoft Project,1.0,0.5954,0.75,0.502,0.6429
10820510,CONSTRUCTION,11-9021.00,Construction Managers,1,2568,356,3,2,0,1,2,Coordination; AWS; Microsoft Word,0.6667,0.6402,0.75,0.5458,0.6429
28949406,CONSTRUCTION,11-9021.00,Construction Managers,1,6217,852,4,1,1,2,1,Science; Programming; Time Management; C++,0.75,0.4142,0.75,0.3492,0.6429
12826414,CONSTRUCTION,11-9021.00,Construction Managers,1,10119,1331,2,0,0,2,0,Negotiation; Installation,1.0,0.2303,0.3998,0.2076,0.3637
63083944,CONSTRUCTION,11-9021.00,Construction Managers,1,7010,902,3,0,2,1,0,Science; Monitoring; Time Management,1.0,0.4446,0.5774,0.373,0.483
22546476,CONSTRUCTION,11-9021.00,Construction Managers,1,5078,690,1,0,1,0,0,Monitoring,1.0,0.5774,0.5774,0.483,0.483
90032884,CONSTRUCTION,11-9021.00,Construction Managers,1,5183,656,0,0,0,0,0,,0.0,0.0,0.0,0.0,0.0
27187994,CONSTRUCTION,11-9021.00,Construction Managers,1,1407,169,0,0,0,0,0,,0.0,0.0,0.0,0.0,0.0
30397268,CONSTRUCTION,11-9021.00,Construction Managers,1,10860,1386,3,1,0,2,1,Coordination; Installation; Zoom,0.6667,0.4471,0.75,0.381,0.6429
78298706,CONSTRUCTION,11-9021.00,Construction Managers,1,5600,741,0,0,0,0,0,,0.0,0.0,0.0,0.0,0.0
11650031,CONSTRUCTION,11-9021.00,Construction Managers,1,2482,298,2,0,0,2,0,Coordination; Time Management,1.0,0.527,0.5305,0.4412,0.4487
12695537,CONSTRUCTION,11-9021.00,Construction Managers,1,5871,741,3,1,2,0,0,Mathematics; Science; Simulation software,0.6667,0.3736,0.5,0.3555,0.5
31392754,PUBLIC-RELATIONS,27-3031.00,Public Relations Specialists,1,6486,835,6,1,2,3,0,Speaking; Critical Thinking; Coordination; Instructing; Installation; Time and attendance software,0.8333,0.4687,0.6342,0.4036,0.5116
23143731,PUBLIC-RELATIONS,27-3031.00,Public Relations Specialists,1,5317,716,0,0,0,0,0,,0.0,0.0,0.0,0.0,0.0
26130673,PUBLIC-RELATIONS,27-3031.00,Public Relations Specialists,1,3883,468,0,0,0,0,0,,0.0,0.0,0.0,0.0,0.0
25070914,PUBLIC-RELATIONS,27-3031.00,Public Relations Specialists,1,8384,1051,2,0,2,0,0,Writing; Science,1.0,0.3905,0.5483,0.338,0.4737
37913536,PUBLIC-RELATIONS,27-3031.00,Public Relations Specialists,1,5824,772,7,6,0,1,1,Coordination; Facebook; Google; Instagram; LinkedIn; Pinterest; Twitter,0.8571,0.549,0.75,0.5182,0.6429
14278888,PUBLIC-RELATIONS,27-3031.00,Public Relations Specialists,1,5851,708,1,0,1,0,0,Science,1.0,0.2327,0.2327,0.2023,0.2023
28831442,PUBLIC-RELATIONS,27-3031.00,Public Relations Specialists,1,8009,1170,3,1,1,1,1,Science; Time Management; Microsoft Word,1.0,0.5021,0.75,0.4263,0.6429
98086373,PUBLIC-RELATIONS,27-3031.00,Public Relations Specialists,1,5750,811,3,2,1,0,2,Science; Adobe Photoshop; Facebook,1.0,0.5776,0.75,0.496,0.6429
23673025,PUBLIC-RELATIONS,27-3031.00,Public Relations Specialists,1,8118,1031,2,0,1,1,0,Writing; Coordination,1.0,0.5394,0.5483,0.4612,0.4737
10070224,PUBLIC-RELATIONS,27-3031.00,Public Relations Specialists,1,7611,937,4,1,2,1,0,Writing; Monitoring; Coordination; Constant Contact,0.75,0.539,0.5774,0.4763,0.5
28290448,PUBLIC-RELATIONS,27-3031.00,Public Relations Specialists,1,8854,1124,9,7,2,0,3,Writing; Science; Adobe Photoshop; Facebook; Google; Instagram; LinkedIn; Twitter; WordPress,1.0,0.5659,0.75,0.5156,0.6429
24559558,PUBLIC-RELATIONS,27-3031.00,Public Relations Specialists,1,5811,745,3,1,2,0,1,Writing; Science; Adobe Photoshop,1.0,0.5103,0.75,0.4396,0.6429
28862054,PUBLIC-RELATIONS,27-3031.00,Public Relations Specialists,1,8684,1179,8,6,2,0,1,Science; Monitoring; Facebook; Google; Instagram; Snapchat; Twitter; YouTube,0.875,0.5153,0.75,0.483,0.6429
14536764,PUBLIC-RELATIONS,27-3031.00,Public Relations Specialists,1,5510,716,0,0,0,0,0,,0.0,0.0,0.0,0.0,0.0
37087371,PUBLIC-RELATIONS,27-3031.00,Public Relations Specialists,1,5420,719,4,1,3,0,1,Writing; Speaking; Science; PHP,0.75,0.5413,0.75,0.4538,0.6429
12191094,PUBLIC-RELATIONS,27-3031.00,Public Relations Specialists,1,6141,738,2,0,1,1,0,Writing; Programming,1.0,0.3494,0.5483,0.2958,0.4737
12920612,PUBLIC-RELATIONS,27-3031.00,Public Relations Specialists,1,6454,860,2,1,1,0,1,Science; Facebook,1.0,0.4913,0.75,0.4226,0.6429
14009087,PUBLIC-RELATIONS,27-3031.00,Public Relations Specialists,1,6440,808,3,0,2,1,0,Writing; Science; Programming,1.0,0.3105,0.5483,0.2647,0.4737
91197243,PUBLIC-RELATIONS,27-3031.00,Public Relations Specialists,1,6273,773,2,0,2,0,0,Writing; Speaking,1.0,0.5912,0.6342,0.485,0.4962
12545844,PUBLIC-RELATIONS,27-3031.00,Public Relations Specialists,1,2712,352,1,1,0,0,1,WordPress,1.0,0.75,0.75,0.6429,0.6429
31292364,PUBLIC-RELATIONS,27-3031.00,Public Relations Specialists,1,6713,845,5,4,1,0,2,Writing; Facebook; Social media sites; Twitter; WordPress,1.0,0.6097,0.75,0.5519,0.6429
11902276,PUBLIC-RELATIONS,27-3031.00,Public Relations Specialists,1,6040,775,6,0,3,3,0,Active Listening; Science; Critical Thinking; Persuasion; Negotiation; Time Management,1.0,0.4781,0.649,0.4022,0.5116
18436190,PUBLIC-RELATIONS,27-3031.00,Public Relations Specialists,1,5191,680,10,9,1,0,8,Speaking; Adobe Illustrator; Adobe Photoshop; Basecamp; Facebook; Microsoft Excel; Microsoft Outlook; Microsoft PowerPoint; Microsoft Word; WordPress,0.9,0.7134,0.75,0.6139,0.6429
23771896,PUBLIC-RELATIONS,27-3031.00,Public Relations Specialists,1,5546,742,2,0,2,0,0,Writing; Science,1.0,0.3905,0.5483,0.338,0.4737
25413261,PUBLIC-RELATIONS,27-3031.00,Public Relations Specialists,1,11628,1480,1,0,1,0,0,Writing,1.0,0.5483,0.5483,0.4737,0.4737
49119887,PUBLIC-RELATIONS,27-3031.00,Public Relations Specialists,1,4989,604,2,0,2,0,0,Science; Monitoring,1.0,0.405,0.5774,0.3426,0.483
27000192,PUBLIC-RELATIONS,27-3031.00,Public Relations Specialists,1,8630,1081,7,3,3,1,3,Writing; Speaking; Science; Coordination; Microsoft Outlook; Microsoft Word; Swift,0.8571,0.5994,0.75,0.5071,0.6429
27257013,PUBLIC-RELATIONS,27-3031.00,Public Relations Specialists,1,9880,1284,6,1,3,2,0,Writing; Speaking; Monitoring; Coordination; Programming; LinkedIn,1.0,0.4901,0.6342,0.4199,0.5
45900271,PUBLIC-RELATIONS,27-3031.00,Public Relations Specialists,1,5584,722,4,4,0,0,1,Facebook; Instagram; Pinterest; Twitter,0.75,0.5625,0.75,0.5357,0.6429
22560013,PUBLIC-RELATIONS,27-3031.00,Public Relations Specialists,1,5978,744,7,4,1,2,2,Writing; Programming; Time Management; Constant Contact; Facebook; Twitter; WordPress,0.8571,0.5318,0.75,0.473,0.6429
24977396,PUBLIC-RELATIONS,27-3031.00,Public Relations Specialists,1,6664,887,2,0,2,0,0,Speaking; Critical Thinking,1.0,0.6318,0.6342,0.5039,0.5116
14364597,PUBLIC-RELATIONS,27-3031.00,Public Relations Specialists,1,5117,634,4,2,2,0,2,Writing; Science; Adobe Acrobat; Facebook,1.0,0.5702,0.75,0.4904,0.6429
59346975,PUBLIC-RELATIONS,27-3031.00,Public Relations Specialists,1,6434,860,2,0,1,1,0,Science; Programming,1.0,0.1916,0.2327,0.1602,0.2023
11850315,PUBLIC-RELATIONS,27-3031.00,Public Relations Specialists,1,7308,1008,4,2,2,0,1,Writing; Speaking; Google; Google Analytics,1.0,0.6237,0.75,0.5371,0.6429
24710433,PUBLIC-RELATIONS,27-3031.00,Public Relations Specialists,1,10724,1353,6,2,3,1,1,Writing; Speaking; Critical Thinking; Time Management; Adobe Photoshop; LexisNexis,1.0,0.5976,0.75,0.5097,0.6429
21297828,PUBLIC-RELATIONS,27-3031.00,Public Relations Specialists,1,2099,253,4,3,1,0,1,Writing; Facebook; Instagram; Twitter,1.0,0.5746,0.75,0.5291,0.6429
26330995,PUBLIC-RELATIONS,27-3031.00,Public Relations Specialists,1,6412,846,4,0,1,3,0,Critical Thinking; Social Perceptiveness; Programming; Judgment and Decision Making,1.0,0.4713,0.6295,0.383,0.5116
30642458,PUBLIC-RELATIONS,27-3031.00,Public Relations Specialists,1,5881,771,3,1,2,0,0,Writing; Science; Constant Contact,0.6667,0.427,0.5483,0.392,0.5
19503224,PUBLIC-RELATIONS,27-3031.00,Public Relations Specialists,1,8728,1111,1,0,1,0,0,Writing,1.0,0.5483,0.5483,0.4737,0.4737
36107065,PUBLIC-RELATIONS,27-3031.00,Public Relations Specialists,1,11431,1492,6,4,2,0,3,Science; Critical Thinking; GCP; SQL; Facebook; LinkedIn,0.6667,0.528,0.75,0.4642,0.6429
10554045,PUBLIC-RELATIONS,27-3031.00,Public Relations Specialists,1,7000,864,0,0,0,0,0,,0.0,0.0,0.0,0.0,0.0
29525715,PUBLIC-RELATIONS,27-3031.00,Public Relations Specialists,1,8912,1122,2,0,2,0,0,Speaking; Science,1.0,0.4334,0.6342,0.3493,0.4962
15917885,PUBLIC-RELATIONS,27-3031.00,Public Relations Specialists,1,3220,408,1,0,1,0,0,Monitoring,1.0,0.5774,0.5774,0.483,0.483
12567516,PUBLIC-RELATIONS,27-3031.00,Public Relations Specialists,1,5359,640,5,2,3,0,2,Writing; Speaking; Science; Facebook; Microsoft Word,1.0,0.583,0.75,0.4916,0.6429
21478007,PUBLIC-RELATIONS,27-3031.00,Public Relations Specialists,1,5313,707,7,6,1,0,4,Science; Adobe InDesign; Adobe Photoshop; Facebook; Instagram; Microsoft Excel; Social media sites,1.0,0.6047,0.75,0.5391,0.6429
24590489,PUBLIC-RELATIONS,27-3031.00,Public Relations Specialists,1,7721,1048,2,0,1,1,0,Monitoring; Time Management,1.0,0.5505,0.5774,0.4583,0.483
14667659,PUBLIC-RELATIONS,27-3031.00,Public Relations Specialists,1,5410,601,2,1,0,1,1,Persuasion; Microsoft Excel,1.0,0.5921,0.75,0.5181,0.6429
19929506,PUBLIC-RELATIONS,27-3031.00,Public Relations Specialists,1,5110,619,8,7,1,0,2,Science; Facebook; Google; Google Docs; Instagram; Pinterest; Twitter; YouTube,0.875,0.5369,0.75,0.503,0.6429
31220062,PUBLIC-RELATIONS,27-3031.00,Public Relations Specialists,1,11108,1351,6,3,1,2,1,Writing; Negotiation; Time Management; Facebook; Twitter; YouTube,1.0,0.5369,0.75,0.4856,0.6429
26173524,PUBLIC-RELATIONS,27-3031.00,Public Relations Specialists,1,5299,662,3,1,1,1,1,Science; Troubleshooting; Adobe Photoshop,1.0,0.4132,0.75,0.3547,0.6429
85973397,PUBLIC-RELATIONS,27-3031.00,Public Relations Specialists,1,5058,630,3,2,1,0,2,Speaking; Adobe InDesign; WordPress,1.0,0.7114,0.75,0.594,0.6429
18133495,PUBLIC-RELATIONS,27-3031.00,Public Relations Specialists,1,9659,1369,8,5,0,3,4,Coordination; Installation; Programming; SQL; Linux; Unix; Adobe Photoshop; HMS,0.5,0.4988,0.75,0.4352,0.6429
14128006,PUBLIC-RELATIONS,27-3031.00,Public Relations Specialists,1,4978,657,6,4,2,0,2,Writing; Science; Adobe Photoshop; Google; Google Analytics; LinkedIn,1.0,0.5572,0.75,0.4996,0.6429
16620172,PUBLIC-RELATIONS,27-3031.00,Public Relations Specialists,1,6800,893,4,3,1,0,0,Monitoring; Instagram; LinkedIn; Twitter,1.0,0.5194,0.5774,0.4957,0.5
25001005,PUBLIC-RELATIONS,27-3031.00,Public Relations Specialists,1,5919,730,3,0,3,0,0,Writing; Speaking; Monitoring,1.0,0.5866,0.6342,0.4843,0.4962
19497420,PUBLIC-RELATIONS,27-3031.00,Public Relations Specialists,1,9838,1247,4,1,2,1,1,Science; Critical Thinking; Coordination; Facebook,1.0,0.5357,0.75,0.4514,0.6429
37375999,PUBLIC-RELATIONS,27-3031.00,Public Relations Specialists,1,5877,793,2,2,0,0,1,Google; Google Analytics,1.0,0.6562,0.75,0.5893,0.6429
11160414,PUBLIC-RELATIONS,27-3031.00,Public Relations Specialists,1,6822,901,1,0,0,1,0,Programming,1.0,0.1506,0.1506,0.118,0.118
85766635,PUBLIC-RELATIONS,27-3031.00,Public Relations Specialists,1,6530,737,7,5,1,1,3,Science; Coordination; Facebook; Google; Google Docs; Twitter; WordPress,1.0,0.5822,0.75,0.5165,0.6429
16226743,PUBLIC-RELATIONS,27-3031.00,Public Relations Specialists,1,9963,1314,2,0,2,0,0,Writing; Science,1.0,0.3905,0.5483,0.338,0.4737
61319162,PUBLIC-RELATIONS,27-3031.00,Public Relations Specialists,1,7717,960,4,2,1,1,0,Speaking; Programming; LexisNexis; Twitter,1.0,0.4462,0.6342,0.4036,0.5
38056161,PUBLIC-RELATIONS,27-3031.00,Public Relations Specialists,1,5442,664,2,0,1,1,0,Monitoring; Coordination,1.0,0.5539,0.5774,0.4658,0.483
65237556,PUBLIC-RELATIONS,27-3031.00,Public Relations Specialists,1,7022,894,3,1,0,2,1,Coordination; Negotiation; Tableau,0.6667,0.5601,0.75,0.4851,0.6429
75329822,PUBLIC-RELATIONS,27-3031.00,Public Relations Specialists,1,5641,719,1,0,1,0,0,Speaking,1.0,0.6342,0.6342,0.4962,0.4962
11624880,PUBLIC-RELATIONS,27-3031.00,Public Relations Specialists,1,6403,815,6,4,2,0,2,Writing; Science; Adobe Photoshop; Constant Contact; Facebook; Twitter,0.8333,0.5468,0.75,0.4936,0.6429
31211074,PUBLIC-RELATIONS,27-3031.00,Public Relations Specialists,1,5257,659,1,0,1,0,0,Science,1.0,0.2327,0.2327,0.2023,0.2023
21669215,PUBLIC-RELATIONS,27-3031.00,Public Relations Specialists,1,3869,490,0,0,0,0,0,,0.0,0.0,0.0,0.0,0.0
19558834,PUBLIC-RELATIONS,27-3031.00,Public Relations Specialists,1,5023,631,2,0,1,1,0,Writing; Programming,1.0,0.3494,0.5483,0.2958,0.4737
53701275,PUBLIC-RELATIONS,27-3031.00,Public Relations Specialists,1,6156,777,2,1,1,0,0,Science; Time and attendance software,0.5,0.3663,0.5,0.3512,0.5
22455205,PUBLIC-RELATIONS,27-3031.00,Public Relations Specialists,1,5169,683,2,0,2,0,0,Writing; Critical Thinking,1.0,0.5889,0.6295,0.4926,0.5116
20966771,PUBLIC-RELATIONS,27-3031.00,Public Relations Specialists,1,5226,592,6,3,1,2,3,Writing; Coordination; Time Management; Adobe Acrobat; Microsoft Excel; Microsoft Word,1.0,0.6421,0.75,0.5474,0.6429
19072267,PUBLIC-RELATIONS,27-3031.00,Public Relations Specialists,1,19887,2623,7,2,2,3,2,Writing; Science; Coordination; Programming; Time Management; Adobe InDesign; Microsoft Word,1.0,0.4979,0.75,0.4231,0.6429
21321598,PUBLIC-RELATIONS,27-3031.00,Public Relations Specialists,1,3869,506,2,1,0,1,1,Time Management; Microsoft Excel,1.0,0.6368,0.75,0.5383,0.6429
11842274,PUBLIC-RELATIONS,27-3031.00,Public Relations Specialists,1,35933,5190,2,0,1,1,0,Speaking; Coordination,1.0,0.5823,0.6342,0.4725,0.4962
21549195,PUBLIC-RELATIONS,27-3031.00,Public Relations Specialists,1,6522,805,1,0,0,1,0,Coordination,1.0,0.5305,0.5305,0.4487,0.4487
36671891,PUBLIC-RELATIONS,27-3031.00,Public Relations Specialists,1,10126,1283,3,0,2,1,0,Writing; Speaking; Coordination,1.0,0.571,0.6342,0.4729,0.4962
51415089,PUBLIC-RELATIONS,27-3031.00,Public Relations Specialists,1,6505,888,1,0,1,0,0,Writing,1.0,0.5483,0.5483,0.4737,0.4737
28531493,PUBLIC-RELATIONS,27-3031.00,Public Relations Specialists,1,8431,1060,8,4,2,2,0,Speaking; Science; Coordination; Negotiation; Google; Instagram; LinkedIn; Twitter,1.0,0.4825,0.6342,0.4433,0.5357
16103783,PUBLIC-RELATIONS,27-3031.00,Public Relations Specialists,1,6005,707,3,1,1,1,0,Science; Equipment Maintenance; Constant Contact,0.6667,0.3024,0.5,0.2837,0.5
11635137,PUBLIC-RELATIONS,27-3031.00,Public Relations Specialists,1,5215,654,6,5,1,0,1,Writing; Facebook; Instagram; LinkedIn; Twitter; YouTube,1.0,0.5497,0.75,0.5194,0.6429
13129275,PUBLIC-RELATIONS,27-3031.00,Public Relations Specialists,1,5316,664,9,5,1,3,4,Writing; Coordination; Complex Problem Solving; Equipment Maintenance; Adobe Photoshop; Facebook; Scala; Twitter; WordPress,0.8889,0.5895,0.75,0.5104,0.6429
20470943,PUBLIC-RELATIONS,27-3031.00,Public Relations Specialists,1,6082,722,5,4,0,1,3,Time Management; Adobe Illustrator; Adobe InDesign; Google; Google Analytics,1.0,0.6672,0.75,0.5796,0.6429
23015611,PUBLIC-RELATIONS,27-3031.00,Public Relations Specialists,1,6272,807,3,3,0,0,2,Machine Learning; Artificial Intelligence; Google,0.3333,0.5625,0.5625,0.5357,0.5357
34712719,PUBLIC-RELATIONS,27-3031.00,Public Relations Specialists,1,5487,739,2,1,1,0,1,Writing; Adobe Illustrator,1.0,0.6491,0.75,0.5583,0.6429
14910300,PUBLIC-RELATIONS,27-3031.00,Public Relations Specialists,1,5519,658,6,4,2,0,2,Writing; Monitoring; Facebook; Instagram; Microsoft Word; Twitter,1.0,0.6043,0.75,0.5404,0.6429
21386255,PUBLIC-RELATIONS,27-3031.00,Public Relations Specialists,1,5457,800,3,2,1,0,2,Science; Adobe InDesign; Microsoft Word,1.0,0.5776,0.75,0.496,0.6429
88651471,PUBLIC-RELATIONS,27-3031.00,Public Relations Specialists,1,6137,816,5,3,1,1,3,Critical Thinking; Negotiation; Microsoft Access; Microsoft SharePoint; Oracle Database,0.6,0.6559,0.75,0.5608,0.6429
22861181,PUBLIC-RELATIONS,27-3031.00,Public Relations Specialists,1,4877,614,2,1,1,0,1,Writing; Microsoft Word,1.0,0.6491,0.75,0.5583,0.6429
45462344,PUBLIC-RELATIONS,27-3031.00,Public Relations Specialists,1,6413,827,2,0,1,1,0,Writing; Coordination,1.0,0.5394,0.5483,0.4612,0.4737
24677466,PUBLIC-RELATIONS,27-3031.00,Public Relations Specialists,1,6059,778,10,7,3,0,3,Writing; Science; Monitoring; Facebook; Google; Google Analytics; LinkedIn; Microsoft Outlook; Twitter; YouTube,1.0,0.5671,0.75,0.5123,0.6429
23602130,PUBLIC-RELATIONS,27-3031.00,Public Relations Specialists,1,2824,368,0,0,0,0,0,,0.0,0.0,0.0,0.0,0.0
13915715,PUBLIC-RELATIONS,27-3031.00,Public Relations Specialists,1,4446,591,3,0,3,0,0,Writing; Speaking; Science,1.0,0.4717,0.6342,0.3907,0.4962
13727873,PUBLIC-RELATIONS,27-3031.00,Public Relations Specialists,1,9893,1454,3,2,1,0,0,Monitoring; LinkedIn; MapInfo,0.6667,0.5258,0.5774,0.4943,0.5
93828034,PUBLIC-RELATIONS,27-3031.00,Public Relations Specialists,1,5625,690,2,1,1,0,1,Science; Adobe Photoshop,1.0,0.4913,0.75,0.4226,0.6429
24491862,PUBLIC-RELATIONS,27-3031.00,Public Relations Specialists,1,5156,665,5,2,2,1,1,Writing; Science; Time Management; Google; Google Analytics,1.0,0.5234,0.75,0.4576,0.6429
29329075,PUBLIC-RELATIONS,27-3031.00,Public Relations Specialists,1,5833,718,0,0,0,0,0,,0.0,0.0,0.0,0.0,0.0
33072201,PUBLIC-RELATIONS,27-3031.00,Public Relations Specialists,1,15415,1939,7,3,2,2,1,Speaking; Monitoring; Coordination; Negotiation; Adobe InDesign; Social media sites; Video editing software,0.8571,0.5615,0.75,0.4938,0.6429
23631724,PUBLIC-RELATIONS,27-3031.00,Public Relations Specialists,1,6081,742,6,5,1,0,2,Writing; Adobe Photoshop; Facebook; Pinterest; Twitter; YouTube,0.8333,0.5914,0.75,0.5432,0.6429
14611516,PUBLIC-RELATIONS,27-3031.00,Public Relations Specialists,1,7736,941,6,1,4,1,1,Writing; Science; Critical Thinking; Monitoring; Coordination; Python,0.8333,0.5447,0.75,0.4603,0.6429
32441790,PUBLIC-RELATIONS,27-3031.00,Public Relations Specialists,1,4179,481,1,0,1,0,0,Writing,1.0,0.5483,0.5483,0.4737,0.4737
12237267,PUBLIC-RELATIONS,27-3031.00,Public Relations Specialists,1,5928,735,0,0,0,0,0,,0.0,0.0,0.0,0.0,0.0
42332765,PUBLIC-RELATIONS,27-3031.00,Public Relations Specialists,1,4445,549,2,0,2,0,0,Speaking; Science,1.0,0.4334,0.6342,0.3493,0.4962
26127853,PUBLIC-RELATIONS,27-3031.00,Public Relations Specialists,1,9027,1147,10,8,1,1,6,Monitoring; Equipment Maintenance; Adobe Acrobat; Email software; Microsoft Office software; Microsoft Outlook; Microsoft PowerPoint; Microsoft Project; Microsoft Word; Scheduling software,0.8,0.6252,0.75,0.5489,0.6429
10926726,PUBLIC-RELATIONS,27-3031.00,Public Relations Specialists,1,5945,716,2,1,1,0,0,Writing; Database software,0.5,0.5241,0.5483,0.4868,0.5
14966165,PUBLIC-RELATIONS,27-3031.00,Public Relations Specialists,1,7396,940,5,0,4,1,0,Writing; Speaking; Science; Monitoring; Coordination,1.0,0.5046,0.6342,0.4208,0.4962
22754014,PUBLIC-RELATIONS,27-3031.00,Public Relations Specialists,1,5626,741,6,3,3,0,1,Writing; Speaking; Science; Facebook; LinkedIn; Twitter,1.0,0.5275,0.75,0.4692,0.6429
28975482,PUBLIC-RELATIONS,27-3031.00,Public Relations Specialists,1,5940,731,2,0,1,1,0,Science; Complex Problem Solving,1.0,0.3926,0.5525,0.3268,0.4512
21663616,PUBLIC-RELATIONS,27-3031.00,Public Relations Specialists,1,6755,812,4,0,4,0,0,Writing; Speaking; Science; Critical Thinking,1.0,0.5112,0.6342,0.421,0.5116
10873344,PUBLIC-RELATIONS,27-3031.00,Public Relations Specialists,1,6234,776,3,3,0,0,2,Adobe Photoshop; Facebook; Twitter,1.0,0.6667,0.75,0.5952,0.6429
41590605,PUBLIC-RELATIONS,27-3031.00,Public Relations Specialists,1,10254,1323,9,6,2,1,3,Speaking; Monitoring; Coordination; Adobe Photoshop; Facebook; Microsoft Word; Pinterest; Social media sites; Twitter,0.8889,0.6102,0.75,0.5396,0.6429
23048999,PUBLIC-RELATIONS,27-3031.00,Public Relations Specialists,1,5211,652,1,1,0,0,1,Facebook,1.0,0.75,0.75,0.6429,0.6429
74552449,BANKING,13-2072.00,Loan Officers,1,3275,389,5,1,3,1,0,Writing; Speaking; Science; Negotiation; Moodle,0.8,0.463,0.6342,0.4072,0.5
79041971,BANKING,13-2072.00,Loan Officers,1,1767,229,0,0,0,0,0,,0.0,0.0,0.0,0.0,0.0
77156708,BANKING,13-2072.00,Loan Officers,1,7307,899,3,2,1,0,1,Monitoring; SQL; Google,0.3333,0.57,0.5774,0.5093,0.5357
24580361,BANKING,13-2072.00,Loan Officers,1,2065,247,5,1,2,2,0,Science; Monitoring; Troubleshooting; Time Management; Minitab,0.8,0.4181,0.5774,0.3676,0.5
34953092,BANKING,13-2072.00,Loan Officers,1,3178,406,8,4,3,1,4,Mathematics; Science; Monitoring; Programming; C++; SQL; Machine Learning; Python,0.5,0.4748,0.75,0.4088,0.6429
17189156,BANKING,13-2072.00,Loan Officers,1,5809,780,4,3,1,0,3,Writing; Microsoft Excel; Microsoft Outlook; Microsoft Word,1.0,0.6996,0.75,0.6006,0.6429
19920687,BANKING,13-2072.00,Loan Officers,1,5672,741,2,1,1,0,1,Monitoring; Microsoft Project,0.5,0.6637,0.75,0.5629,0.6429
26579709,BANKING,13-2072.00,Loan Officers,1,5394,730,1,0,0,1,0,Negotiation,1.0,0.3998,0.3998,0.3637,0.3637
29093426,BANKING,13-2072.00,Loan Officers,1,9038,1162,0,0,0,0,0,,0.0,0.0,0.0,0.0,0.0
33286293,BANKING,13-2072.00,Loan Officers,1,4438,553,2,0,2,0,0,Writing; Speaking,1.0,0.5912,0.6342,0.485,0.4962
29552167,BANKING,13-2072.00,Loan Officers,1,4797,621,0,0,0,0,0,,0.0,0.0,0.0,0.0,0.0
69243180,BANKING,13-2072.00,Loan Officers,1,4901,646,0,0,0,0,0,,0.0,0.0,0.0,0.0,0.0
26987539,BANKING,13-2072.00,Loan Officers,1,7891,960,3,1,1,1,0,Speaking; Coordination; Google,0.6667,0.5757,0.6342,0.4935,0.5357
17276884,BANKING,13-2072.00,Loan Officers,1,6512,830,6,1,2,3,1,Writing; Science; Negotiation; Complex Problem Solving; Installation; Microsoft Word,1.0,0.424,0.75,0.3642,0.6429
22615491,BANKING,13-2072.00,Loan Officers,1,1824,223,1,1,0,0,1,Microsoft Word,1.0,0.75,0.75,0.6429,0.6429
45167858,BANKING,13-2072.00,Loan Officers,1,3155,402,3,1,2,0,1,Active Listening; Science; Microsoft Word,1.0,0.5439,0.75,0.4512,0.6429
13982572,BANKING,13-2072.00,Loan Officers,1,4872,590,1,0,0,1,0,Time Management,1.0,0.5236,0.5236,0.4337,0.4337
3547447,BANKING,13-2072.00,Loan Officers,1,5295,682,3,2,1,0,2,Science; Microsoft SharePoint; Microsoft Word,0.6667,0.5776,0.75,0.496,0.6429
98965485,BANKING,13-2072.00,Loan Officers,1,5337,693,5,5,0,0,5,Adobe Acrobat; Microsoft Excel; Microsoft Outlook; Microsoft PowerPoint; Microsoft Word,0.8,0.75,0.75,0.6429,0.6429
38897568,BANKING,13-2072.00,Loan Officers,1,5607,715,6,2,2,2,1,Science; Monitoring; Negotiation; Time Management; Microsoft Word; Scheduling software,0.8333,0.4972,0.75,0.4376,0.6429
12021752,BANKING,13-2072.00,Loan Officers,1,5126,671,1,0,1,0,0,Science,1.0,0.2327,0.2327,0.2023,0.2023
19149865,BANKING,13-2072.00,Loan Officers,1,9177,1157,5,3,2,0,3,Science; Monitoring; Microsoft Access; Microsoft Excel; Microsoft Word,1.0,0.612,0.75,0.5228,0.6429
29839396,BANKING,13-2072.00,Loan Officers,1,5811,708,3,2,1,0,2,Science; Python; Java,0.3333,0.4913,0.75,0.4226,0.6429
15856762,BANKING,13-2072.00,Loan Officers,1,9454,1285,1,0,1,0,0,Speaking,1.0,0.6342,0.6342,0.4962,0.4962
18208580,BANKING,13-2072.00,Loan Officers,1,6187,758,3,0,0,3,0,Negotiation; Complex Problem Solving; Operations Analysis,1.0,0.4009,0.5525,0.3484,0.4512
17396388,BANKING,13-2072.00,Loan Officers,1,5719,713,2,0,0,2,0,Negotiation; Time Management,1.0,0.4617,0.5236,0.3987,0.4337
28419927,BANKING,13-2072.00,Loan Officers,1,5188,706,0,0,0,0,0,,0.0,0.0,0.0,0.0,0.0
87867370,BANKING,13-2072.00,Loan Officers,1,9649,1285,2,1,1,0,1,Monitoring; Microsoft Outlook,1.0,0.6637,0.75,0.5629,0.6429
27120528,BANKING,13-2072.00,Loan Officers,1,6128,778,1,1,0,0,1,Linux,0.0,0.75,0.75,0.6429,0.6429
70667011,BANKING,13-2072.00,Loan Officers,1,6572,858,0,0,0,0,0,,0.0,0.0,0.0,0.0,0.0
36302399,BANKING,13-2072.00,Loan Officers,1,7369,914,2,0,1,1,0,Science; Instructing,1.0,0.345,0.4573,0.308,0.4137
89049979,BANKING,13-2072.00,Loan Officers,1,8799,1122,4,2,1,1,1,Monitoring; Systems Analysis; Ada; Microsoft Word,0.75,0.5635,0.75,0.5009,0.6429
43375498,BANKING,13-2072.00,Loan Officers,1,7184,1121,0,0,0,0,0,,0.0,0.0,0.0,0.0,0.0
30713796,BANKING,13-2072.00,Loan Officers,1,5511,726,0,0,0,0,0,,0.0,0.0,0.0,0.0,0.0
18805506,BANKING,13-2072.00,Loan Officers,1,5272,701,2,0,1,1,0,Monitoring; Coordination,1.0,0.5539,0.5774,0.4658,0.483
39247950,BANKING,13-2072.00,Loan Officers,1,5534,763,11,10,0,1,10,Programming; C#; .NET; Angular; Azure; SQL; Unix; JavaScript; AJAX; Microsoft Visual Studio; Oracle Database,0.0909,0.6644,0.75,0.5679,0.6429
30127072,BANKING,13-2072.00,Loan Officers,1,5236,633,1,0,1,0,0,Science,1.0,0.2327,0.2327,0.2023,0.2023
11065180,BANKING,13-2072.00,Loan Officers,1,4970,614,3,0,2,1,0,Science; Critical Thinking; Time Management,1.0,0.4619,0.6295,0.3825,0.5116
11637468,BANKING,13-2072.00,Loan Officers,1,5606,761,1,0,1,0,0,Monitoring,1.0,0.5774,0.5774,0.483,0.483
54421668,BANKING,13-2072.00,Loan Officers,1,12495,1514,2,0,1,1,0,Monitoring; Coordination,1.0,0.5539,0.5774,0.4658,0.483
13393401,BANKING,13-2072.00,Loan Officers,1,5518,804,1,0,0,1,0,Negotiation,1.0,0.3998,0.3998,0.3637,0.3637
71422121,BANKING,13-2072.00,Loan Officers,1,9758,1344,3,2,1,0,2,Writing; .NET; SQL,0.3333,0.5483,0.5483,0.4737,0.4737
18457785,BANKING,13-2072.00,Loan Officers,1,7809,990,4,2,1,1,2,Monitoring; Troubleshooting; SQL; Unix,0.5,0.5281,0.75,0.4482,0.6429
21856577,BANKING,13-2072.00,Loan Officers,1,8347,1108,0,0,0,0,0,,0.0,0.0,0.0,0.0,0.0
21645690,BANKING,13-2072.00,Loan Officers,1,5206,694,4,3,0,1,2,Complex Problem Solving; LexisNexis; Microsoft Excel; Microsoft Outlook,1.0,0.6381,0.75,0.5592,0.6429
25780596,BANKING,13-2072.00,Loan Officers,1,7391,956,1,0,1,0,0,Writing,1.0,0.5483,0.5483,0.4737,0.4737
34185495,BANKING,13-2072.00,Loan Officers,1,5889,843,1,0,0,1,0,Coordination,1.0,0.5305,0.5305,0.4487,0.4487
35483925,BANKING,13-2072.00,Loan Officers,1,5168,661,2,1,1,0,1,Monitoring; SQL,0.5,0.5774,0.5774,0.483,0.483
19374660,BANKING,13-2072.00,Loan Officers,1,4634,615,0,0,0,0,0,,0.0,0.0,0.0,0.0,0.0
34758680,BANKING,13-2072.00,Loan Officers,1,4967,594,4,1,1,2,1,Science; Coordination; Negotiation; SQL,0.75,0.3877,0.5305,0.3382,0.4487
21297521,BANKING,13-2072.00,Loan Officers,1,15896,2101,23,21,1,1,19,Monitoring; Programming; C++; C#; Node.js; AWS; Azure; SQL; Git; Docker; Kubernetes; Linux; Deep Learning; Natural Language Processing; Computer Vision; Java; JavaScript; TypeScript; Drupal; Google; MySQL; PHP; Swift,0.087,0.6748,0.75,0.5847,0.6429
23323001,BANKING,13-2072.00,Loan Officers,1,6490,899,4,1,1,2,1,Writing; Coordination; Time Management; Microsoft Project,0.75,0.5881,0.75,0.4997,0.6429
25080805,BANKING,13-2072.00,Loan Officers,1,7135,1067,6,4,1,1,3,Science; Programming; R; Microsoft Word; SAS; Statistical software,0.5,0.5253,0.75,0.4599,0.6429
27606527,BANKING,13-2072.00,Loan Officers,1,10406,1402,4,2,0,2,2,Coordination; Troubleshooting; SQL; Microsoft Excel,0.75,0.5124,0.75,0.4368,0.6429
33872500,BANKING,13-2072.00,Loan Officers,1,6915,873,3,1,2,0,0,Writing; Science; Scheme,0.6667,0.427,0.5483,0.392,0.5
18172739,BANKING,13-2072.00,Loan Officers,1,3373,404,4,2,0,2,1,Systems Analysis; Time Management; Microsoft Exchange; Microsoft Outlook,0.75,0.5501,0.75,0.4885,0.6429
32980197,BANKING,13-2072.00,Loan Officers,1,5630,733,1,0,1,0,0,Science,1.0,0.2327,0.2327,0.2023,0.2023
11672279,BANKING,13-2072.00,Loan Officers,1,6476,868,1,1,0,0,1,Swift,0.0,0.75,0.75,0.6429,0.6429
33135102,BANKING,13-2072.00,Loan Officers,1,4950,596,2,0,2,0,0,Writing; Science,1.0,0.3905,0.5483,0.338,0.4737
20850529,BANKING,13-2072.00,Loan Officers,1,6434,850,2,1,0,1,1,Negotiation; SQL,0.5,0.3998,0.3998,0.3637,0.3637
34783330,BANKING,13-2072.00,Loan Officers,1,6892,877,2,0,2,0,0,Writing; Science,1.0,0.3905,0.5483,0.338,0.4737
33370664,BANKING,13-2072.00,Loan Officers,1,6629,855,2,0,1,1,0,Monitoring; Coordination,1.0,0.5539,0.5774,0.4658,0.483
17823436,BANKING,13-2072.00,Loan Officers,1,8052,1049,9,7,0,2,6,Installation; Troubleshooting; C++; SQL; Linux; Java; IBM DB2; IBM WebSphere; Oracle SQL Developer,0.2222,0.5454,0.75,0.4774,0.6429
15553584,BANKING,13-2072.00,Loan Officers,1,3025,344,1,1,0,0,1,Microsoft Word,1.0,0.75,0.75,0.6429,0.6429
39569771,BANKING,13-2072.00,Loan Officers,1,5471,685,1,1,0,0,0,Forth,0.0,0.5,0.5,0.5,0.5
11842348,BANKING,13-2072.00,Loan Officers,1,5095,684,0,0,0,0,0,,0.0,0.0,0.0,0.0,0.0
36905896,BANKING,13-2072.00,Loan Officers,1,6852,935,1,0,0,1,0,Coordination,1.0,0.5305,0.5305,0.4487,0.4487
13173522,BANKING,13-2072.00,Loan Officers,1,7191,952,2,1,0,1,0,Programming; Payroll software,0.5,0.3326,0.5147,0.3132,0.5084
25624652,BANKING,13-2072.00,Loan Officers,1,5489,703,1,0,1,0,0,Science,1.0,0.2327,0.2327,0.2023,0.2023
11262933,BANKING,13-2072.00,Loan Officers,1,6715,878,3,0,2,1,0,Science; Monitoring; Coordination,1.0,0.4469,0.5774,0.378,0.483
10909673,BANKING,13-2072.00,Loan Officers,1,5772,758,2,0,1,1,0,Writing; Programming,1.0,0.3494,0.5483,0.2958,0.4737
98348532,BANKING,13-2072.00,Loan Officers,1,7774,1039,8,4,2,2,4,Writing; Science; Coordination; Troubleshooting; SQL; Unix; Oracle PL/SQL; Teradata Database,0.5,0.5455,0.75,0.4674,0.6429
19176318,BANKING,13-2072.00,Loan Officers,1,11923,1565,4,3,1,0,3,Monitoring; SQL; Microsoft Access; Microsoft Excel,0.75,0.6925,0.75,0.5896,0.6429
17818707,BANKING,13-2072.00,Loan Officers,1,6305,806,5,1,2,2,1,Science; Monitoring; Coordination; Negotiation; Microsoft Word,1.0,0.4981,0.75,0.4281,0.6429
17213671,BANKING,13-2072.00,Loan Officers,1,5399,675,6,4,1,1,3,Speaking; Time Management; Inventory software; Microsoft Excel; Microsoft Windows; Microsoft Word,0.6667,0.6513,0.75,0.5597,0.6429
31025785,BANKING,13-2072.00,Loan Officers,1,5084,696,1,1,0,0,1,Microsoft Excel,1.0,0.75,0.75,0.6429,0.6429
60489316,BANKING,13-2072.00,Loan Officers,1,7199,982,6,3,1,2,3,Science; Programming; Troubleshooting; SQL; Linux; Swift,0.5,0.428,0.75,0.365,0.6429
60182829,BANKING,13-2072.00,Loan Officers,1,6664,834,0,0,0,0,0,,0.0,0.0,0.0,0.0,0.0
21796843,BANKING,13-2072.00,Loan Officers,1,9762,1284,1,0,1,0,0,Monitoring,1.0,0.5774,0.5774,0.483,0.483
65864767,BANKING,13-2072.00,Loan Officers,1,6084,767,0,0,0,0,0,,0.0,0.0,0.0,0.0,0.0
11773925,BANKING,13-2072.00,Loan Officers,1,5952,795,4,2,1,1,0,Science; Negotiation; Microsoft Dynamics; Microsoft Dynamics NAV,0.75,0.4081,0.5,0.3915,0.5
26673507,BANKING,13-2072.00,Loan Officers,1,5234,669,2,0,1,1,0,Science; Time Management,1.0,0.3781,0.5236,0.318,0.4337
72876163,BANKING,13-2072.00,Loan Officers,1,6757,871,4,0,2,2,0,Science; Monitoring; Installation; Troubleshooting,1.0,0.2819,0.5774,0.2389,0.483
18824120,BANKING,13-2072.00,Loan Officers,1,5061,635,4,4,0,0,4,Microsoft Access; Microsoft Excel; Microsoft Outlook; Microsoft PowerPoint,1.0,0.75,0.75,0.6429,0.6429
27884470,BANKING,13-2072.00,Loan Officers,1,7313,910,1,0,0,1,0,Negotiation,1.0,0.3998,0.3998,0.3637,0.3637
64589506,BANKING,13-2072.00,Loan Officers,1,5360,688,0,0,0,0,0,,0.0,0.0,0.0,0.0,0.0
29406313,BANKING,13-2072.00,Loan Officers,1,8604,1105,1,0,1,0,0,Science,1.0,0.2327,0.2327,0.2023,0.2023
16300459,BANKING,13-2072.00,Loan Officers,1,5295,652,4,0,2,2,0,Writing; Science; Programming; Time Management,1.0,0.3638,0.5483,0.3069,0.4737
20992320,BANKING,13-2072.00,Loan Officers,1,3773,464,3,1,1,1,1,Science; Programming; R,0.6667,0.3777,0.75,0.3211,0.6429
73157997,BANKING,13-2072.00,Loan Officers,1,6413,817,1,0,1,0,0,Monitoring,1.0,0.5774,0.5774,0.483,0.483
28895997,BANKING,13-2072.00,Loan Officers,1,2240,266,1,1,0,0,1,Microsoft Word,1.0,0.75,0.75,0.6429,0.6429
28051330,BANKING,13-2072.00,Loan Officers,1,5309,630,1,0,1,0,0,Monitoring,1.0,0.5774,0.5774,0.483,0.483
25162378,BANKING,13-2072.00,Loan Officers,1,5741,721,3,0,1,2,0,Science; Negotiation; Troubleshooting,1.0,0.2964,0.3998,0.2616,0.3637
99124477,BANKING,13-2072.00,Loan Officers,1,11593,1725,6,4,0,2,4,Programming; Troubleshooting; SQL; Unix; Java; JavaScript,0.3333,0.4768,0.75,0.4056,0.6429
17131084,BANKING,13-2072.00,Loan Officers,1,5548,722,3,1,2,0,1,Writing; Science; Microsoft Excel,1.0,0.5103,0.75,0.4396,0.6429
19437318,BANKING,13-2072.00,Loan Officers,1,3103,416,0,0,0,0,0,,0.0,0.0,0.0,0.0,0.0
35564026,BANKING,13-2072.00,Loan Officers,1,5223,689,3,1,1,1,1,Science; Time Management; Microsoft Excel,1.0,0.5021,0.75,0.4263,0.6429
16407619,BANKING,13-2072.00,Loan Officers,1,5535,675,0,0,0,0,0,,0.0,0.0,0.0,0.0,0.0
10329506,BANKING,13-2072.00,Loan Officers,1,4850,634,7,4,1,2,3,Monitoring; Installation; Programming; Unix; Adobe PageMaker; Adobe Photoshop; Microsoft Word,0.5714,0.5055,0.75,0.4401,0.6429
19911786,BANKING,13-2072.00,Loan Officers,1,6375,761,2,0,1,1,0,Speaking; Coordination,1.0,0.5823,0.6342,0.4725,0.4962
96493528,BANKING,13-2072.00,Loan Officers,1,8299,1147,1,0,0,1,0,Time Management,1.0,0.5236,0.5236,0.4337,0.4337
35492909,BANKING,13-2072.00,Loan Officers,1,5678,704,1,0,1,0,0,Science,1.0,0.2327,0.2327,0.2023,0.2023
25200253,BANKING,13-2072.00,Loan Officers,1,7907,1032,2,1,1,0,1,Monitoring; SQL,0.5,0.5774,0.5774,0.483,0.483
68781345,BANKING,13-2072.00,Loan Officers,1,8000,978,4,0,2,2,0,Science; Monitoring; Negotiation; Time Management,1.0,0.4334,0.5774,0.3707,0.483
14391434,BANKING,13-2072.00,Loan Officers,1,6714,872,2,0,2,0,0,Speaking; Science,1.0,0.4334,0.6342,0.3493,0.4962
14626780,BANKING,13-2072.00,Loan Officers,1,5898,750,2,0,2,0,0,Writing; Monitoring,1.0,0.5628,0.5774,0.4783,0.483
28989677,BANKING,13-2072.00,Loan Officers,1,6444,700,4,2,2,0,1,Writing; Monitoring; LexisNexis; Swift,0.75,0.5939,0.75,0.5249,0.6429
41651672,BANKING,13-2072.00,Loan Officers,1,3594,446,1,0,0,1,0,Coordination,1.0,0.5305,0.5305,0.4487,0.4487
18645964,BANKING,13-2072.00,Loan Officers,1,4856,615,2,0,1,1,0,Science; Time Management,1.0,0.3781,0.5236,0.318,0.4337
18278509,BANKING,13-2072.00,Loan Officers,1,2628,316,0,0,0,0,0,,0.0,0.0,0.0,0.0,0.0
18369400,BANKING,13-2072.00,Loan Officers,1,5040,699,1,0,1,0,0,Science,1.0,0.2327,0.2327,0.2023,0.2023
11266906,BANKING,13-2072.00,Loan Officers,1,7039,938,2,0,1,1,0,Science; Time Management,1.0,0.3781,0.5236,0.318,0.4337
31710562,BANKING,13-2072.00,Loan Officers,1,7139,921,2,1,1,0,1,Science; Vue.js,0.5,0.4913,0.75,0.4226,0.6429
39142536,BANKING,13-2072.00,Loan Officers,1,5313,703,1,1,0,0,0,VMware,0.0,0.5,0.5,0.5,0.5
21756639,BANKING,13-2072.00,Loan Officers,1,5269,675,1,1,0,0,1,Artificial Intelligence,0.0,0.0,0.0,0.0,0.0
31273413,ARTS,unmapped,unmapped,0,5120,670,3,1,2,0,0,Writing; Science; YouTube,0.0,0.427,0.5483,0.392,0.5
12386670,ARTS,unmapped,unmapped,0,6910,851,2,0,2,0,0,Writing; Science,0.0,0.3905,0.5483,0.338,0.4737
93576192,ARTS,unmapped,unmapped,0,3581,453,4,4,0,0,1,Google; Google Classroom; Google Docs; Moodle,0.0,0.5781,0.75,0.5446,0.6429
15306049,ARTS,unmapped,unmapped,0,2060,258,0,0,0,0,0,,0.0,0.0,0.0,0.0,0.0
31114531,ARTS,unmapped,unmapped,0,7118,1068,4,1,1,2,1,Science; Programming; Time Management; WordPress,0.0,0.4142,0.75,0.3492,0.6429
21060367,ARTS,unmapped,unmapped,0,5873,764,1,0,1,0,0,Science,0.0,0.2327,0.2327,0.2023,0.2023
17325147,ARTS,unmapped,unmapped,0,5260,702,2,0,2,0,0,Science; Critical Thinking,0.0,0.4311,0.6295,0.357,0.5116
23752500,ARTS,unmapped,unmapped,0,7554,1004,4,1,3,0,1,Writing; Mathematics; Science; Microsoft Word,0.0,0.4798,0.75,0.4207,0.6429
20149476,ARTS,unmapped,unmapped,0,5582,672,3,0,2,1,0,Writing; Science; Installation,0.0,0.2806,0.5483,0.2425,0.4737
54100393,ARTS,unmapped,unmapped,0,3567,516,1,0,1,0,0,Critical Thinking,0.0,0.6295,0.6295,0.5116,0.5116
11187796,ARTS,unmapped,unmapped,0,2052,267,2,0,2,0,0,Mathematics; Science,0.0,0.3104,0.3882,0.2832,0.3641
39470264,ARTS,unmapped,unmapped,0,8942,1158,3,1,1,1,0,Science; Negotiation; Database software,0.0,0.3775,0.5,0.3553,0.5
12413512,ARTS,unmapped,unmapped,0,7013,943,4,2,1,1,0,Speaking; Time Management; Google; Google Drive,0.0,0.5551,0.6342,0.4914,0.5357
14879257,ARTS,unmapped,unmapped,0,5307,660,2,1,1,0,0,Writing; Edmodo,0.0,0.5241,0.5483,0.4868,0.5
46055835,ARTS,unmapped,unmapped,0,5090,643,8,1,7,0,1,Reading Comprehension; Active Listening; Writing; Speaking; Science; Critical Thinking; Learning Strategies; Microsoft Word,0.0,0.5641,0.75,0.4707,0.6429
33344933,ARTS,unmapped,unmapped,0,6988,941,3,1,2,0,1,Writing; Science; Java,0.0,0.3905,0.5483,0.338,0.4737
24983760,ARTS,unmapped,unmapped,0,5403,682,3,0,3,0,0,Reading Comprehension; Writing; Science,0.0,0.4679,0.6227,0.3996,0.5227
29148871,ARTS,unmapped,unmapped,0,10140,1311,3,0,1,2,0,Science; Coordination; Programming,0.0,0.3046,0.5305,0.2563,0.4487
28325193,ARTS,unmapped,unmapped,0,5475,714,3,2,0,1,1,Instructing; Facebook; Twitter,0.0,0.5691,0.75,0.5189,0.6429
15265464,ARTS,unmapped,unmapped,0,4779,585,2,0,2,0,0,Science; Monitoring,0.0,0.405,0.5774,0.3426,0.483
24349611,ARTS,unmapped,unmapped,0,9788,1300,3,0,2,1,0,Writing; Science; Troubleshooting,0.0,0.3459,0.5483,0.2983,0.4737
19508520,ARTS,unmapped,unmapped,0,6292,854,3,0,2,1,0,Science; Critical Thinking; Coordination,0.0,0.4642,0.6295,0.3875,0.5116
22800977,ARTS,unmapped,unmapped,0,7126,840,4,2,2,0,2,Writing; Science; Adobe Illustrator; Adobe Photoshop,0.0,0.5702,0.75,0.4904,0.6429
36758947,ARTS,unmapped,unmapped,0,7499,902,2,0,1,1,0,Science; Installation,0.0,0.1468,0.2327,0.1269,0.2023
11555549,ARTS,unmapped,unmapped,0,5130,673,1,1,0,0,1,WordPress,0.0,0.75,0.75,0.6429,0.6429
32318506,ARTS,unmapped,unmapped,0,3425,395,1,1,0,0,0,Open Dental,0.0,0.5,0.5,0.5,0.5
73497035,ARTS,unmapped,unmapped,0,5098,659,2,0,1,1,0,Science; Coordination,0.0,0.3816,0.5305,0.3255,0.4487
12777487,ARTS,unmapped,unmapped,0,5839,727,6,3,2,1,0,Writing; Science; Technology Design; Educational software; Moodle; Schoology,0.0,0.4096,0.5483,0.3856,0.5
36379931,ARTS,unmapped,unmapped,0,5798,768,5,4,1,0,2,Active Listening; Google; Google Drive; Microsoft Excel; Microsoft Word,0.0,0.6423,0.75,0.566,0.6429
26069113,ARTS,unmapped,unmapped,0,4967,688,4,2,1,1,2,Science; Programming; C++; C#,0.0,0.4708,0.75,0.4015,0.6429
41950126,ARTS,unmapped,unmapped,0,6832,869,3,0,2,1,0,Science; Monitoring; Time Management,0.0,0.4446,0.5774,0.373,0.483
20488267,ARTS,unmapped,unmapped,0,3607,445,2,1,1,0,1,Writing; Microsoft Word,0.0,0.6491,0.75,0.5583,0.6429
22593054,ARTS,unmapped,unmapped,0,3777,490,2,1,0,1,1,Coordination; Microsoft Word,0.0,0.6402,0.75,0.5458,0.6429
25561640,ARTS,unmapped,unmapped,0,5315,672,3,1,0,2,1,Coordination; Time Management; Microsoft Word,0.0,0.6014,0.75,0.5084,0.6429
43622023,ARTS,unmapped,unmapped,0,5261,747,3,0,2,1,0,Science; Monitoring; Time Management,0.0,0.4446,0.5774,0.373,0.483
18319061,ARTS,unmapped,unmapped,0,5295,674,6,1,4,1,1,Reading Comprehension; Writing; Critical Thinking; Monitoring; Time Management; Microsoft Outlook,0.0,0.6086,0.75,0.5112,0.6429
25923361,ARTS,unmapped,unmapped,0,7622,950,6,1,5,0,0,Reading Comprehension; Writing; Mathematics; Science; Monitoring; FileMaker Pro,0.0,0.4782,0.6227,0.4243,0.5227
18106533,ARTS,unmapped,unmapped,0,9185,1168,2,0,2,0,0,Science; Monitoring,0.0,0.405,0.5774,0.3426,0.483
50432401,ARTS,unmapped,unmapped,0,5209,626,2,0,2,0,0,Writing; Science,0.0,0.3905,0.5483,0.338,0.4737
19724031,ARTS,unmapped,unmapped,0,8438,1252,4,0,3,1,0,Writing; Speaking; Science; Time Management,0.0,0.4847,0.6342,0.4015,0.4962
28471099,ARTS,unmapped,unmapped,0,8527,1134,4,0,1,3,0,Science; Installation; Programming; Troubleshooting,0.0,0.1752,0.2568,0.1476,0.2188
22848179,ARTS,unmapped,unmapped,0,5090,639,9,8,1,0,2,Writing; Constant Contact; Facebook; Google; Instagram; Pinterest; Twitter; WordPress; YouTube,0.0,0.5679,0.75,0.5328,0.6429
37220856,ARTS,unmapped,unmapped,0,6881,897,1,1,0,0,1,Microsoft Word,0.0,0.75,0.75,0.6429,0.6429
78107631,ARTS,unmapped,unmapped,0,7622,1024,1,0,0,1,0,Installation,0.0,0.0608,0.0608,0.0514,0.0514
21867728,ARTS,unmapped,unmapped,0,6464,789,4,2,1,1,0,Monitoring; Complex Problem Solving; Oracle Eloqua; Twitter,0.0,0.5325,0.5774,0.4835,0.5
37472265,ARTS,unmapped,unmapped,0,5634,782,1,1,0,0,1,Microsoft Word,0.0,0.75,0.75,0.6429,0.6429
17033567,ARTS,unmapped,unmapped,0,1812,256,0,0,0,0,0,,0.0,0.0,0.0,0.0,0.0
19671909,ARTS,unmapped,unmapped,0,8346,1090,4,1,2,1,1,Writing; Monitoring; Programming; Ruby,0.0,0.5066,0.75,0.4294,0.6429
11995013,ARTS,unmapped,unmapped,0,5959,770,2,2,0,0,2,Microsoft Excel; Microsoft Word,0.0,0.75,0.75,0.6429,0.6429
28629430,ARTS,unmapped,unmapped,0,7646,1079,2,2,0,0,2,JavaScript; MySQL,0.0,0.75,0.75,0.6429,0.6429
53227466,ARTS,unmapped,unmapped,0,6219,889,3,0,1,2,0,Science; Installation; Troubleshooting,0.0,0.1834,0.2568,0.1575,0.2188
26079779,ARTS,unmapped,unmapped,0,4917,643,0,0,0,0,0,,0.0,0.0,0.0,0.0,0.0
83338413,ARTS,unmapped,unmapped,0,5608,675,5,0,2,3,0,Mathematics; Science; Negotiation; Installation; Programming,0.0,0.2464,0.3998,0.2199,0.3641
18029935,ARTS,unmapped,unmapped,0,4849,572,1,0,1,0,0,Speaking,0.0,0.6342,0.6342,0.4962,0.4962
16962067,ARTS,unmapped,unmapped,0,5945,738,2,0,2,0,0,Writing; Science,0.0,0.3905,0.5483,0.338,0.4737
14150896,ARTS,unmapped,unmapped,0,2386,306,4,2,1,1,1,Writing; Troubleshooting; Facebook; Twitter,0.0,0.5138,0.75,0.4588,0.6429
27936502,ARTS,unmapped,unmapped,0,7557,952,1,0,1,0,0,Writing,0.0,0.5483,0.5483,0.4737,0.4737
65325317,ARTS,unmapped,unmapped,0,11434,1480,4,0,1,3,0,Speaking; Coordination; Service Orientation; Programming,0.0,0.45,0.6342,0.3679,0.4962
30594821,ARTS,unmapped,unmapped,0,1272,172,0,0,0,0,0,,0.0,0.0,0.0,0.0,0.0
27164756,ARTS,unmapped,unmapped,0,10885,1307,3,0,2,1,0,Mathematics; Science; Programming,0.0,0.2571,0.3882,0.2281,0.3641
34146825,ARTS,unmapped,unmapped,0,4940,782,1,0,1,0,0,Active Listening,0.0,0.649,0.649,0.5086,0.5086
99561379,ARTS,unmapped,unmapped,0,11369,1367,4,1,2,1,0,Writing; Monitoring; Troubleshooting; Online databases,0.0,0.4706,0.5774,0.4189,0.5
54180474,ARTS,unmapped,unmapped,0,5332,675,1,0,1,0,0,Writing,0.0,0.5483,0.5483,0.4737,0.4737
37751611,ARTS,unmapped,unmapped,0,7171,934,6,1,3,2,0,Writing; Science; Critical Thinking; Persuasion; Time Management; Ada,0.0,0.478,0.6295,0.4191,0.5116
73030450,ARTS,unmapped,unmapped,0,5637,657,7,4,2,1,0,Science; Monitoring; Troubleshooting; Cisco IOS; LinkedIn; VMware; Wireshark,0.0,0.4381,0.5774,0.4149,0.5
39608848,ARTS,unmapped,unmapped,0,5447,692,4,3,1,0,1,Speaking; Adobe Photoshop; Constant Contact; Microsoft Publisher,0.0,0.5961,0.75,0.5348,0.6429
16244633,ARTS,unmapped,unmapped,0,12114,1507,4,2,0,2,1,Coordination; Time Management; Ada; Microsoft Project,0.0,0.576,0.75,0.5063,0.6429
10830646,ARTS,unmapped,unmapped,0,9741,1231,3,0,3,0,0,Writing; Speaking; Science,0.0,0.4717,0.6342,0.3907,0.4962
27024099,ARTS,unmapped,unmapped,0,5154,627,1,0,0,1,0,Troubleshooting,0.0,0.2568,0.2568,0.2188,0.2188
65352424,ARTS,unmapped,unmapped,0,5520,662,4,0,1,3,0,Science; Installation; Programming; Time Management,0.0,0.2419,0.5236,0.2013,0.4337
28711616,ARTS,unmapped,unmapped,0,5038,631,2,1,0,1,1,Coordination; WordPress,0.0,0.6402,0.75,0.5458,0.6429
39064638,ARTS,unmapped,unmapped,0,5917,744,1,0,1,0,0,Critical Thinking,0.0,0.6295,0.6295,0.5116,0.5116
18586076,ARTS,unmapped,unmapped,0,7831,984,2,2,0,0,1,Google; Google Docs,0.0,0.6562,0.75,0.5893,0.6429
13272204,ARTS,unmapped,unmapped,0,5355,688,1,1,0,0,0,Ada,0.0,0.5,0.5,0.5,0.5
11360471,ARTS,unmapped,unmapped,0,5295,664,1,0,0,1,0,Installation,0.0,0.0608,0.0608,0.0514,0.0514
18885767,ARTS,unmapped,unmapped,0,6993,844,4,3,1,0,0,Writing; Google; Google Classroom; Video editing software,0.0,0.5373,0.5625,0.5078,0.5357
20698469,ARTS,unmapped,unmapped,0,3429,439,0,0,0,0,0,,0.0,0.0,0.0,0.0,0.0
27715131,ARTS,unmapped,unmapped,0,6008,795,1,0,1,0,0,Science,0.0,0.2327,0.2327,0.2023,0.2023
32794700,ARTS,unmapped,unmapped,0,3776,480,4,0,1,3,0,Science; Coordination; Installation; Troubleshooting,0.0,0.2702,0.5305,0.2303,0.4487
23139437,ARTS,unmapped,unmapped,0,2130,298,0,0,0,0,0,,0.0,0.0,0.0,0.0,0.0
23917826,ARTS,unmapped,unmapped,0,7412,1058,2,1,1,0,1,Writing; Facebook,0.0,0.6491,0.75,0.5583,0.6429
20148147,ARTS,unmapped,unmapped,0,5235,761,1,0,1,0,0,Active Listening,0.0,0.649,0.649,0.5086,0.5086
34304175,ARTS,unmapped,unmapped,0,5026,615,3,1,2,0,0,Writing; Science; Business software applications,0.0,0.4389,0.5483,0.3988,0.5204
26410763,ARTS,unmapped,unmapped,0,2997,399,10,7,2,1,6,Mathematics; Science; Programming; C++; Linux; Unix; Java; LaTeX; Ruby; Swift,0.0,0.5579,0.75,0.4887,0.6429
21809601,ARTS,unmapped,unmapped,0,3931,498,1,0,1,0,0,Writing,0.0,0.5483,0.5483,0.4737,0.4737
27096796,ARTS,unmapped,unmapped,0,1975,235,0,0,0,0,0,,0.0,0.0,0.0,0.0,0.0
25157655,ARTS,unmapped,unmapped,0,1986,244,1,0,0,1,0,Time Management,0.0,0.5236,0.5236,0.4337,0.4337
25926667,ARTS,unmapped,unmapped,0,6435,784,6,4,1,1,3,Science; Coordination; Google; Google Docs; Google Sheets; Microsoft Access,0.0,0.5959,0.75,0.5192,0.6429
20356750,ARTS,unmapped,unmapped,0,2781,346,2,1,0,1,1,Coordination; Microsoft Word,0.0,0.6402,0.75,0.5458,0.6429
24061629,ARTS,unmapped,unmapped,0,8367,990,1,1,0,0,1,Microsoft Word,0.0,0.75,0.75,0.6429,0.6429
17694454,ARTS,unmapped,unmapped,0,10002,1325,7,0,2,5,0,Speaking; Critical Thinking; Persuasion; Negotiation; Instructing; Repairing; Time Management,0.0,0.4636,0.6342,0.3937,0.5116
99033098,ARTS,unmapped,unmapped,0,7181,931,6,3,1,2,3,Active Learning; Coordination; Time Management; Microsoft Excel; Microsoft Outlook; Microsoft Word,0.0,0.6391,0.75,0.5448,0.6429
38115035,ARTS,unmapped,unmapped,0,6248,813,1,1,0,0,0,Billing software,0.0,0.5,0.5,0.5,0.5
17857644,ARTS,unmapped,unmapped,0,5850,791,2,2,0,0,2,Microsoft Project; Microsoft SharePoint,0.0,0.75,0.75,0.6429,0.6429
12334650,ARTS,unmapped,unmapped,0,8941,1190,2,2,0,0,2,Adobe Illustrator; Adobe Photoshop,0.0,0.75,0.75,0.6429,0.6429
36019469,ARTS,unmapped,unmapped,0,8685,1127,4,0,2,2,0,Speaking; Monitoring; Coordination; Programming,0.0,0.4732,0.6342,0.3865,0.4962
79432080,ARTS,unmapped,unmapped,0,7570,1034,3,0,0,3,0,Negotiation; Programming; Time Management,0.0,0.358,0.5236,0.3051,0.4337
94230796,ARTS,unmapped,unmapped,0,8425,1128,6,1,3,2,0,Writing; Speaking; Science; Coordination; Programming; Ada,0.0,0.4327,0.6342,0.3731,0.5
66226673,ARTS,unmapped,unmapped,0,2774,372,4,1,1,2,1,Science; Installation; Programming; AWS,0.0,0.148,0.2327,0.1239,0.2023
83206166,ARTS,unmapped,unmapped,0,4948,603,3,1,2,0,1,Writing; Monitoring; Microsoft Word,0.0,0.6252,0.75,0.5332,0.6429
22182279,ARTS,unmapped,unmapped,0,6312,806,3,1,1,1,1,Monitoring; Time Management; Microsoft Word,0.0,0.617,0.75,0.5198,0.6429
16887936,ARTS,unmapped,unmapped,0,7511,947,7,4,2,1,3,Writing; Speaking; Negotiation; Adobe InDesign; Facebook; Twitter; WordPress,0.0,0.6189,0.75,0.5375,0.6429
14248724,ARTS,unmapped,unmapped,0,2879,366,1,0,1,0,0,Science,0.0,0.2327,0.2327,0.2023,0.2023
69458502,AVIATION,53-2012.00,Commercial Pilots,1,6200,754,6,1,3,2,0,Writing; Mathematics; Science; Coordination; Troubleshooting; Scheme,0.8333,0.4094,0.5483,0.3679,0.5
82738323,AVIATION,53-2012.00,Commercial Pilots,1,3050,371,2,0,0,2,0,Troubleshooting; Repairing,1.0,0.2118,0.2568,0.1814,0.2188
16833515,AVIATION,53-2012.00,Commercial Pilots,1,10443,1384,3,0,1,2,0,Monitoring; Troubleshooting; Time Management,1.0,0.4526,0.5774,0.3785,0.483
11804712,AVIATION,53-2012.00,Commercial Pilots,1,8610,1032,2,0,1,1,0,Science; Troubleshooting,1.0,0.2448,0.2568,0.2106,0.2188
21287405,AVIATION,53-2012.00,Commercial Pilots,1,6169,794,3,0,2,1,0,Science; Critical Thinking; Coordination,1.0,0.4642,0.6295,0.3875,0.5116
10176815,AVIATION,53-2012.00,Commercial Pilots,1,5805,704,4,0,2,2,0,Writing; Science; Troubleshooting; Repairing,1.0,0.3011,0.5483,0.2597,0.4737
29221006,AVIATION,53-2012.00,Commercial Pilots,1,14019,1829,2,0,1,1,0,Speaking; Coordination,1.0,0.5823,0.6342,0.4725,0.4962
23761385,AVIATION,53-2012.00,Commercial Pilots,1,8199,989,4,0,2,2,0,Science; Critical Thinking; Coordination; Troubleshooting,1.0,0.4124,0.6295,0.3454,0.5116
38355831,AVIATION,53-2012.00,Commercial Pilots,1,5454,709,2,0,1,1,0,Science; Troubleshooting,1.0,0.2448,0.2568,0.2106,0.2188
24773845,AVIATION,53-2012.00,Commercial Pilots,1,9015,1208,4,0,1,3,0,Science; Coordination; Installation; Troubleshooting,1.0,0.2702,0.5305,0.2303,0.4487
17876954,AVIATION,53-2012.00,Commercial Pilots,1,7302,929,3,0,2,1,0,Mathematics; Science; Coordination,1.0,0.3838,0.5305,0.3384,0.4487
36252245,AVIATION,53-2012.00,Commercial Pilots,1,7258,943,1,0,0,1,0,Coordination,1.0,0.5305,0.5305,0.4487,0.4487
32720816,AVIATION,53-2012.00,Commercial Pilots,1,5428,743,4,2,1,1,1,Science; Installation; Inventory software; Microsoft Word,0.5,0.3859,0.75,0.3491,0.6429
36727173,AVIATION,53-2012.00,Commercial Pilots,1,5189,680,3,0,3,0,0,Writing; Mathematics; Critical Thinking,1.0,0.522,0.6295,0.4498,0.5116
91431878,AVIATION,53-2012.00,Commercial Pilots,1,5426,723,3,0,1,2,0,Science; Troubleshooting; Repairing,1.0,0.2188,0.2568,0.1884,0.2188
42546558,AVIATION,53-2012.00,Commercial Pilots,1,5827,767,0,0,0,0,0,,0.0,0.0,0.0,0.0,0.0
87826037,AVIATION,53-2012.00,Commercial Pilots,1,6343,846,7,4,2,1,4,Writing; Science; Programming; C; Microsoft Excel; Microsoft PowerPoint; Microsoft Word,0.4286,0.5616,0.75,0.4808,0.6429
17483843,AVIATION,53-2012.00,Commercial Pilots,1,6720,851,3,1,0,2,1,Coordination; Equipment Maintenance; Microsoft Word,0.6667,0.485,0.75,0.4134,0.6429
22232367,AVIATION,53-2012.00,Commercial Pilots,1,6765,865,8,6,1,1,6,Science; Troubleshooting; SQL; Linux; Unix; Python; Microsoft Project; Microsoft Word,0.25,0.6056,0.75,0.5193,0.6429
70198580,AVIATION,53-2012.00,Commercial Pilots,1,5421,681,1,0,0,1,0,Troubleshooting,1.0,0.2568,0.2568,0.2188,0.2188
67631413,AVIATION,53-2012.00,Commercial Pilots,1,5538,761,1,0,0,1,0,Programming,1.0,0.1506,0.1506,0.118,0.118
26819872,AVIATION,53-2012.00,Commercial Pilots,1,9497,1279,1,0,0,1,0,Installation,1.0,0.0608,0.0608,0.0514,0.0514
13234267,AVIATION,53-2012.00,Commercial Pilots,1,9015,1264,0,0,0,0,0,,0.0,0.0,0.0,0.0,0.0
26888302,AVIATION,53-2012.00,Commercial Pilots,1,7898,988,2,0,1,1,0,Science; Troubleshooting,1.0,0.2448,0.2568,0.2106,0.2188
13195436,AVIATION,53-2012.00,Commercial Pilots,1,6648,837,5,1,1,3,1,Science; Installation; Equipment Maintenance; Troubleshooting; Microsoft Word,0.8,0.2949,0.75,0.2528,0.6429
81588968,AVIATION,53-2012.00,Commercial Pilots,1,7978,1077,0,0,0,0,0,,0.0,0.0,0.0,0.0,0.0
18268860,AVIATION,53-2012.00,Commercial Pilots,1,4434,548,1,0,0,1,0,Repairing,1.0,0.1668,0.1668,0.1439,0.1439
14790629,AVIATION,53-2012.00,Commercial Pilots,1,5762,708,4,1,0,3,0,Persuasion; Negotiation; Time Management; LinkedIn,0.75,0.4644,0.5236,0.4227,0.5
12144825,AVIATION,53-2012.00,Commercial Pilots,1,4127,530,23,19,2,2,18,Science; Critical Thinking; Programming; Troubleshooting; C++; .NET; SQL; NoSQL; Git; Docker; Linux; Unix; Natural Language Processing; Python; JavaScript; Bash; Google; Google Analytics; MySQL; PHP; Perl; PostgreSQL; WordPress,0.1739,0.6541,0.75,0.5615,0.6429
90318913,AVIATION,53-2012.00,Commercial Pilots,1,5085,762,1,0,0,1,0,Installation,1.0,0.0608,0.0608,0.0514,0.0514
26279402,AVIATION,53-2012.00,Commercial Pilots,1,4422,627,2,0,1,1,0,Monitoring; Installation,1.0,0.3191,0.5774,0.2672,0.483
94137171,AVIATION,53-2012.00,Commercial Pilots,1,3799,460,1,1,0,0,1,Microsoft Excel,0.0,0.75,0.75,0.6429,0.6429
27902692,AVIATION,53-2012.00,Commercial Pilots,1,4370,491,7,3,1,3,3,Monitoring; Negotiation; Installation; Troubleshooting; Microsoft Active Directory; Microsoft Windows; Microsoft Windows Server,0.5714,0.5064,0.75,0.4351,0.6429
28186635,AVIATION,53-2012.00,Commercial Pilots,1,5005,624,1,0,0,1,0,Coordination,1.0,0.5305,0.5305,0.4487,0.4487
42641525,AVIATION,53-2012.00,Commercial Pilots,1,9021,1334,3,1,1,1,0,Science; Coordination; Forth,0.6667,0.4211,0.5305,0.3837,0.5
34419403,AVIATION,53-2012.00,Commercial Pilots,1,3103,379,1,0,0,1,0,Repairing,1.0,0.1668,0.1668,0.1439,0.1439
43720116,AVIATION,53-2012.00,Commercial Pilots,1,3354,415,5,2,2,1,1,Writing; Science; Programming; Python; Ada,0.6,0.4363,0.75,0.3874,0.6429
15618327,AVIATION,53-2012.00,Commercial Pilots,1,5533,695,2,2,0,0,2,Microsoft Excel; Microsoft Word,0.0,0.75,0.75,0.6429,0.6429
14589288,AVIATION,53-2012.00,Commercial Pilots,1,2771,343,2,0,0,2,0,Installation; Troubleshooting,1.0,0.1588,0.2568,0.1351,0.2188
43408471,AVIATION,53-2012.00,Commercial Pilots,1,5399,656,3,0,2,1,0,Active Listening; Critical Thinking; Judgment and Decision Making,1.0,0.6142,0.649,0.4924,0.5116
38154903,AVIATION,53-2012.00,Commercial Pilots,1,2631,323,4,0,1,3,0,Critical Thinking; Troubleshooting; Repairing; Time Management,1.0,0.3942,0.6295,0.327,0.5116
29167286,AVIATION,53-2012.00,Commercial Pilots,1,6614,812,1,0,0,1,0,Troubleshooting,1.0,0.2568,0.2568,0.2188,0.2188
11169163,AVIATION,53-2012.00,Commercial Pilots,1,6603,796,1,0,1,0,0,Writing,1.0,0.5483,0.5483,0.4737,0.4737
28383893,AVIATION,53-2012.00,Commercial Pilots,1,14060,1681,3,0,2,1,0,Writing; Science; Coordination,1.0,0.4371,0.5483,0.3749,0.4737
20026169,AVIATION,53-2012.00,Commercial Pilots,1,7209,948,1,0,1,0,0,Science,1.0,0.2327,0.2327,0.2023,0.2023
38047274,AVIATION,53-2012.00,Commercial Pilots,1,7358,978,3,0,1,2,0,Monitoring; Installation; Repairing,1.0,0.2683,0.5774,0.2261,0.483
16449694,AVIATION,53-2012.00,Commercial Pilots,1,9774,1208,5,0,3,2,0,Speaking; Science; Monitoring; Coordination; Time Management,1.0,0.4997,0.6342,0.4128,0.4962
11137306,AVIATION,53-2012.00,Commercial Pilots,1,6461,790,4,0,1,3,0,Science; Installation; Troubleshooting; Repairing,1.0,0.1793,0.2568,0.1541,0.2188
19818707,AVIATION,53-2012.00,Commercial Pilots,1,5280,641,3,1,2,0,1,Science; Monitoring; Microsoft Word,0.6667,0.52,0.75,0.4427,0.6429
17274759,AVIATION,53-2012.00,Commercial Pilots,1,5115,626,1,0,1,0,0,Monitoring,1.0,0.5774,0.5774,0.483,0.483
19506295,AVIATION,53-2012.00,Commercial Pilots,1,6445,825,5,3,2,0,3,Writing; Science; C++; Adobe Photoshop; Microsoft Visio,0.4,0.6062,0.75,0.5209,0.6429
50775901,AVIATION,53-2012.00,Commercial Pilots,1,6992,884,2,1,1,0,1,Science; Microsoft Outlook,0.5,0.4913,0.75,0.4226,0.6429
22990761,AVIATION,53-2012.00,Commercial Pilots,1,6466,821,2,0,2,0,0,Science; Monitoring,1.0,0.405,0.5774,0.3426,0.483
10945968,AVIATION,53-2012.00,Commercial Pilots,1,5137,790,4,1,2,1,1,Mathematics; Science; Installation; Java,0.75,0.2272,0.3882,0.2059,0.3641
12192507,AVIATION,53-2012.00,Commercial Pilots,1,2034,232,3,0,2,1,0,Science; Critical Thinking; Systems Analysis,1.0,0.4296,0.6295,0.3639,0.5116
24154692,AVIATION,53-2012.00,Commercial Pilots,1,6134,750,2,1,0,1,1,Coordination; Microsoft Excel,0.5,0.6402,0.75,0.5458,0.6429
23985183,AVIATION,53-2012.00,Commercial Pilots,1,6953,808,5,1,3,1,0,Writing; Science; Critical Thinking; Negotiation; LinkedIn,0.8,0.462,0.6295,0.4103,0.5116
29161565,AVIATION,53-2012.00,Commercial Pilots,1,3631,436,3,1,1,1,1,Monitoring; Troubleshooting; Microsoft Word,0.6667,0.5281,0.75,0.4482,0.6429
11333001,AVIATION,53-2012.00,Commercial Pilots,1,6274,783,1,0,0,1,0,Troubleshooting,1.0,0.2568,0.2568,0.2188,0.2188
25718772,AVIATION,53-2012.00,Commercial Pilots,1,5149,644,3,3,0,0,3,Linux; Unix; Java,0.0,0.75,0.75,0.6429,0.6429
65219288,AVIATION,53-2012.00,Commercial Pilots,1,5905,774,0,0,0,0,0,,0.0,0.0,0.0,0.0,0.0
27502951,AVIATION,53-2012.00,Commercial Pilots,1,5136,605,4,1,1,2,1,Science; Coordination; Complex Problem Solving; Microsoft Windows,0.75,0.5164,0.75,0.4363,0.6429
15823995,AVIATION,53-2012.00,Commercial Pilots,1,7182,906,3,0,1,2,0,Science; Installation; Troubleshooting,1.0,0.1834,0.2568,0.1575,0.2188
22650051,AVIATION,53-2012.00,Commercial Pilots,1,6493,818,2,0,0,2,0,Negotiation; Troubleshooting,1.0,0.3283,0.3998,0.2913,0.3637
24668861,AVIATION,53-2012.00,Commercial Pilots,1,11754,1525,4,2,2,0,1,Mathematics; Science; Minitab; The MathWorks MATLAB,0.5,0.4677,0.75,0.4273,0.6429
42427521,AVIATION,53-2012.00,Commercial Pilots,1,9532,1209,4,2,0,2,2,Installation; Troubleshooting; C++; Microsoft PowerPoint,0.5,0.4544,0.75,0.389,0.6429
96457008,AVIATION,53-2012.00,Commercial Pilots,1,1631,223,0,0,0,0,0,,0.0,0.0,0.0,0.0,0.0
38989376,AVIATION,53-2012.00,Commercial Pilots,1,7896,1012,5,0,2,3,0,Speaking; Science; Negotiation; Complex Problem Solving; Time Management,1.0,0.4686,0.6342,0.3894,0.4962
13405229,AVIATION,53-2012.00,Commercial Pilots,1,7692,908,2,1,1,0,1,Monitoring; Adobe Acrobat,0.5,0.6637,0.75,0.5629,0.6429
17686472,AVIATION,53-2012.00,Commercial Pilots,1,3415,427,1,0,1,0,0,Science,1.0,0.2327,0.2327,0.2023,0.2023
54232810,AVIATION,53-2012.00,Commercial Pilots,1,5406,711,1,0,1,0,0,Monitoring,1.0,0.5774,0.5774,0.483,0.483
25719936,AVIATION,53-2012.00,Commercial Pilots,1,6944,921,7,4,2,1,1,Writing; Critical Thinking; Time Management; C++; Microsoft Dynamics; Microsoft Dynamics GP; Simulation software,0.4286,0.5645,0.75,0.5088,0.6429
68216398,AVIATION,53-2012.00,Commercial Pilots,1,4984,627,1,0,1,0,0,Monitoring,1.0,0.5774,0.5774,0.483,0.483
17983430,AVIATION,53-2012.00,Commercial Pilots,1,5502,660,1,0,1,0,0,Science,1.0,0.2327,0.2327,0.2023,0.2023
92283635,AVIATION,53-2012.00,Commercial Pilots,1,5250,708,2,0,1,1,0,Mathematics; Troubleshooting,1.0,0.3225,0.3882,0.2915,0.3641
11614114,AVIATION,53-2012.00,Commercial Pilots,1,5085,589,0,0,0,0,0,,0.0,0.0,0.0,0.0,0.0
61315605,AVIATION,53-2012.00,Commercial Pilots,1,6212,780,5,0,3,2,0,Science; Critical Thinking; Monitoring; Coordination; Troubleshooting,1.0,0.4454,0.6295,0.3729,0.5116
16850314,AVIATION,53-2012.00,Commercial Pilots,1,5234,681,0,0,0,0,0,,0.0,0.0,0.0,0.0,0.0
11959428,AVIATION,53-2012.00,Commercial Pilots,1,1642,195,3,0,1,2,0,Science; Troubleshooting; Repairing,1.0,0.2188,0.2568,0.1884,0.2188
10395944,AVIATION,53-2012.00,Commercial Pilots,1,3501,523,2,0,1,1,0,Science; Time Management,1.0,0.3781,0.5236,0.318,0.4337
10189110,AVIATION,53-2012.00,Commercial Pilots,1,9323,1348,2,1,0,1,0,Negotiation; LinkedIn,0.5,0.4499,0.5,0.4318,0.5
10567764,AVIATION,53-2012.00,Commercial Pilots,1,7108,927,0,0,0,0,0,,0.0,0.0,0.0,0.0,0.0
30148777,AVIATION,53-2012.00,Commercial Pilots,1,5704,710,0,0,0,0,0,,0.0,0.0,0.0,0.0,0.0
24544244,AVIATION,53-2012.00,Commercial Pilots,1,6707,832,4,0,2,2,0,Science; Monitoring; Negotiation; Time Management,1.0,0.4334,0.5774,0.3707,0.483
19284293,AVIATION,53-2012.00,Commercial Pilots,1,9469,1186,4,1,1,2,1,Science; Coordination; Installation; Microsoft Word,0.75,0.3935,0.75,0.3363,0.6429
11752500,AVIATION,53-2012.00,Commercial Pilots,1,6635,821,4,0,1,3,0,Science; Installation; Troubleshooting; Repairing,1.0,0.1793,0.2568,0.1541,0.2188
31536294,AVIATION,53-2012.00,Commercial Pilots,1,5298,657,2,0,0,2,0,Coordination; Troubleshooting,1.0,0.3936,0.5305,0.3337,0.4487
22442947,AVIATION,53-2012.00,Commercial Pilots,1,4742,609,3,2,0,1,2,Time Management; Microsoft Excel; Microsoft Word,0.3333,0.6745,0.75,0.5731,0.6429
27512470,AVIATION,53-2012.00,Commercial Pilots,1,6266,729,8,4,2,2,4,Reading Comprehension; Critical Thinking; Coordination; Time Management; Microsoft Excel; Microsoft Outlook; Microsoft PowerPoint; Microsoft Word,0.5,0.6633,0.75,0.561,0.6429
14874322,AVIATION,53-2012.00,Commercial Pilots,1,5250,707,0,0,0,0,0,,0.0,0.0,0.0,0.0,0.0
23464505,AVIATION,53-2012.00,Commercial Pilots,1,3442,454,14,11,2,1,11,Writing; Science; Programming; C++; Angular; AWS; SQL; Git; Linux; Unix; Java; Bootstrap; Perl; jQuery,0.2143,0.6181,0.75,0.5294,0.6429
12504278,AVIATION,53-2012.00,Commercial Pilots,1,5685,750,2,0,1,1,0,Science; Troubleshooting,1.0,0.2448,0.2568,0.2106,0.2188
58048626,AVIATION,53-2012.00,Commercial Pilots,1,5388,663,3,0,1,2,0,Monitoring; Coordination; Negotiation,1.0,0.5026,0.5774,0.4318,0.483
15684810,AVIATION,53-2012.00,Commercial Pilots,1,10146,1331,1,0,1,0,0,Science,1.0,0.2327,0.2327,0.2023,0.2023
17694572,AVIATION,53-2012.00,Commercial Pilots,1,2261,253,3,0,1,2,0,Writing; Troubleshooting; Time Management,1.0,0.4429,0.5483,0.3754,0.4737
22168194,AVIATION,53-2012.00,Commercial Pilots,1,5538,680,1,0,0,1,0,Troubleshooting,1.0,0.2568,0.2568,0.2188,0.2188
29595906,AVIATION,53-2012.00,Commercial Pilots,1,1553,202,0,0,0,0,0,,0.0,0.0,0.0,0.0,0.0
77626587,AVIATION,53-2012.00,Commercial Pilots,1,2552,301,3,0,1,2,0,Writing; Negotiation; Time Management,1.0,0.4906,0.5483,0.4237,0.4737
98389424,AVIATION,53-2012.00,Commercial Pilots,1,4934,595,6,3,1,2,2,Science; Installation; Troubleshooting; Linux; Unix; Constant Contact,0.5,0.4251,0.75,0.3764,0.6429
38663892,AVIATION,53-2012.00,Commercial Pilots,1,7816,976,4,1,1,2,1,Monitoring; Complex Problem Solving; Time Management; Microsoft Excel,0.75,0.6009,0.75,0.5027,0.6429
17152392,AVIATION,53-2012.00,Commercial Pilots,1,6656,839,1,0,0,1,0,Coordination,1.0,0.5305,0.5305,0.4487,0.4487
49646155,AVIATION,53-2012.00,Commercial Pilots,1,6882,890,2,0,2,0,0,Writing; Monitoring,1.0,0.5628,0.5774,0.4783,0.483
33627938,AVIATION,53-2012.00,Commercial Pilots,1,9568,1194,2,0,2,0,0,Science; Monitoring,1.0,0.405,0.5774,0.3426,0.483
12904972,AVIATION,53-2012.00,Commercial Pilots,1,7213,944,6,1,1,4,1,Speaking; Installation; Troubleshooting; Repairing; Time Management; Microsoft Windows,0.8333,0.3987,0.75,0.3312,0.6429
12239749,AVIATION,53-2012.00,Commercial Pilots,1,5187,676,3,0,3,0,0,Reading Comprehension; Writing; Mathematics,1.0,0.5197,0.6227,0.4535,0.5227
16279537,AVIATION,53-2012.00,Commercial Pilots,1,5810,726,2,0,2,0,0,Speaking; Science,1.0,0.4334,0.6342,0.3493,0.4962
17008356,AVIATION,53-2012.00,Commercial Pilots,1,7755,981,3,0,0,3,0,Coordination; Negotiation; Time Management,1.0,0.4846,0.5305,0.4153,0.4487
28020046,AVIATION,53-2012.00,Commercial Pilots,1,7263,877,4,1,1,2,0,Science; Equipment Maintenance; Troubleshooting; Microsoft Publisher,0.75,0.291,0.5,0.2675,0.5
25625173,AVIATION,53-2012.00,Commercial Pilots,1,13793,1798,4,0,3,1,0,Writing; Critical Thinking; Monitoring; Installation,1.0,0.454,0.6295,0.3799,0.5116
29534737,AVIATION,53-2012.00,Commercial Pilots,1,5531,713,1,0,0,1,0,Troubleshooting,1.0,0.2568,0.2568,0.2188,0.2188
17655479,AVIATION,53-2012.00,Commercial Pilots,1,5681,742,0,0,0,0,0,,0.0,0.0,0.0,0.0,0.0
12043694,AVIATION,53-2012.00,Commercial Pilots,1,7894,1042,7,1,2,4,0,Science; Monitoring; Coordination; Installation; Troubleshooting; Time Management; Scheme,0.8571,0.3831,0.5774,0.334,0.5
99416532,AVIATION,53-2012.00,Commercial Pilots,1,5533,752,2,0,1,1,0,Science; Installation,1.0,0.1468,0.2327,0.1269,0.2023
24589765,AVIATION,53-2012.00,Commercial Pilots,1,7108,902,3,1,1,1,1,Science; Coordination; Microsoft Project,0.6667,0.5044,0.75,0.4313,0.6429
31605080,AVIATION,53-2012.00,Commercial Pilots,1,2020,241,2,0,0,2,0,Installation; Troubleshooting,1.0,0.1588,0.2568,0.1351,0.2188
21190805,AVIATION,53-2012.00,Commercial Pilots,1,5074,683,5,4,1,0,1,Science; Facebook; Skype; Twitter; YouTube,0.2,0.4965,0.75,0.469,0.6429
